[INFO] Scanning for projects...
[INFO] 
[INFO] --------------------< com.example:registration-otp >--------------------
[INFO] Building registration-otp 0.0.1-SNAPSHOT
[INFO]   from pom.xml
[INFO] --------------------------------[ jar ]---------------------------------
[INFO] 
[INFO] >>> spring-boot:3.5.11:run (default-cli) > test-compile @ registration-otp >>>
[INFO] 
[INFO] --- resources:3.3.1:resources (default-resources) @ registration-otp ---
[INFO] Copying 2 resources from src\main\resources to target\classes
[INFO] Copying 3 resources from src\main\resources to target\classes
[INFO] 
[INFO] --- compiler:3.14.1:compile (default-compile) @ registration-otp ---
[INFO] Nothing to compile - all classes are up to date.
[INFO] 
[INFO] --- resources:3.3.1:testResources (default-testResources) @ registration-otp ---
[INFO] skip non existing resourceDirectory C:\Users\tnqua\Downloads\springboot\src\test\resources
[INFO] 
[INFO] --- compiler:3.14.1:testCompile (default-testCompile) @ registration-otp ---
[INFO] Nothing to compile - all classes are up to date.
[INFO] 
[INFO] <<< spring-boot:3.5.11:run (default-cli) < test-compile @ registration-otp <<<
[INFO] 
[INFO] 
[INFO] --- spring-boot:3.5.11:run (default-cli) @ registration-otp ---
[INFO] Attaching agents: []

  .   ____          _            __ _ _
 /\\ / ___'_ __ _ _(_)_ __  __ _ \ \ \ \
( ( )\___ | '_ | '_| | '_ \/ _` | \ \ \ \
 \\/  ___)| |_)| | | | | || (_| |  ) ) ) )
  '  |____| .__|_| |_|_| |_\__, | / / / /
 =========|_|==============|___/=/_/_/_/

 :: Spring Boot ::               (v3.5.11)

2026-04-11T11:49:52.900+07:00  INFO 2052 --- [           main] c.e.r.RegistrationOtpApplication         : Starting RegistrationOtpApplication using Java 21.0.5 with PID 2052 (C:\Users\tnqua\Downloads\springboot\target\classes started by tnqua in C:\Users\tnqua\Downloads\springboot)
2026-04-11T11:49:52.900+07:00  INFO 2052 --- [           main] c.e.r.RegistrationOtpApplication         : No active profile set, falling back to 1 default profile: "default"
2026-04-11T11:49:53.557+07:00  INFO 2052 --- [           main] .s.d.r.c.RepositoryConfigurationDelegate : Bootstrapping Spring Data JPA repositories in DEFAULT mode.
2026-04-11T11:49:53.655+07:00  INFO 2052 --- [           main] .s.d.r.c.RepositoryConfigurationDelegate : Finished Spring Data repository scanning in 99 ms. Found 25 JPA repository interfaces.
2026-04-11T11:49:54.040+07:00  INFO 2052 --- [           main] o.s.b.w.embedded.tomcat.TomcatWebServer  : Tomcat initialized with port 8080 (http)
2026-04-11T11:49:54.054+07:00  INFO 2052 --- [           main] o.apache.catalina.core.StandardService   : Starting service [Tomcat]
2026-04-11T11:49:54.054+07:00  INFO 2052 --- [           main] o.apache.catalina.core.StandardEngine    : Starting Servlet engine: [Apache Tomcat/10.1.52]
2026-04-11T11:49:54.103+07:00  INFO 2052 --- [           main] o.a.c.c.C.[Tomcat].[localhost].[/]       : Initializing Spring embedded WebApplicationContext
2026-04-11T11:49:54.103+07:00  INFO 2052 --- [           main] w.s.c.ServletWebServerApplicationContext : Root WebApplicationContext: initialization completed in 1164 ms
2026-04-11T11:49:54.205+07:00  INFO 2052 --- [           main] o.hibernate.jpa.internal.util.LogHelper  : HHH000204: Processing PersistenceUnitInfo [name: default]
2026-04-11T11:49:54.272+07:00  INFO 2052 --- [           main] org.hibernate.Version                    : HHH000412: Hibernate ORM core version 6.6.42.Final
2026-04-11T11:49:54.298+07:00  INFO 2052 --- [           main] o.h.c.internal.RegionFactoryInitiator    : HHH000026: Second-level cache disabled
2026-04-11T11:49:54.511+07:00  INFO 2052 --- [           main] o.s.o.j.p.SpringPersistenceUnitInfo      : No LoadTimeWeaver setup: ignoring JPA class transformer
2026-04-11T11:49:54.521+07:00  INFO 2052 --- [           main] com.zaxxer.hikari.HikariDataSource       : HikariPool-1 - Starting...
2026-04-11T11:49:54.644+07:00  INFO 2052 --- [           main] com.zaxxer.hikari.pool.HikariPool        : HikariPool-1 - Added connection com.mysql.cj.jdbc.ConnectionImpl@553ce348
2026-04-11T11:49:54.644+07:00  INFO 2052 --- [           main] com.zaxxer.hikari.HikariDataSource       : HikariPool-1 - Start completed.
2026-04-11T11:49:54.706+07:00  INFO 2052 --- [           main] org.hibernate.orm.connections.pooling    : HHH10001005: Database info:
	Database JDBC URL [Connecting through datasource 'HikariDataSource (HikariPool-1)']
	Database driver: undefined/unknown
	Database version: 8.0.39
	Autocommit mode: undefined/unknown
	Isolation level: undefined/unknown
	Minimum pool size: undefined/unknown
	Maximum pool size: undefined/unknown
2026-04-11T11:49:55.756+07:00  INFO 2052 --- [           main] o.h.e.t.j.p.i.JtaPlatformInitiator       : HHH000489: No JTA platform available (set 'hibernate.transaction.jta.platform' to enable JTA platform integration)
Hibernate: create table ai_chat_messages (id bigint not null auto_increment, actions_json LONGTEXT not null, content LONGTEXT not null, created_at datetime(6) not null, model varchar(120), references_json LONGTEXT not null, role varchar(20) not null, thread_id bigint not null, primary key (id)) engine=InnoDB
Hibernate: create table ai_chat_threads (id bigint not null auto_increment, created_at datetime(6) not null, last_message_at datetime(6), last_message_preview varchar(500), last_message_role varchar(20), message_count integer not null, title varchar(180) not null, updated_at datetime(6) not null, user_id bigint not null, primary key (id)) engine=InnoDB
Hibernate: alter table carts modify column status enum ('OPEN') not null
Hibernate: alter table content_sections modify column owner_type enum ('DISH','EVENT','NEWS_ARTICLE','STORE') not null
Hibernate: alter table customer_feedbacks modify column category enum ('APP_EXPERIENCE','DELIVERY','GENERAL','ORDER_EXPERIENCE','OTHER','PRODUCT_QUALITY','STORE_SERVICE') not null
Hibernate: alter table customer_feedbacks modify column replied_by_user_role enum ('ADMIN','MANAGER','SHIPPER','STAFF','USER')
Hibernate: alter table email_otps modify column purpose enum ('PASSWORD_RESET','REGISTER_VERIFY')
Hibernate: alter table employee_attendances modify column employee_role enum ('ADMIN','MANAGER','SHIPPER','STAFF','USER') not null
Hibernate: alter table employee_work_schedules modify column employee_role enum ('ADMIN','MANAGER','SHIPPER','STAFF','USER') not null
Hibernate: alter table favorites modify column target_type enum ('DISH','EVENT','STORE') not null
Hibernate: alter table order_scan_audits modify column action enum ('ACCEPT_DELIVERY','ACCEPT_PREPARING') not null
Hibernate: alter table order_scan_audits modify column role enum ('ADMIN','MANAGER','SHIPPER','STAFF','USER')
Hibernate: alter table orders modify column delivery_type enum ('IMMEDIATE','SCHEDULED') not null
Hibernate: alter table orders modify column payment_status enum ('CANCELLED','FAILED','PAID','PENDING') not null
Hibernate: alter table orders modify column promotion_scope enum ('DISH','ORDER')
Hibernate: alter table orders modify column status enum ('CANCELLED','COMPLETED','CONFIRMED','OUT_FOR_DELIVERY','PENDING','PREPARING','READY_FOR_SHIPPER') not null
Hibernate: alter table promotions modify column discount_type enum ('FIXED_AMOUNT','PERCENT') not null
Hibernate: alter table promotions modify column scope enum ('DISH','ORDER') not null
Hibernate: alter table reviews modify column target_type enum ('CATEGORY','DISH','EVENT','STORE') not null
Hibernate: alter table user_notifications modify column type enum ('BRAND_EVENT','NEWS_ARTICLE','ORDER_STATUS','ORDER_TASK') not null
Hibernate: alter table users modify column role enum ('ADMIN','MANAGER','SHIPPER','STAFF','USER') not null
Hibernate: create index idx_ai_chat_messages_thread_created on ai_chat_messages (thread_id, created_at)
Hibernate: create index idx_ai_chat_messages_thread_role on ai_chat_messages (thread_id, role)
Hibernate: create index idx_ai_chat_threads_user_updated on ai_chat_threads (user_id, updated_at)
Hibernate: create index idx_ai_chat_threads_user_created on ai_chat_threads (user_id, created_at)
Hibernate: alter table ai_chat_messages add constraint FKouafb4eq0q2ep7ivou61i7e20 foreign key (thread_id) references ai_chat_threads (id)
Hibernate: alter table ai_chat_threads add constraint FKj5n8yrw10dqrrjv7wm11mujtr foreign key (user_id) references users (id)
2026-04-11T11:49:56.832+07:00  INFO 2052 --- [           main] j.LocalContainerEntityManagerFactoryBean : Initialized JPA EntityManagerFactory for persistence unit 'default'
2026-04-11T11:49:57.573+07:00  INFO 2052 --- [           main] o.s.d.j.r.query.QueryEnhancerFactory     : Hibernate is in classpath; If applicable, HQL parser will be used.
2026-04-11T11:49:58.556+07:00  INFO 2052 --- [           main] o.s.b.w.embedded.tomcat.TomcatWebServer  : Tomcat started on port 8080 (http) with context path '/'
2026-04-11T11:49:58.556+07:00  INFO 2052 --- [           main] c.e.r.RegistrationOtpApplication         : Started RegistrationOtpApplication in 5.934 seconds (process running for 6.139)
2026-04-11T11:50:10.442+07:00  INFO 2052 --- [nio-8080-exec-1] o.a.c.c.C.[Tomcat].[localhost].[/]       : Initializing Spring DispatcherServlet 'dispatcherServlet'
2026-04-11T11:50:10.443+07:00  INFO 2052 --- [nio-8080-exec-1] o.s.web.servlet.DispatcherServlet        : Initializing Servlet 'dispatcherServlet'
2026-04-11T11:50:10.444+07:00  INFO 2052 --- [nio-8080-exec-1] o.s.web.servlet.DispatcherServlet        : Completed initialization in 1 ms
Hibernate: select us1_0.id,us1_0.created_at,us1_0.expires_at,us1_0.token,us1_0.user_id from user_sessions us1_0 where us1_0.token=?
Hibernate: select us1_0.id,us1_0.created_at,us1_0.expires_at,us1_0.token,us1_0.user_id from user_sessions us1_0 where us1_0.token=?
Hibernate: select u1_0.id,u1_0.created_at,u1_0.email,u1_0.enabled,u1_0.full_name,u1_0.password_hash,u1_0.profile_completed,u1_0.role,u1_0.updated_at,u1_0.verified_at,ws1_0.id,ws1_0.active,ws1_0.address,ws1_0.area,ws1_0.close_time,ws1_0.contact_email,ws1_0.created_at,ws1_0.description,ws1_0.design_signature,ws1_0.franchise_mood,ws1_0.highlight_summary,ws1_0.hours_text,ws1_0.latitude,ws1_0.longitude,ws1_0.name,ws1_0.open_time,ws1_0.personality,ws1_0.phone_number,ws1_0.position_label,ws1_0.slug,ws1_0.specialty,ws1_0.updated_at from users u1_0 left join stores ws1_0 on ws1_0.id=u1_0.working_store_id where u1_0.id=?
Hibernate: select u1_0.id,u1_0.created_at,u1_0.email,u1_0.enabled,u1_0.full_name,u1_0.password_hash,u1_0.profile_completed,u1_0.role,u1_0.updated_at,u1_0.verified_at,ws1_0.id,ws1_0.active,ws1_0.address,ws1_0.area,ws1_0.close_time,ws1_0.contact_email,ws1_0.created_at,ws1_0.description,ws1_0.design_signature,ws1_0.franchise_mood,ws1_0.highlight_summary,ws1_0.hours_text,ws1_0.latitude,ws1_0.longitude,ws1_0.name,ws1_0.open_time,ws1_0.personality,ws1_0.phone_number,ws1_0.position_label,ws1_0.slug,ws1_0.specialty,ws1_0.updated_at from users u1_0 left join stores ws1_0 on ws1_0.id=u1_0.working_store_id where u1_0.id=?
Hibernate: select un1_0.id,un1_0.action_url,un1_0.created_at,un1_0.message,un1_0.read_at,un1_0.related_event_id,un1_0.related_event_slug,un1_0.related_news_id,un1_0.related_news_slug,un1_0.related_order_id,un1_0.related_store_id,un1_0.related_store_name,un1_0.title,un1_0.type,un1_0.user_id from user_notifications un1_0 join users u1_0 on u1_0.id=un1_0.user_id where u1_0.id=? order by un1_0.created_at desc limit ?
Hibernate: select count(un1_0.id) from user_notifications un1_0 join users u1_0 on u1_0.id=un1_0.user_id where u1_0.id=? and un1_0.read_at is null
Hibernate: select count(un1_0.id) from user_notifications un1_0 join users u1_0 on u1_0.id=un1_0.user_id where u1_0.id=?
Hibernate: select us1_0.id,us1_0.created_at,us1_0.expires_at,us1_0.token,us1_0.user_id from user_sessions us1_0 where us1_0.token=?
Hibernate: select us1_0.id,us1_0.created_at,us1_0.expires_at,us1_0.token,us1_0.user_id from user_sessions us1_0 where us1_0.token=?
Hibernate: select us1_0.id,us1_0.created_at,us1_0.expires_at,us1_0.token,us1_0.user_id from user_sessions us1_0 where us1_0.token=?
Hibernate: select us1_0.id,us1_0.created_at,us1_0.expires_at,us1_0.token,us1_0.user_id from user_sessions us1_0 where us1_0.token=?
Hibernate: select us1_0.id,us1_0.created_at,us1_0.expires_at,us1_0.token,us1_0.user_id from user_sessions us1_0 where us1_0.token=?
Hibernate: select u1_0.id,u1_0.created_at,u1_0.email,u1_0.enabled,u1_0.full_name,u1_0.password_hash,u1_0.profile_completed,u1_0.role,u1_0.updated_at,u1_0.verified_at,ws1_0.id,ws1_0.active,ws1_0.address,ws1_0.area,ws1_0.close_time,ws1_0.contact_email,ws1_0.created_at,ws1_0.description,ws1_0.design_signature,ws1_0.franchise_mood,ws1_0.highlight_summary,ws1_0.hours_text,ws1_0.latitude,ws1_0.longitude,ws1_0.name,ws1_0.open_time,ws1_0.personality,ws1_0.phone_number,ws1_0.position_label,ws1_0.slug,ws1_0.specialty,ws1_0.updated_at from users u1_0 left join stores ws1_0 on ws1_0.id=u1_0.working_store_id where u1_0.id=?
Hibernate: select u1_0.id,u1_0.created_at,u1_0.email,u1_0.enabled,u1_0.full_name,u1_0.password_hash,u1_0.profile_completed,u1_0.role,u1_0.updated_at,u1_0.verified_at,ws1_0.id,ws1_0.active,ws1_0.address,ws1_0.area,ws1_0.close_time,ws1_0.contact_email,ws1_0.created_at,ws1_0.description,ws1_0.design_signature,ws1_0.franchise_mood,ws1_0.highlight_summary,ws1_0.hours_text,ws1_0.latitude,ws1_0.longitude,ws1_0.name,ws1_0.open_time,ws1_0.personality,ws1_0.phone_number,ws1_0.position_label,ws1_0.slug,ws1_0.specialty,ws1_0.updated_at from users u1_0 left join stores ws1_0 on ws1_0.id=u1_0.working_store_id where u1_0.id=?
Hibernate: select count(un1_0.id) from user_notifications un1_0 join users u1_0 on u1_0.id=un1_0.user_id where u1_0.id=? and un1_0.read_at is null
Hibernate: select un1_0.id,un1_0.action_url,un1_0.created_at,un1_0.message,un1_0.read_at,un1_0.related_event_id,un1_0.related_event_slug,un1_0.related_news_id,un1_0.related_news_slug,un1_0.related_order_id,un1_0.related_store_id,un1_0.related_store_name,un1_0.title,un1_0.type,un1_0.user_id from user_notifications un1_0 join users u1_0 on u1_0.id=un1_0.user_id where u1_0.id=? order by un1_0.created_at desc limit ?
Hibernate: select count(un1_0.id) from user_notifications un1_0 join users u1_0 on u1_0.id=un1_0.user_id where u1_0.id=?
Hibernate: select us1_0.id,us1_0.created_at,us1_0.expires_at,us1_0.token,us1_0.user_id from user_sessions us1_0 where us1_0.token=?
Hibernate: select u1_0.id,u1_0.created_at,u1_0.email,u1_0.enabled,u1_0.full_name,u1_0.password_hash,u1_0.profile_completed,u1_0.role,u1_0.updated_at,u1_0.verified_at,ws1_0.id,ws1_0.active,ws1_0.address,ws1_0.area,ws1_0.close_time,ws1_0.contact_email,ws1_0.created_at,ws1_0.description,ws1_0.design_signature,ws1_0.franchise_mood,ws1_0.highlight_summary,ws1_0.hours_text,ws1_0.latitude,ws1_0.longitude,ws1_0.name,ws1_0.open_time,ws1_0.personality,ws1_0.phone_number,ws1_0.position_label,ws1_0.slug,ws1_0.specialty,ws1_0.updated_at from users u1_0 left join stores ws1_0 on ws1_0.id=u1_0.working_store_id where u1_0.id=?
Hibernate: select us1_0.id,us1_0.created_at,us1_0.expires_at,us1_0.token,us1_0.user_id from user_sessions us1_0 where us1_0.token=?
Hibernate: select us1_0.id,us1_0.created_at,us1_0.expires_at,us1_0.token,us1_0.user_id from user_sessions us1_0 where us1_0.token=?
Hibernate: select us1_0.id,us1_0.created_at,us1_0.expires_at,us1_0.token,us1_0.user_id from user_sessions us1_0 where us1_0.token=?
Hibernate: select us1_0.id,us1_0.created_at,us1_0.expires_at,us1_0.token,us1_0.user_id from user_sessions us1_0 where us1_0.token=?
Hibernate: select u1_0.id,u1_0.created_at,u1_0.email,u1_0.enabled,u1_0.full_name,u1_0.password_hash,u1_0.profile_completed,u1_0.role,u1_0.updated_at,u1_0.verified_at,ws1_0.id,ws1_0.active,ws1_0.address,ws1_0.area,ws1_0.close_time,ws1_0.contact_email,ws1_0.created_at,ws1_0.description,ws1_0.design_signature,ws1_0.franchise_mood,ws1_0.highlight_summary,ws1_0.hours_text,ws1_0.latitude,ws1_0.longitude,ws1_0.name,ws1_0.open_time,ws1_0.personality,ws1_0.phone_number,ws1_0.position_label,ws1_0.slug,ws1_0.specialty,ws1_0.updated_at from users u1_0 left join stores ws1_0 on ws1_0.id=u1_0.working_store_id where u1_0.id=?
Hibernate: select u1_0.id,u1_0.created_at,u1_0.email,u1_0.enabled,u1_0.full_name,u1_0.password_hash,u1_0.profile_completed,u1_0.role,u1_0.updated_at,u1_0.verified_at,ws1_0.id,ws1_0.active,ws1_0.address,ws1_0.area,ws1_0.close_time,ws1_0.contact_email,ws1_0.created_at,ws1_0.description,ws1_0.design_signature,ws1_0.franchise_mood,ws1_0.highlight_summary,ws1_0.hours_text,ws1_0.latitude,ws1_0.longitude,ws1_0.name,ws1_0.open_time,ws1_0.personality,ws1_0.phone_number,ws1_0.position_label,ws1_0.slug,ws1_0.specialty,ws1_0.updated_at from users u1_0 left join stores ws1_0 on ws1_0.id=u1_0.working_store_id where u1_0.id=?
Hibernate: select u1_0.id,u1_0.created_at,u1_0.email,u1_0.enabled,u1_0.full_name,u1_0.password_hash,u1_0.profile_completed,u1_0.role,u1_0.updated_at,u1_0.verified_at,ws1_0.id,ws1_0.active,ws1_0.address,ws1_0.area,ws1_0.close_time,ws1_0.contact_email,ws1_0.created_at,ws1_0.description,ws1_0.design_signature,ws1_0.franchise_mood,ws1_0.highlight_summary,ws1_0.hours_text,ws1_0.latitude,ws1_0.longitude,ws1_0.name,ws1_0.open_time,ws1_0.personality,ws1_0.phone_number,ws1_0.position_label,ws1_0.slug,ws1_0.specialty,ws1_0.updated_at from users u1_0 left join stores ws1_0 on ws1_0.id=u1_0.working_store_id where u1_0.id=?
Hibernate: select u1_0.id,u1_0.created_at,u1_0.email,u1_0.enabled,u1_0.full_name,u1_0.password_hash,u1_0.profile_completed,u1_0.role,u1_0.updated_at,u1_0.verified_at,ws1_0.id,ws1_0.active,ws1_0.address,ws1_0.area,ws1_0.close_time,ws1_0.contact_email,ws1_0.created_at,ws1_0.description,ws1_0.design_signature,ws1_0.franchise_mood,ws1_0.highlight_summary,ws1_0.hours_text,ws1_0.latitude,ws1_0.longitude,ws1_0.name,ws1_0.open_time,ws1_0.personality,ws1_0.phone_number,ws1_0.position_label,ws1_0.slug,ws1_0.specialty,ws1_0.updated_at from users u1_0 left join stores ws1_0 on ws1_0.id=u1_0.working_store_id where u1_0.id=?
Hibernate: select us1_0.id,us1_0.created_at,us1_0.expires_at,us1_0.token,us1_0.user_id from user_sessions us1_0 where us1_0.token=?
Hibernate: select us1_0.id,us1_0.created_at,us1_0.expires_at,us1_0.token,us1_0.user_id from user_sessions us1_0 where us1_0.token=?
Hibernate: select count(un1_0.id) from user_notifications un1_0 join users u1_0 on u1_0.id=un1_0.user_id where u1_0.id=? and un1_0.read_at is null
Hibernate: select cf1_0.id,cf1_0.category,cf1_0.created_at,cf1_0.message,cf1_0.related_order_id,cf1_0.related_store_id,cf1_0.replied_at,cf1_0.replied_by_user_id,cf1_0.replied_by_user_name,cf1_0.replied_by_user_role,cf1_0.reply_message,cf1_0.subject,cf1_0.updated_at,cf1_0.user_id from customer_feedbacks cf1_0 join users u1_0 on u1_0.id=cf1_0.user_id where u1_0.id=? order by cf1_0.created_at desc limit ?
Hibernate: select act1_0.id,act1_0.created_at,act1_0.last_message_at,act1_0.last_message_preview,act1_0.last_message_role,act1_0.message_count,act1_0.title,act1_0.updated_at,act1_0.user_id from ai_chat_threads act1_0 join users u1_0 on u1_0.id=act1_0.user_id where u1_0.id=? order by act1_0.updated_at desc limit ?
Hibernate: select u1_0.id,u1_0.created_at,u1_0.email,u1_0.enabled,u1_0.full_name,u1_0.password_hash,u1_0.profile_completed,u1_0.role,u1_0.updated_at,u1_0.verified_at,ws1_0.id,ws1_0.active,ws1_0.address,ws1_0.area,ws1_0.close_time,ws1_0.contact_email,ws1_0.created_at,ws1_0.description,ws1_0.design_signature,ws1_0.franchise_mood,ws1_0.highlight_summary,ws1_0.hours_text,ws1_0.latitude,ws1_0.longitude,ws1_0.name,ws1_0.open_time,ws1_0.personality,ws1_0.phone_number,ws1_0.position_label,ws1_0.slug,ws1_0.specialty,ws1_0.updated_at from users u1_0 left join stores ws1_0 on ws1_0.id=u1_0.working_store_id where u1_0.id=?
Hibernate: select u1_0.id,u1_0.created_at,u1_0.email,u1_0.enabled,u1_0.full_name,u1_0.password_hash,u1_0.profile_completed,u1_0.role,u1_0.updated_at,u1_0.verified_at,ws1_0.id,ws1_0.active,ws1_0.address,ws1_0.area,ws1_0.close_time,ws1_0.contact_email,ws1_0.created_at,ws1_0.description,ws1_0.design_signature,ws1_0.franchise_mood,ws1_0.highlight_summary,ws1_0.hours_text,ws1_0.latitude,ws1_0.longitude,ws1_0.name,ws1_0.open_time,ws1_0.personality,ws1_0.phone_number,ws1_0.position_label,ws1_0.slug,ws1_0.specialty,ws1_0.updated_at from users u1_0 left join stores ws1_0 on ws1_0.id=u1_0.working_store_id where u1_0.id=?
Hibernate: select f1_0.id,f1_0.created_at,f1_0.target_id,f1_0.target_type,f1_0.user_id from favorites f1_0 join users u1_0 on u1_0.id=f1_0.user_id where u1_0.id=?
Hibernate: select un1_0.id,un1_0.action_url,un1_0.created_at,un1_0.message,un1_0.read_at,un1_0.related_event_id,un1_0.related_event_slug,un1_0.related_news_id,un1_0.related_news_slug,un1_0.related_order_id,un1_0.related_store_id,un1_0.related_store_name,un1_0.title,un1_0.type,un1_0.user_id from user_notifications un1_0 join users u1_0 on u1_0.id=un1_0.user_id where u1_0.id=? order by un1_0.created_at desc limit ?
Hibernate: select us1_0.id,us1_0.created_at,us1_0.expires_at,us1_0.token,us1_0.user_id from user_sessions us1_0 where us1_0.token=?
Hibernate: select us1_0.id,us1_0.created_at,us1_0.expires_at,us1_0.token,us1_0.user_id from user_sessions us1_0 where us1_0.token=?
Hibernate: select count(un1_0.id) from user_notifications un1_0 join users u1_0 on u1_0.id=un1_0.user_id where u1_0.id=?
Hibernate: select u1_0.id,u1_0.created_at,u1_0.email,u1_0.enabled,u1_0.full_name,u1_0.password_hash,u1_0.profile_completed,u1_0.role,u1_0.updated_at,u1_0.verified_at,ws1_0.id,ws1_0.active,ws1_0.address,ws1_0.area,ws1_0.close_time,ws1_0.contact_email,ws1_0.created_at,ws1_0.description,ws1_0.design_signature,ws1_0.franchise_mood,ws1_0.highlight_summary,ws1_0.hours_text,ws1_0.latitude,ws1_0.longitude,ws1_0.name,ws1_0.open_time,ws1_0.personality,ws1_0.phone_number,ws1_0.position_label,ws1_0.slug,ws1_0.specialty,ws1_0.updated_at from users u1_0 left join stores ws1_0 on ws1_0.id=u1_0.working_store_id where u1_0.id=?
Hibernate: select u1_0.id,u1_0.created_at,u1_0.email,u1_0.enabled,u1_0.full_name,u1_0.password_hash,u1_0.profile_completed,u1_0.role,u1_0.updated_at,u1_0.verified_at,ws1_0.id,ws1_0.active,ws1_0.address,ws1_0.area,ws1_0.close_time,ws1_0.contact_email,ws1_0.created_at,ws1_0.description,ws1_0.design_signature,ws1_0.franchise_mood,ws1_0.highlight_summary,ws1_0.hours_text,ws1_0.latitude,ws1_0.longitude,ws1_0.name,ws1_0.open_time,ws1_0.personality,ws1_0.phone_number,ws1_0.position_label,ws1_0.slug,ws1_0.specialty,ws1_0.updated_at from users u1_0 left join stores ws1_0 on ws1_0.id=u1_0.working_store_id where u1_0.id=?
Hibernate: select uda1_0.id,uda1_0.created_at,uda1_0.delivery_address,uda1_0.full_name,uda1_0.last_used_at,uda1_0.phone_number,uda1_0.is_primary,uda1_0.updated_at,uda1_0.user_id,uda1_0.verified_at from user_delivery_addresses uda1_0 join users u1_0 on u1_0.id=uda1_0.user_id where u1_0.id=? order by uda1_0.updated_at desc
Hibernate: select r1_0.id,r1_0.approved,r1_0.comment,r1_0.created_at,r1_0.rating,r1_0.target_id,r1_0.target_type,r1_0.title,r1_0.updated_at,r1_0.user_id from reviews r1_0
Hibernate: select u1_0.id,u1_0.created_at,u1_0.email,u1_0.enabled,u1_0.full_name,u1_0.password_hash,u1_0.profile_completed,u1_0.role,u1_0.updated_at,u1_0.verified_at,ws1_0.id,ws1_0.active,ws1_0.address,ws1_0.area,ws1_0.close_time,ws1_0.contact_email,ws1_0.created_at,ws1_0.description,ws1_0.design_signature,ws1_0.franchise_mood,ws1_0.highlight_summary,ws1_0.hours_text,ws1_0.latitude,ws1_0.longitude,ws1_0.name,ws1_0.open_time,ws1_0.personality,ws1_0.phone_number,ws1_0.position_label,ws1_0.slug,ws1_0.specialty,ws1_0.updated_at from users u1_0 left join stores ws1_0 on ws1_0.id=u1_0.working_store_id where u1_0.id=?
Hibernate: select u1_0.id,u1_0.created_at,u1_0.email,u1_0.enabled,u1_0.full_name,u1_0.password_hash,u1_0.profile_completed,u1_0.role,u1_0.updated_at,u1_0.verified_at,ws1_0.id,ws1_0.active,ws1_0.address,ws1_0.area,ws1_0.close_time,ws1_0.contact_email,ws1_0.created_at,ws1_0.description,ws1_0.design_signature,ws1_0.franchise_mood,ws1_0.highlight_summary,ws1_0.hours_text,ws1_0.latitude,ws1_0.longitude,ws1_0.name,ws1_0.open_time,ws1_0.personality,ws1_0.phone_number,ws1_0.position_label,ws1_0.slug,ws1_0.specialty,ws1_0.updated_at from users u1_0 left join stores ws1_0 on ws1_0.id=u1_0.working_store_id where u1_0.id=?
Hibernate: select u1_0.id,u1_0.created_at,u1_0.email,u1_0.enabled,u1_0.full_name,u1_0.password_hash,u1_0.profile_completed,u1_0.role,u1_0.updated_at,u1_0.verified_at,ws1_0.id,ws1_0.active,ws1_0.address,ws1_0.area,ws1_0.close_time,ws1_0.contact_email,ws1_0.created_at,ws1_0.description,ws1_0.design_signature,ws1_0.franchise_mood,ws1_0.highlight_summary,ws1_0.hours_text,ws1_0.latitude,ws1_0.longitude,ws1_0.name,ws1_0.open_time,ws1_0.personality,ws1_0.phone_number,ws1_0.position_label,ws1_0.slug,ws1_0.specialty,ws1_0.updated_at from users u1_0 left join stores ws1_0 on ws1_0.id=u1_0.working_store_id where u1_0.id=?
Hibernate: select c1_0.id,c1_0.created_at,c1_0.status,c1_0.updated_at,c1_0.user_id from carts c1_0 join users u1_0 on u1_0.id=c1_0.user_id where u1_0.id=? and c1_0.status=?
Hibernate: select ci1_0.id,ci1_0.cart_id,ci1_0.created_at,ci1_0.dish_id,ci1_0.quantity,ci1_0.store_id,ci1_0.unit_price,ci1_0.updated_at from cart_items ci1_0 join carts c1_0 on c1_0.id=ci1_0.cart_id where c1_0.id=?
Hibernate: select u1_0.id,u1_0.created_at,u1_0.email,u1_0.enabled,u1_0.full_name,u1_0.password_hash,u1_0.profile_completed,u1_0.role,u1_0.updated_at,u1_0.verified_at,ws1_0.id,ws1_0.active,ws1_0.address,ws1_0.area,ws1_0.close_time,ws1_0.contact_email,ws1_0.created_at,ws1_0.description,ws1_0.design_signature,ws1_0.franchise_mood,ws1_0.highlight_summary,ws1_0.hours_text,ws1_0.latitude,ws1_0.longitude,ws1_0.name,ws1_0.open_time,ws1_0.personality,ws1_0.phone_number,ws1_0.position_label,ws1_0.slug,ws1_0.specialty,ws1_0.updated_at from users u1_0 left join stores ws1_0 on ws1_0.id=u1_0.working_store_id where u1_0.id=?
Hibernate: select d1_0.id,d1_0.active,d1_0.available,d1_0.category_id,c1_0.id,c1_0.active,c1_0.created_at,c1_0.description,c1_0.name,c1_0.sort_order,s1_0.id,s1_0.active,s1_0.address,s1_0.area,s1_0.close_time,s1_0.contact_email,s1_0.created_at,s1_0.description,s1_0.design_signature,s1_0.franchise_mood,s1_0.highlight_summary,s1_0.hours_text,s1_0.latitude,s1_0.longitude,s1_0.name,s1_0.open_time,s1_0.personality,s1_0.phone_number,s1_0.position_label,s1_0.slug,s1_0.specialty,s1_0.updated_at,c1_0.updated_at,d1_0.created_at,d1_0.description,d1_0.franchise_note,d1_0.franchise_required,d1_0.highlight_summary,d1_0.name,d1_0.note,d1_0.price,d1_0.status,d1_0.updated_at from dishes d1_0 join categories c1_0 on c1_0.id=d1_0.category_id left join stores s1_0 on s1_0.id=c1_0.store_id where d1_0.id=?
Hibernate: select u1_0.id,u1_0.created_at,u1_0.email,u1_0.enabled,u1_0.full_name,u1_0.password_hash,u1_0.profile_completed,u1_0.role,u1_0.updated_at,u1_0.verified_at,ws1_0.id,ws1_0.active,ws1_0.address,ws1_0.area,ws1_0.close_time,ws1_0.contact_email,ws1_0.created_at,ws1_0.description,ws1_0.design_signature,ws1_0.franchise_mood,ws1_0.highlight_summary,ws1_0.hours_text,ws1_0.latitude,ws1_0.longitude,ws1_0.name,ws1_0.open_time,ws1_0.personality,ws1_0.phone_number,ws1_0.position_label,ws1_0.slug,ws1_0.specialty,ws1_0.updated_at from users u1_0 left join stores ws1_0 on ws1_0.id=u1_0.working_store_id where u1_0.id=?
Hibernate: select u1_0.id,u1_0.created_at,u1_0.email,u1_0.enabled,u1_0.full_name,u1_0.password_hash,u1_0.profile_completed,u1_0.role,u1_0.updated_at,u1_0.verified_at,ws1_0.id,ws1_0.active,ws1_0.address,ws1_0.area,ws1_0.close_time,ws1_0.contact_email,ws1_0.created_at,ws1_0.description,ws1_0.design_signature,ws1_0.franchise_mood,ws1_0.highlight_summary,ws1_0.hours_text,ws1_0.latitude,ws1_0.longitude,ws1_0.name,ws1_0.open_time,ws1_0.personality,ws1_0.phone_number,ws1_0.position_label,ws1_0.slug,ws1_0.specialty,ws1_0.updated_at from users u1_0 left join stores ws1_0 on ws1_0.id=u1_0.working_store_id where u1_0.id=?
Hibernate: select d1_0.id,d1_0.active,d1_0.available,d1_0.category_id,c1_0.id,c1_0.active,c1_0.created_at,c1_0.description,c1_0.name,c1_0.sort_order,s1_0.id,s1_0.active,s1_0.address,s1_0.area,s1_0.close_time,s1_0.contact_email,s1_0.created_at,s1_0.description,s1_0.design_signature,s1_0.franchise_mood,s1_0.highlight_summary,s1_0.hours_text,s1_0.latitude,s1_0.longitude,s1_0.name,s1_0.open_time,s1_0.personality,s1_0.phone_number,s1_0.position_label,s1_0.slug,s1_0.specialty,s1_0.updated_at,c1_0.updated_at,d1_0.created_at,d1_0.description,d1_0.franchise_note,d1_0.franchise_required,d1_0.highlight_summary,d1_0.name,d1_0.note,d1_0.price,d1_0.status,d1_0.updated_at from dishes d1_0 join categories c1_0 on c1_0.id=d1_0.category_id left join stores s1_0 on s1_0.id=c1_0.store_id where d1_0.id=?
Hibernate: select u1_0.id,u1_0.created_at,u1_0.email,u1_0.enabled,u1_0.full_name,u1_0.password_hash,u1_0.profile_completed,u1_0.role,u1_0.updated_at,u1_0.verified_at,ws1_0.id,ws1_0.active,ws1_0.address,ws1_0.area,ws1_0.close_time,ws1_0.contact_email,ws1_0.created_at,ws1_0.description,ws1_0.design_signature,ws1_0.franchise_mood,ws1_0.highlight_summary,ws1_0.hours_text,ws1_0.latitude,ws1_0.longitude,ws1_0.name,ws1_0.open_time,ws1_0.personality,ws1_0.phone_number,ws1_0.position_label,ws1_0.slug,ws1_0.specialty,ws1_0.updated_at from users u1_0 left join stores ws1_0 on ws1_0.id=u1_0.working_store_id where u1_0.id=?
Hibernate: select u1_0.id,u1_0.created_at,u1_0.email,u1_0.enabled,u1_0.full_name,u1_0.password_hash,u1_0.profile_completed,u1_0.role,u1_0.updated_at,u1_0.verified_at,ws1_0.id,ws1_0.active,ws1_0.address,ws1_0.area,ws1_0.close_time,ws1_0.contact_email,ws1_0.created_at,ws1_0.description,ws1_0.design_signature,ws1_0.franchise_mood,ws1_0.highlight_summary,ws1_0.hours_text,ws1_0.latitude,ws1_0.longitude,ws1_0.name,ws1_0.open_time,ws1_0.personality,ws1_0.phone_number,ws1_0.position_label,ws1_0.slug,ws1_0.specialty,ws1_0.updated_at from users u1_0 left join stores ws1_0 on ws1_0.id=u1_0.working_store_id where u1_0.id=?
Hibernate: select u1_0.id,u1_0.created_at,u1_0.email,u1_0.enabled,u1_0.full_name,u1_0.password_hash,u1_0.profile_completed,u1_0.role,u1_0.updated_at,u1_0.verified_at,ws1_0.id,ws1_0.active,ws1_0.address,ws1_0.area,ws1_0.close_time,ws1_0.contact_email,ws1_0.created_at,ws1_0.description,ws1_0.design_signature,ws1_0.franchise_mood,ws1_0.highlight_summary,ws1_0.hours_text,ws1_0.latitude,ws1_0.longitude,ws1_0.name,ws1_0.open_time,ws1_0.personality,ws1_0.phone_number,ws1_0.position_label,ws1_0.slug,ws1_0.specialty,ws1_0.updated_at from users u1_0 left join stores ws1_0 on ws1_0.id=u1_0.working_store_id where u1_0.id=?
Hibernate: select u1_0.id,u1_0.created_at,u1_0.email,u1_0.enabled,u1_0.full_name,u1_0.password_hash,u1_0.profile_completed,u1_0.role,u1_0.updated_at,u1_0.verified_at,ws1_0.id,ws1_0.active,ws1_0.address,ws1_0.area,ws1_0.close_time,ws1_0.contact_email,ws1_0.created_at,ws1_0.description,ws1_0.design_signature,ws1_0.franchise_mood,ws1_0.highlight_summary,ws1_0.hours_text,ws1_0.latitude,ws1_0.longitude,ws1_0.name,ws1_0.open_time,ws1_0.personality,ws1_0.phone_number,ws1_0.position_label,ws1_0.slug,ws1_0.specialty,ws1_0.updated_at from users u1_0 left join stores ws1_0 on ws1_0.id=u1_0.working_store_id where u1_0.id=?
Hibernate: select u1_0.id,u1_0.created_at,u1_0.email,u1_0.enabled,u1_0.full_name,u1_0.password_hash,u1_0.profile_completed,u1_0.role,u1_0.updated_at,u1_0.verified_at,ws1_0.id,ws1_0.active,ws1_0.address,ws1_0.area,ws1_0.close_time,ws1_0.contact_email,ws1_0.created_at,ws1_0.description,ws1_0.design_signature,ws1_0.franchise_mood,ws1_0.highlight_summary,ws1_0.hours_text,ws1_0.latitude,ws1_0.longitude,ws1_0.name,ws1_0.open_time,ws1_0.personality,ws1_0.phone_number,ws1_0.position_label,ws1_0.slug,ws1_0.specialty,ws1_0.updated_at from users u1_0 left join stores ws1_0 on ws1_0.id=u1_0.working_store_id where u1_0.id=?
Hibernate: select u1_0.id,u1_0.created_at,u1_0.email,u1_0.enabled,u1_0.full_name,u1_0.password_hash,u1_0.profile_completed,u1_0.role,u1_0.updated_at,u1_0.verified_at,ws1_0.id,ws1_0.active,ws1_0.address,ws1_0.area,ws1_0.close_time,ws1_0.contact_email,ws1_0.created_at,ws1_0.description,ws1_0.design_signature,ws1_0.franchise_mood,ws1_0.highlight_summary,ws1_0.hours_text,ws1_0.latitude,ws1_0.longitude,ws1_0.name,ws1_0.open_time,ws1_0.personality,ws1_0.phone_number,ws1_0.position_label,ws1_0.slug,ws1_0.specialty,ws1_0.updated_at from users u1_0 left join stores ws1_0 on ws1_0.id=u1_0.working_store_id where u1_0.id=?
Hibernate: select sd1_0.id,sd1_0.available,sd1_0.created_at,sd1_0.dish_id,sd1_0.price_override,sd1_0.quantity,sd1_0.store_id,sd1_0.updated_at from store_dishes sd1_0 join stores s1_0 on s1_0.id=sd1_0.store_id join dishes d1_0 on d1_0.id=sd1_0.dish_id where s1_0.id=? and d1_0.id=?
Hibernate: select u1_0.id,u1_0.created_at,u1_0.email,u1_0.enabled,u1_0.full_name,u1_0.password_hash,u1_0.profile_completed,u1_0.role,u1_0.updated_at,u1_0.verified_at,ws1_0.id,ws1_0.active,ws1_0.address,ws1_0.area,ws1_0.close_time,ws1_0.contact_email,ws1_0.created_at,ws1_0.description,ws1_0.design_signature,ws1_0.franchise_mood,ws1_0.highlight_summary,ws1_0.hours_text,ws1_0.latitude,ws1_0.longitude,ws1_0.name,ws1_0.open_time,ws1_0.personality,ws1_0.phone_number,ws1_0.position_label,ws1_0.slug,ws1_0.specialty,ws1_0.updated_at from users u1_0 left join stores ws1_0 on ws1_0.id=u1_0.working_store_id where u1_0.id=?
Hibernate: select u1_0.id,u1_0.created_at,u1_0.email,u1_0.enabled,u1_0.full_name,u1_0.password_hash,u1_0.profile_completed,u1_0.role,u1_0.updated_at,u1_0.verified_at,ws1_0.id,ws1_0.active,ws1_0.address,ws1_0.area,ws1_0.close_time,ws1_0.contact_email,ws1_0.created_at,ws1_0.description,ws1_0.design_signature,ws1_0.franchise_mood,ws1_0.highlight_summary,ws1_0.hours_text,ws1_0.latitude,ws1_0.longitude,ws1_0.name,ws1_0.open_time,ws1_0.personality,ws1_0.phone_number,ws1_0.position_label,ws1_0.slug,ws1_0.specialty,ws1_0.updated_at from users u1_0 left join stores ws1_0 on ws1_0.id=u1_0.working_store_id where u1_0.id=?
Hibernate: select u1_0.id,u1_0.created_at,u1_0.email,u1_0.enabled,u1_0.full_name,u1_0.password_hash,u1_0.profile_completed,u1_0.role,u1_0.updated_at,u1_0.verified_at,ws1_0.id,ws1_0.active,ws1_0.address,ws1_0.area,ws1_0.close_time,ws1_0.contact_email,ws1_0.created_at,ws1_0.description,ws1_0.design_signature,ws1_0.franchise_mood,ws1_0.highlight_summary,ws1_0.hours_text,ws1_0.latitude,ws1_0.longitude,ws1_0.name,ws1_0.open_time,ws1_0.personality,ws1_0.phone_number,ws1_0.position_label,ws1_0.slug,ws1_0.specialty,ws1_0.updated_at from users u1_0 left join stores ws1_0 on ws1_0.id=u1_0.working_store_id where u1_0.id=?
Hibernate: select ip1_0.dish_id,ip1_0.sort_order,ip1_0.image_path from dish_image_paths ip1_0 where ip1_0.dish_id=?
Hibernate: select u1_0.id,u1_0.created_at,u1_0.email,u1_0.enabled,u1_0.full_name,u1_0.password_hash,u1_0.profile_completed,u1_0.role,u1_0.updated_at,u1_0.verified_at,ws1_0.id,ws1_0.active,ws1_0.address,ws1_0.area,ws1_0.close_time,ws1_0.contact_email,ws1_0.created_at,ws1_0.description,ws1_0.design_signature,ws1_0.franchise_mood,ws1_0.highlight_summary,ws1_0.hours_text,ws1_0.latitude,ws1_0.longitude,ws1_0.name,ws1_0.open_time,ws1_0.personality,ws1_0.phone_number,ws1_0.position_label,ws1_0.slug,ws1_0.specialty,ws1_0.updated_at from users u1_0 left join stores ws1_0 on ws1_0.id=u1_0.working_store_id where u1_0.id=?
Hibernate: select u1_0.id,u1_0.created_at,u1_0.email,u1_0.enabled,u1_0.full_name,u1_0.password_hash,u1_0.profile_completed,u1_0.role,u1_0.updated_at,u1_0.verified_at,ws1_0.id,ws1_0.active,ws1_0.address,ws1_0.area,ws1_0.close_time,ws1_0.contact_email,ws1_0.created_at,ws1_0.description,ws1_0.design_signature,ws1_0.franchise_mood,ws1_0.highlight_summary,ws1_0.hours_text,ws1_0.latitude,ws1_0.longitude,ws1_0.name,ws1_0.open_time,ws1_0.personality,ws1_0.phone_number,ws1_0.position_label,ws1_0.slug,ws1_0.specialty,ws1_0.updated_at from users u1_0 left join stores ws1_0 on ws1_0.id=u1_0.working_store_id where u1_0.id=?
Hibernate: select u1_0.id,u1_0.created_at,u1_0.email,u1_0.enabled,u1_0.full_name,u1_0.password_hash,u1_0.profile_completed,u1_0.role,u1_0.updated_at,u1_0.verified_at,ws1_0.id,ws1_0.active,ws1_0.address,ws1_0.area,ws1_0.close_time,ws1_0.contact_email,ws1_0.created_at,ws1_0.description,ws1_0.design_signature,ws1_0.franchise_mood,ws1_0.highlight_summary,ws1_0.hours_text,ws1_0.latitude,ws1_0.longitude,ws1_0.name,ws1_0.open_time,ws1_0.personality,ws1_0.phone_number,ws1_0.position_label,ws1_0.slug,ws1_0.specialty,ws1_0.updated_at from users u1_0 left join stores ws1_0 on ws1_0.id=u1_0.working_store_id where u1_0.id=?
Hibernate: select u1_0.id,u1_0.created_at,u1_0.email,u1_0.enabled,u1_0.full_name,u1_0.password_hash,u1_0.profile_completed,u1_0.role,u1_0.updated_at,u1_0.verified_at,ws1_0.id,ws1_0.active,ws1_0.address,ws1_0.area,ws1_0.close_time,ws1_0.contact_email,ws1_0.created_at,ws1_0.description,ws1_0.design_signature,ws1_0.franchise_mood,ws1_0.highlight_summary,ws1_0.hours_text,ws1_0.latitude,ws1_0.longitude,ws1_0.name,ws1_0.open_time,ws1_0.personality,ws1_0.phone_number,ws1_0.position_label,ws1_0.slug,ws1_0.specialty,ws1_0.updated_at from users u1_0 left join stores ws1_0 on ws1_0.id=u1_0.working_store_id where u1_0.id=?
Hibernate: select u1_0.id,u1_0.created_at,u1_0.email,u1_0.enabled,u1_0.full_name,u1_0.password_hash,u1_0.profile_completed,u1_0.role,u1_0.updated_at,u1_0.verified_at,ws1_0.id,ws1_0.active,ws1_0.address,ws1_0.area,ws1_0.close_time,ws1_0.contact_email,ws1_0.created_at,ws1_0.description,ws1_0.design_signature,ws1_0.franchise_mood,ws1_0.highlight_summary,ws1_0.hours_text,ws1_0.latitude,ws1_0.longitude,ws1_0.name,ws1_0.open_time,ws1_0.personality,ws1_0.phone_number,ws1_0.position_label,ws1_0.slug,ws1_0.specialty,ws1_0.updated_at from users u1_0 left join stores ws1_0 on ws1_0.id=u1_0.working_store_id where u1_0.id=?
Hibernate: select sd1_0.id,sd1_0.available,sd1_0.created_at,sd1_0.dish_id,sd1_0.price_override,sd1_0.quantity,sd1_0.store_id,sd1_0.updated_at from store_dishes sd1_0 join stores s1_0 on s1_0.id=sd1_0.store_id join dishes d1_0 on d1_0.id=sd1_0.dish_id where s1_0.id=? and d1_0.id=?
Hibernate: select ip1_0.dish_id,ip1_0.sort_order,ip1_0.image_path from dish_image_paths ip1_0 where ip1_0.dish_id=?
Hibernate: select us1_0.id,us1_0.created_at,us1_0.expires_at,us1_0.token,us1_0.user_id from user_sessions us1_0 where us1_0.token=?
Hibernate: select u1_0.id,u1_0.created_at,u1_0.email,u1_0.enabled,u1_0.full_name,u1_0.password_hash,u1_0.profile_completed,u1_0.role,u1_0.updated_at,u1_0.verified_at,ws1_0.id,ws1_0.active,ws1_0.address,ws1_0.area,ws1_0.close_time,ws1_0.contact_email,ws1_0.created_at,ws1_0.description,ws1_0.design_signature,ws1_0.franchise_mood,ws1_0.highlight_summary,ws1_0.hours_text,ws1_0.latitude,ws1_0.longitude,ws1_0.name,ws1_0.open_time,ws1_0.personality,ws1_0.phone_number,ws1_0.position_label,ws1_0.slug,ws1_0.specialty,ws1_0.updated_at from users u1_0 left join stores ws1_0 on ws1_0.id=u1_0.working_store_id where u1_0.id=?
Hibernate: select us1_0.id,us1_0.created_at,us1_0.expires_at,us1_0.token,us1_0.user_id from user_sessions us1_0 where us1_0.token=?
Hibernate: select us1_0.id,us1_0.created_at,us1_0.expires_at,us1_0.token,us1_0.user_id from user_sessions us1_0 where us1_0.token=?
Hibernate: select us1_0.id,us1_0.created_at,us1_0.expires_at,us1_0.token,us1_0.user_id from user_sessions us1_0 where us1_0.token=?
Hibernate: select us1_0.id,us1_0.created_at,us1_0.expires_at,us1_0.token,us1_0.user_id from user_sessions us1_0 where us1_0.token=?
Hibernate: select us1_0.id,us1_0.created_at,us1_0.expires_at,us1_0.token,us1_0.user_id from user_sessions us1_0 where us1_0.token=?
Hibernate: select us1_0.id,us1_0.created_at,us1_0.expires_at,us1_0.token,us1_0.user_id from user_sessions us1_0 where us1_0.token=?
Hibernate: select u1_0.id,u1_0.created_at,u1_0.email,u1_0.enabled,u1_0.full_name,u1_0.password_hash,u1_0.profile_completed,u1_0.role,u1_0.updated_at,u1_0.verified_at,ws1_0.id,ws1_0.active,ws1_0.address,ws1_0.area,ws1_0.close_time,ws1_0.contact_email,ws1_0.created_at,ws1_0.description,ws1_0.design_signature,ws1_0.franchise_mood,ws1_0.highlight_summary,ws1_0.hours_text,ws1_0.latitude,ws1_0.longitude,ws1_0.name,ws1_0.open_time,ws1_0.personality,ws1_0.phone_number,ws1_0.position_label,ws1_0.slug,ws1_0.specialty,ws1_0.updated_at from users u1_0 left join stores ws1_0 on ws1_0.id=u1_0.working_store_id where u1_0.id=?
Hibernate: select u1_0.id,u1_0.created_at,u1_0.email,u1_0.enabled,u1_0.full_name,u1_0.password_hash,u1_0.profile_completed,u1_0.role,u1_0.updated_at,u1_0.verified_at,ws1_0.id,ws1_0.active,ws1_0.address,ws1_0.area,ws1_0.close_time,ws1_0.contact_email,ws1_0.created_at,ws1_0.description,ws1_0.design_signature,ws1_0.franchise_mood,ws1_0.highlight_summary,ws1_0.hours_text,ws1_0.latitude,ws1_0.longitude,ws1_0.name,ws1_0.open_time,ws1_0.personality,ws1_0.phone_number,ws1_0.position_label,ws1_0.slug,ws1_0.specialty,ws1_0.updated_at from users u1_0 left join stores ws1_0 on ws1_0.id=u1_0.working_store_id where u1_0.id=?
Hibernate: select u1_0.id,u1_0.created_at,u1_0.email,u1_0.enabled,u1_0.full_name,u1_0.password_hash,u1_0.profile_completed,u1_0.role,u1_0.updated_at,u1_0.verified_at,ws1_0.id,ws1_0.active,ws1_0.address,ws1_0.area,ws1_0.close_time,ws1_0.contact_email,ws1_0.created_at,ws1_0.description,ws1_0.design_signature,ws1_0.franchise_mood,ws1_0.highlight_summary,ws1_0.hours_text,ws1_0.latitude,ws1_0.longitude,ws1_0.name,ws1_0.open_time,ws1_0.personality,ws1_0.phone_number,ws1_0.position_label,ws1_0.slug,ws1_0.specialty,ws1_0.updated_at from users u1_0 left join stores ws1_0 on ws1_0.id=u1_0.working_store_id where u1_0.id=?
Hibernate: select u1_0.id,u1_0.created_at,u1_0.email,u1_0.enabled,u1_0.full_name,u1_0.password_hash,u1_0.profile_completed,u1_0.role,u1_0.updated_at,u1_0.verified_at,ws1_0.id,ws1_0.active,ws1_0.address,ws1_0.area,ws1_0.close_time,ws1_0.contact_email,ws1_0.created_at,ws1_0.description,ws1_0.design_signature,ws1_0.franchise_mood,ws1_0.highlight_summary,ws1_0.hours_text,ws1_0.latitude,ws1_0.longitude,ws1_0.name,ws1_0.open_time,ws1_0.personality,ws1_0.phone_number,ws1_0.position_label,ws1_0.slug,ws1_0.specialty,ws1_0.updated_at from users u1_0 left join stores ws1_0 on ws1_0.id=u1_0.working_store_id where u1_0.id=?
Hibernate: select u1_0.id,u1_0.created_at,u1_0.email,u1_0.enabled,u1_0.full_name,u1_0.password_hash,u1_0.profile_completed,u1_0.role,u1_0.updated_at,u1_0.verified_at,ws1_0.id,ws1_0.active,ws1_0.address,ws1_0.area,ws1_0.close_time,ws1_0.contact_email,ws1_0.created_at,ws1_0.description,ws1_0.design_signature,ws1_0.franchise_mood,ws1_0.highlight_summary,ws1_0.hours_text,ws1_0.latitude,ws1_0.longitude,ws1_0.name,ws1_0.open_time,ws1_0.personality,ws1_0.phone_number,ws1_0.position_label,ws1_0.slug,ws1_0.specialty,ws1_0.updated_at from users u1_0 left join stores ws1_0 on ws1_0.id=u1_0.working_store_id where u1_0.id=?
Hibernate: select u1_0.id,u1_0.created_at,u1_0.email,u1_0.enabled,u1_0.full_name,u1_0.password_hash,u1_0.profile_completed,u1_0.role,u1_0.updated_at,u1_0.verified_at,ws1_0.id,ws1_0.active,ws1_0.address,ws1_0.area,ws1_0.close_time,ws1_0.contact_email,ws1_0.created_at,ws1_0.description,ws1_0.design_signature,ws1_0.franchise_mood,ws1_0.highlight_summary,ws1_0.hours_text,ws1_0.latitude,ws1_0.longitude,ws1_0.name,ws1_0.open_time,ws1_0.personality,ws1_0.phone_number,ws1_0.position_label,ws1_0.slug,ws1_0.specialty,ws1_0.updated_at from users u1_0 left join stores ws1_0 on ws1_0.id=u1_0.working_store_id where u1_0.id=?
Hibernate: select un1_0.id,un1_0.action_url,un1_0.created_at,un1_0.message,un1_0.read_at,un1_0.related_event_id,un1_0.related_event_slug,un1_0.related_news_id,un1_0.related_news_slug,un1_0.related_order_id,un1_0.related_store_id,un1_0.related_store_name,un1_0.title,un1_0.type,un1_0.user_id from user_notifications un1_0 join users u1_0 on u1_0.id=un1_0.user_id where u1_0.id=? order by un1_0.created_at desc limit ?
Hibernate: select r1_0.id,r1_0.approved,r1_0.comment,r1_0.created_at,r1_0.rating,r1_0.target_id,r1_0.target_type,r1_0.title,r1_0.updated_at,r1_0.user_id from reviews r1_0
Hibernate: select f1_0.id,f1_0.created_at,f1_0.target_id,f1_0.target_type,f1_0.user_id from favorites f1_0 join users u1_0 on u1_0.id=f1_0.user_id where u1_0.id=?
Hibernate: select count(un1_0.id) from user_notifications un1_0 join users u1_0 on u1_0.id=un1_0.user_id where u1_0.id=? and un1_0.read_at is null
Hibernate: select cf1_0.id,cf1_0.category,cf1_0.created_at,cf1_0.message,cf1_0.related_order_id,cf1_0.related_store_id,cf1_0.replied_at,cf1_0.replied_by_user_id,cf1_0.replied_by_user_name,cf1_0.replied_by_user_role,cf1_0.reply_message,cf1_0.subject,cf1_0.updated_at,cf1_0.user_id from customer_feedbacks cf1_0 join users u1_0 on u1_0.id=cf1_0.user_id where u1_0.id=? order by cf1_0.created_at desc limit ?
Hibernate: select act1_0.id,act1_0.created_at,act1_0.last_message_at,act1_0.last_message_preview,act1_0.last_message_role,act1_0.message_count,act1_0.title,act1_0.updated_at,act1_0.user_id from ai_chat_threads act1_0 join users u1_0 on u1_0.id=act1_0.user_id where u1_0.id=? order by act1_0.updated_at desc limit ?
Hibernate: select u1_0.id,u1_0.created_at,u1_0.email,u1_0.enabled,u1_0.full_name,u1_0.password_hash,u1_0.profile_completed,u1_0.role,u1_0.updated_at,u1_0.verified_at,ws1_0.id,ws1_0.active,ws1_0.address,ws1_0.area,ws1_0.close_time,ws1_0.contact_email,ws1_0.created_at,ws1_0.description,ws1_0.design_signature,ws1_0.franchise_mood,ws1_0.highlight_summary,ws1_0.hours_text,ws1_0.latitude,ws1_0.longitude,ws1_0.name,ws1_0.open_time,ws1_0.personality,ws1_0.phone_number,ws1_0.position_label,ws1_0.slug,ws1_0.specialty,ws1_0.updated_at from users u1_0 left join stores ws1_0 on ws1_0.id=u1_0.working_store_id where u1_0.id=?
Hibernate: select u1_0.id,u1_0.created_at,u1_0.email,u1_0.enabled,u1_0.full_name,u1_0.password_hash,u1_0.profile_completed,u1_0.role,u1_0.updated_at,u1_0.verified_at,ws1_0.id,ws1_0.active,ws1_0.address,ws1_0.area,ws1_0.close_time,ws1_0.contact_email,ws1_0.created_at,ws1_0.description,ws1_0.design_signature,ws1_0.franchise_mood,ws1_0.highlight_summary,ws1_0.hours_text,ws1_0.latitude,ws1_0.longitude,ws1_0.name,ws1_0.open_time,ws1_0.personality,ws1_0.phone_number,ws1_0.position_label,ws1_0.slug,ws1_0.specialty,ws1_0.updated_at from users u1_0 left join stores ws1_0 on ws1_0.id=u1_0.working_store_id where u1_0.id=?
Hibernate: select count(un1_0.id) from user_notifications un1_0 join users u1_0 on u1_0.id=un1_0.user_id where u1_0.id=?
Hibernate: select u1_0.id,u1_0.created_at,u1_0.email,u1_0.enabled,u1_0.full_name,u1_0.password_hash,u1_0.profile_completed,u1_0.role,u1_0.updated_at,u1_0.verified_at,ws1_0.id,ws1_0.active,ws1_0.address,ws1_0.area,ws1_0.close_time,ws1_0.contact_email,ws1_0.created_at,ws1_0.description,ws1_0.design_signature,ws1_0.franchise_mood,ws1_0.highlight_summary,ws1_0.hours_text,ws1_0.latitude,ws1_0.longitude,ws1_0.name,ws1_0.open_time,ws1_0.personality,ws1_0.phone_number,ws1_0.position_label,ws1_0.slug,ws1_0.specialty,ws1_0.updated_at from users u1_0 left join stores ws1_0 on ws1_0.id=u1_0.working_store_id where u1_0.id=?
Hibernate: select u1_0.id,u1_0.created_at,u1_0.email,u1_0.enabled,u1_0.full_name,u1_0.password_hash,u1_0.profile_completed,u1_0.role,u1_0.updated_at,u1_0.verified_at,ws1_0.id,ws1_0.active,ws1_0.address,ws1_0.area,ws1_0.close_time,ws1_0.contact_email,ws1_0.created_at,ws1_0.description,ws1_0.design_signature,ws1_0.franchise_mood,ws1_0.highlight_summary,ws1_0.hours_text,ws1_0.latitude,ws1_0.longitude,ws1_0.name,ws1_0.open_time,ws1_0.personality,ws1_0.phone_number,ws1_0.position_label,ws1_0.slug,ws1_0.specialty,ws1_0.updated_at from users u1_0 left join stores ws1_0 on ws1_0.id=u1_0.working_store_id where u1_0.id=?
Hibernate: select us1_0.id,us1_0.created_at,us1_0.expires_at,us1_0.token,us1_0.user_id from user_sessions us1_0 where us1_0.token=?
Hibernate: select us1_0.id,us1_0.created_at,us1_0.expires_at,us1_0.token,us1_0.user_id from user_sessions us1_0 where us1_0.token=?
Hibernate: select u1_0.id,u1_0.created_at,u1_0.email,u1_0.enabled,u1_0.full_name,u1_0.password_hash,u1_0.profile_completed,u1_0.role,u1_0.updated_at,u1_0.verified_at,ws1_0.id,ws1_0.active,ws1_0.address,ws1_0.area,ws1_0.close_time,ws1_0.contact_email,ws1_0.created_at,ws1_0.description,ws1_0.design_signature,ws1_0.franchise_mood,ws1_0.highlight_summary,ws1_0.hours_text,ws1_0.latitude,ws1_0.longitude,ws1_0.name,ws1_0.open_time,ws1_0.personality,ws1_0.phone_number,ws1_0.position_label,ws1_0.slug,ws1_0.specialty,ws1_0.updated_at from users u1_0 left join stores ws1_0 on ws1_0.id=u1_0.working_store_id where u1_0.id=?
Hibernate: select u1_0.id,u1_0.created_at,u1_0.email,u1_0.enabled,u1_0.full_name,u1_0.password_hash,u1_0.profile_completed,u1_0.role,u1_0.updated_at,u1_0.verified_at,ws1_0.id,ws1_0.active,ws1_0.address,ws1_0.area,ws1_0.close_time,ws1_0.contact_email,ws1_0.created_at,ws1_0.description,ws1_0.design_signature,ws1_0.franchise_mood,ws1_0.highlight_summary,ws1_0.hours_text,ws1_0.latitude,ws1_0.longitude,ws1_0.name,ws1_0.open_time,ws1_0.personality,ws1_0.phone_number,ws1_0.position_label,ws1_0.slug,ws1_0.specialty,ws1_0.updated_at from users u1_0 left join stores ws1_0 on ws1_0.id=u1_0.working_store_id where u1_0.id=?
Hibernate: select u1_0.id,u1_0.created_at,u1_0.email,u1_0.enabled,u1_0.full_name,u1_0.password_hash,u1_0.profile_completed,u1_0.role,u1_0.updated_at,u1_0.verified_at,ws1_0.id,ws1_0.active,ws1_0.address,ws1_0.area,ws1_0.close_time,ws1_0.contact_email,ws1_0.created_at,ws1_0.description,ws1_0.design_signature,ws1_0.franchise_mood,ws1_0.highlight_summary,ws1_0.hours_text,ws1_0.latitude,ws1_0.longitude,ws1_0.name,ws1_0.open_time,ws1_0.personality,ws1_0.phone_number,ws1_0.position_label,ws1_0.slug,ws1_0.specialty,ws1_0.updated_at from users u1_0 left join stores ws1_0 on ws1_0.id=u1_0.working_store_id where u1_0.id=?
Hibernate: select uda1_0.id,uda1_0.created_at,uda1_0.delivery_address,uda1_0.full_name,uda1_0.last_used_at,uda1_0.phone_number,uda1_0.is_primary,uda1_0.updated_at,uda1_0.user_id,uda1_0.verified_at from user_delivery_addresses uda1_0 join users u1_0 on u1_0.id=uda1_0.user_id where u1_0.id=? order by uda1_0.updated_at desc
Hibernate: select c1_0.id,c1_0.created_at,c1_0.status,c1_0.updated_at,c1_0.user_id from carts c1_0 join users u1_0 on u1_0.id=c1_0.user_id where u1_0.id=? and c1_0.status=?
Hibernate: select u1_0.id,u1_0.created_at,u1_0.email,u1_0.enabled,u1_0.full_name,u1_0.password_hash,u1_0.profile_completed,u1_0.role,u1_0.updated_at,u1_0.verified_at,ws1_0.id,ws1_0.active,ws1_0.address,ws1_0.area,ws1_0.close_time,ws1_0.contact_email,ws1_0.created_at,ws1_0.description,ws1_0.design_signature,ws1_0.franchise_mood,ws1_0.highlight_summary,ws1_0.hours_text,ws1_0.latitude,ws1_0.longitude,ws1_0.name,ws1_0.open_time,ws1_0.personality,ws1_0.phone_number,ws1_0.position_label,ws1_0.slug,ws1_0.specialty,ws1_0.updated_at from users u1_0 left join stores ws1_0 on ws1_0.id=u1_0.working_store_id where u1_0.id=?
Hibernate: select u1_0.id,u1_0.created_at,u1_0.email,u1_0.enabled,u1_0.full_name,u1_0.password_hash,u1_0.profile_completed,u1_0.role,u1_0.updated_at,u1_0.verified_at,ws1_0.id,ws1_0.active,ws1_0.address,ws1_0.area,ws1_0.close_time,ws1_0.contact_email,ws1_0.created_at,ws1_0.description,ws1_0.design_signature,ws1_0.franchise_mood,ws1_0.highlight_summary,ws1_0.hours_text,ws1_0.latitude,ws1_0.longitude,ws1_0.name,ws1_0.open_time,ws1_0.personality,ws1_0.phone_number,ws1_0.position_label,ws1_0.slug,ws1_0.specialty,ws1_0.updated_at from users u1_0 left join stores ws1_0 on ws1_0.id=u1_0.working_store_id where u1_0.id=?
Hibernate: select ci1_0.id,ci1_0.cart_id,ci1_0.created_at,ci1_0.dish_id,ci1_0.quantity,ci1_0.store_id,ci1_0.unit_price,ci1_0.updated_at from cart_items ci1_0 join carts c1_0 on c1_0.id=ci1_0.cart_id where c1_0.id=?
Hibernate: select u1_0.id,u1_0.created_at,u1_0.email,u1_0.enabled,u1_0.full_name,u1_0.password_hash,u1_0.profile_completed,u1_0.role,u1_0.updated_at,u1_0.verified_at,ws1_0.id,ws1_0.active,ws1_0.address,ws1_0.area,ws1_0.close_time,ws1_0.contact_email,ws1_0.created_at,ws1_0.description,ws1_0.design_signature,ws1_0.franchise_mood,ws1_0.highlight_summary,ws1_0.hours_text,ws1_0.latitude,ws1_0.longitude,ws1_0.name,ws1_0.open_time,ws1_0.personality,ws1_0.phone_number,ws1_0.position_label,ws1_0.slug,ws1_0.specialty,ws1_0.updated_at from users u1_0 left join stores ws1_0 on ws1_0.id=u1_0.working_store_id where u1_0.id=?
Hibernate: select d1_0.id,d1_0.active,d1_0.available,d1_0.category_id,c1_0.id,c1_0.active,c1_0.created_at,c1_0.description,c1_0.name,c1_0.sort_order,s1_0.id,s1_0.active,s1_0.address,s1_0.area,s1_0.close_time,s1_0.contact_email,s1_0.created_at,s1_0.description,s1_0.design_signature,s1_0.franchise_mood,s1_0.highlight_summary,s1_0.hours_text,s1_0.latitude,s1_0.longitude,s1_0.name,s1_0.open_time,s1_0.personality,s1_0.phone_number,s1_0.position_label,s1_0.slug,s1_0.specialty,s1_0.updated_at,c1_0.updated_at,d1_0.created_at,d1_0.description,d1_0.franchise_note,d1_0.franchise_required,d1_0.highlight_summary,d1_0.name,d1_0.note,d1_0.price,d1_0.status,d1_0.updated_at from dishes d1_0 join categories c1_0 on c1_0.id=d1_0.category_id left join stores s1_0 on s1_0.id=c1_0.store_id where d1_0.id=?
Hibernate: select u1_0.id,u1_0.created_at,u1_0.email,u1_0.enabled,u1_0.full_name,u1_0.password_hash,u1_0.profile_completed,u1_0.role,u1_0.updated_at,u1_0.verified_at,ws1_0.id,ws1_0.active,ws1_0.address,ws1_0.area,ws1_0.close_time,ws1_0.contact_email,ws1_0.created_at,ws1_0.description,ws1_0.design_signature,ws1_0.franchise_mood,ws1_0.highlight_summary,ws1_0.hours_text,ws1_0.latitude,ws1_0.longitude,ws1_0.name,ws1_0.open_time,ws1_0.personality,ws1_0.phone_number,ws1_0.position_label,ws1_0.slug,ws1_0.specialty,ws1_0.updated_at from users u1_0 left join stores ws1_0 on ws1_0.id=u1_0.working_store_id where u1_0.id=?
Hibernate: select u1_0.id,u1_0.created_at,u1_0.email,u1_0.enabled,u1_0.full_name,u1_0.password_hash,u1_0.profile_completed,u1_0.role,u1_0.updated_at,u1_0.verified_at,ws1_0.id,ws1_0.active,ws1_0.address,ws1_0.area,ws1_0.close_time,ws1_0.contact_email,ws1_0.created_at,ws1_0.description,ws1_0.design_signature,ws1_0.franchise_mood,ws1_0.highlight_summary,ws1_0.hours_text,ws1_0.latitude,ws1_0.longitude,ws1_0.name,ws1_0.open_time,ws1_0.personality,ws1_0.phone_number,ws1_0.position_label,ws1_0.slug,ws1_0.specialty,ws1_0.updated_at from users u1_0 left join stores ws1_0 on ws1_0.id=u1_0.working_store_id where u1_0.id=?
Hibernate: select d1_0.id,d1_0.active,d1_0.available,d1_0.category_id,c1_0.id,c1_0.active,c1_0.created_at,c1_0.description,c1_0.name,c1_0.sort_order,s1_0.id,s1_0.active,s1_0.address,s1_0.area,s1_0.close_time,s1_0.contact_email,s1_0.created_at,s1_0.description,s1_0.design_signature,s1_0.franchise_mood,s1_0.highlight_summary,s1_0.hours_text,s1_0.latitude,s1_0.longitude,s1_0.name,s1_0.open_time,s1_0.personality,s1_0.phone_number,s1_0.position_label,s1_0.slug,s1_0.specialty,s1_0.updated_at,c1_0.updated_at,d1_0.created_at,d1_0.description,d1_0.franchise_note,d1_0.franchise_required,d1_0.highlight_summary,d1_0.name,d1_0.note,d1_0.price,d1_0.status,d1_0.updated_at from dishes d1_0 join categories c1_0 on c1_0.id=d1_0.category_id left join stores s1_0 on s1_0.id=c1_0.store_id where d1_0.id=?
Hibernate: select u1_0.id,u1_0.created_at,u1_0.email,u1_0.enabled,u1_0.full_name,u1_0.password_hash,u1_0.profile_completed,u1_0.role,u1_0.updated_at,u1_0.verified_at,ws1_0.id,ws1_0.active,ws1_0.address,ws1_0.area,ws1_0.close_time,ws1_0.contact_email,ws1_0.created_at,ws1_0.description,ws1_0.design_signature,ws1_0.franchise_mood,ws1_0.highlight_summary,ws1_0.hours_text,ws1_0.latitude,ws1_0.longitude,ws1_0.name,ws1_0.open_time,ws1_0.personality,ws1_0.phone_number,ws1_0.position_label,ws1_0.slug,ws1_0.specialty,ws1_0.updated_at from users u1_0 left join stores ws1_0 on ws1_0.id=u1_0.working_store_id where u1_0.id=?
Hibernate: select u1_0.id,u1_0.created_at,u1_0.email,u1_0.enabled,u1_0.full_name,u1_0.password_hash,u1_0.profile_completed,u1_0.role,u1_0.updated_at,u1_0.verified_at,ws1_0.id,ws1_0.active,ws1_0.address,ws1_0.area,ws1_0.close_time,ws1_0.contact_email,ws1_0.created_at,ws1_0.description,ws1_0.design_signature,ws1_0.franchise_mood,ws1_0.highlight_summary,ws1_0.hours_text,ws1_0.latitude,ws1_0.longitude,ws1_0.name,ws1_0.open_time,ws1_0.personality,ws1_0.phone_number,ws1_0.position_label,ws1_0.slug,ws1_0.specialty,ws1_0.updated_at from users u1_0 left join stores ws1_0 on ws1_0.id=u1_0.working_store_id where u1_0.id=?
Hibernate: select u1_0.id,u1_0.created_at,u1_0.email,u1_0.enabled,u1_0.full_name,u1_0.password_hash,u1_0.profile_completed,u1_0.role,u1_0.updated_at,u1_0.verified_at,ws1_0.id,ws1_0.active,ws1_0.address,ws1_0.area,ws1_0.close_time,ws1_0.contact_email,ws1_0.created_at,ws1_0.description,ws1_0.design_signature,ws1_0.franchise_mood,ws1_0.highlight_summary,ws1_0.hours_text,ws1_0.latitude,ws1_0.longitude,ws1_0.name,ws1_0.open_time,ws1_0.personality,ws1_0.phone_number,ws1_0.position_label,ws1_0.slug,ws1_0.specialty,ws1_0.updated_at from users u1_0 left join stores ws1_0 on ws1_0.id=u1_0.working_store_id where u1_0.id=?
Hibernate: select sd1_0.id,sd1_0.available,sd1_0.created_at,sd1_0.dish_id,sd1_0.price_override,sd1_0.quantity,sd1_0.store_id,sd1_0.updated_at from store_dishes sd1_0 join stores s1_0 on s1_0.id=sd1_0.store_id join dishes d1_0 on d1_0.id=sd1_0.dish_id where s1_0.id=? and d1_0.id=?
Hibernate: select u1_0.id,u1_0.created_at,u1_0.email,u1_0.enabled,u1_0.full_name,u1_0.password_hash,u1_0.profile_completed,u1_0.role,u1_0.updated_at,u1_0.verified_at,ws1_0.id,ws1_0.active,ws1_0.address,ws1_0.area,ws1_0.close_time,ws1_0.contact_email,ws1_0.created_at,ws1_0.description,ws1_0.design_signature,ws1_0.franchise_mood,ws1_0.highlight_summary,ws1_0.hours_text,ws1_0.latitude,ws1_0.longitude,ws1_0.name,ws1_0.open_time,ws1_0.personality,ws1_0.phone_number,ws1_0.position_label,ws1_0.slug,ws1_0.specialty,ws1_0.updated_at from users u1_0 left join stores ws1_0 on ws1_0.id=u1_0.working_store_id where u1_0.id=?
Hibernate: select ip1_0.dish_id,ip1_0.sort_order,ip1_0.image_path from dish_image_paths ip1_0 where ip1_0.dish_id=?
Hibernate: select u1_0.id,u1_0.created_at,u1_0.email,u1_0.enabled,u1_0.full_name,u1_0.password_hash,u1_0.profile_completed,u1_0.role,u1_0.updated_at,u1_0.verified_at,ws1_0.id,ws1_0.active,ws1_0.address,ws1_0.area,ws1_0.close_time,ws1_0.contact_email,ws1_0.created_at,ws1_0.description,ws1_0.design_signature,ws1_0.franchise_mood,ws1_0.highlight_summary,ws1_0.hours_text,ws1_0.latitude,ws1_0.longitude,ws1_0.name,ws1_0.open_time,ws1_0.personality,ws1_0.phone_number,ws1_0.position_label,ws1_0.slug,ws1_0.specialty,ws1_0.updated_at from users u1_0 left join stores ws1_0 on ws1_0.id=u1_0.working_store_id where u1_0.id=?
Hibernate: select u1_0.id,u1_0.created_at,u1_0.email,u1_0.enabled,u1_0.full_name,u1_0.password_hash,u1_0.profile_completed,u1_0.role,u1_0.updated_at,u1_0.verified_at,ws1_0.id,ws1_0.active,ws1_0.address,ws1_0.area,ws1_0.close_time,ws1_0.contact_email,ws1_0.created_at,ws1_0.description,ws1_0.design_signature,ws1_0.franchise_mood,ws1_0.highlight_summary,ws1_0.hours_text,ws1_0.latitude,ws1_0.longitude,ws1_0.name,ws1_0.open_time,ws1_0.personality,ws1_0.phone_number,ws1_0.position_label,ws1_0.slug,ws1_0.specialty,ws1_0.updated_at from users u1_0 left join stores ws1_0 on ws1_0.id=u1_0.working_store_id where u1_0.id=?
Hibernate: select u1_0.id,u1_0.created_at,u1_0.email,u1_0.enabled,u1_0.full_name,u1_0.password_hash,u1_0.profile_completed,u1_0.role,u1_0.updated_at,u1_0.verified_at,ws1_0.id,ws1_0.active,ws1_0.address,ws1_0.area,ws1_0.close_time,ws1_0.contact_email,ws1_0.created_at,ws1_0.description,ws1_0.design_signature,ws1_0.franchise_mood,ws1_0.highlight_summary,ws1_0.hours_text,ws1_0.latitude,ws1_0.longitude,ws1_0.name,ws1_0.open_time,ws1_0.personality,ws1_0.phone_number,ws1_0.position_label,ws1_0.slug,ws1_0.specialty,ws1_0.updated_at from users u1_0 left join stores ws1_0 on ws1_0.id=u1_0.working_store_id where u1_0.id=?
Hibernate: select sd1_0.id,sd1_0.available,sd1_0.created_at,sd1_0.dish_id,sd1_0.price_override,sd1_0.quantity,sd1_0.store_id,sd1_0.updated_at from store_dishes sd1_0 join stores s1_0 on s1_0.id=sd1_0.store_id join dishes d1_0 on d1_0.id=sd1_0.dish_id where s1_0.id=? and d1_0.id=?
Hibernate: select u1_0.id,u1_0.created_at,u1_0.email,u1_0.enabled,u1_0.full_name,u1_0.password_hash,u1_0.profile_completed,u1_0.role,u1_0.updated_at,u1_0.verified_at,ws1_0.id,ws1_0.active,ws1_0.address,ws1_0.area,ws1_0.close_time,ws1_0.contact_email,ws1_0.created_at,ws1_0.description,ws1_0.design_signature,ws1_0.franchise_mood,ws1_0.highlight_summary,ws1_0.hours_text,ws1_0.latitude,ws1_0.longitude,ws1_0.name,ws1_0.open_time,ws1_0.personality,ws1_0.phone_number,ws1_0.position_label,ws1_0.slug,ws1_0.specialty,ws1_0.updated_at from users u1_0 left join stores ws1_0 on ws1_0.id=u1_0.working_store_id where u1_0.id=?
Hibernate: select ip1_0.dish_id,ip1_0.sort_order,ip1_0.image_path from dish_image_paths ip1_0 where ip1_0.dish_id=?
Hibernate: select u1_0.id,u1_0.created_at,u1_0.email,u1_0.enabled,u1_0.full_name,u1_0.password_hash,u1_0.profile_completed,u1_0.role,u1_0.updated_at,u1_0.verified_at,ws1_0.id,ws1_0.active,ws1_0.address,ws1_0.area,ws1_0.close_time,ws1_0.contact_email,ws1_0.created_at,ws1_0.description,ws1_0.design_signature,ws1_0.franchise_mood,ws1_0.highlight_summary,ws1_0.hours_text,ws1_0.latitude,ws1_0.longitude,ws1_0.name,ws1_0.open_time,ws1_0.personality,ws1_0.phone_number,ws1_0.position_label,ws1_0.slug,ws1_0.specialty,ws1_0.updated_at from users u1_0 left join stores ws1_0 on ws1_0.id=u1_0.working_store_id where u1_0.id=?
Hibernate: select u1_0.id,u1_0.created_at,u1_0.email,u1_0.enabled,u1_0.full_name,u1_0.password_hash,u1_0.profile_completed,u1_0.role,u1_0.updated_at,u1_0.verified_at,ws1_0.id,ws1_0.active,ws1_0.address,ws1_0.area,ws1_0.close_time,ws1_0.contact_email,ws1_0.created_at,ws1_0.description,ws1_0.design_signature,ws1_0.franchise_mood,ws1_0.highlight_summary,ws1_0.hours_text,ws1_0.latitude,ws1_0.longitude,ws1_0.name,ws1_0.open_time,ws1_0.personality,ws1_0.phone_number,ws1_0.position_label,ws1_0.slug,ws1_0.specialty,ws1_0.updated_at from users u1_0 left join stores ws1_0 on ws1_0.id=u1_0.working_store_id where u1_0.id=?
Hibernate: select us1_0.id,us1_0.created_at,us1_0.expires_at,us1_0.token,us1_0.user_id from user_sessions us1_0 where us1_0.token=?
Hibernate: select u1_0.id,u1_0.created_at,u1_0.email,u1_0.enabled,u1_0.full_name,u1_0.password_hash,u1_0.profile_completed,u1_0.role,u1_0.updated_at,u1_0.verified_at,ws1_0.id,ws1_0.active,ws1_0.address,ws1_0.area,ws1_0.close_time,ws1_0.contact_email,ws1_0.created_at,ws1_0.description,ws1_0.design_signature,ws1_0.franchise_mood,ws1_0.highlight_summary,ws1_0.hours_text,ws1_0.latitude,ws1_0.longitude,ws1_0.name,ws1_0.open_time,ws1_0.personality,ws1_0.phone_number,ws1_0.position_label,ws1_0.slug,ws1_0.specialty,ws1_0.updated_at from users u1_0 left join stores ws1_0 on ws1_0.id=u1_0.working_store_id where u1_0.id=?
Hibernate: insert into ai_chat_threads (created_at,last_message_at,last_message_preview,last_message_role,message_count,title,updated_at,user_id) values (?,?,?,?,?,?,?,?)
Hibernate: select acm1_0.id,acm1_0.actions_json,acm1_0.content,acm1_0.created_at,acm1_0.model,acm1_0.references_json,acm1_0.role,acm1_0.thread_id from ai_chat_messages acm1_0 join ai_chat_threads t1_0 on t1_0.id=acm1_0.thread_id where t1_0.id=? order by acm1_0.created_at,acm1_0.id
Hibernate: select s1_0.id,s1_0.active,s1_0.address,s1_0.area,s1_0.close_time,s1_0.contact_email,s1_0.created_at,s1_0.description,s1_0.design_signature,s1_0.franchise_mood,s1_0.highlight_summary,s1_0.hours_text,s1_0.latitude,s1_0.longitude,s1_0.name,s1_0.open_time,s1_0.personality,s1_0.phone_number,s1_0.position_label,s1_0.slug,s1_0.specialty,s1_0.updated_at from stores s1_0
Hibernate: select coalesce(sum(o1_0.total_amount),0) from orders o1_0 where o1_0.payment_status='PAID' and o1_0.paid_at>=? and o1_0.paid_at<? and exists(select 1 from order_items oi1_0 where oi1_0.order_id=o1_0.id and oi1_0.store_id=?)
Hibernate: select
	oi.store_id as storeId,
	s.name as storeName,
	oi.dish_id as dishId,
	d.name as dishName,
	sum(oi.quantity) as quantitySold,
	count(distinct oi.order_id) as orderCount,
	coalesce(sum(oi.unit_price * oi.quantity), 0) as revenue
from order_items oi
join orders o on o.id = oi.order_id
join stores s on s.id = oi.store_id
join dishes d on d.id = oi.dish_id
where o.payment_status = 'PAID'
  and o.status <> 'CANCELLED'
  and oi.store_id = ?
group by oi.store_id, s.name, oi.dish_id, d.name
order by quantitySold desc, revenue desc, d.name asc limit ?

Hibernate: select ip1_0.store_id,ip1_0.sort_order,ip1_0.image_path from store_image_paths ip1_0 where ip1_0.store_id=?
Hibernate: select coalesce(sum(o1_0.total_amount),0) from orders o1_0 where o1_0.payment_status='PAID' and o1_0.paid_at>=? and o1_0.paid_at<? and exists(select 1 from order_items oi1_0 where oi1_0.order_id=o1_0.id and oi1_0.store_id=?)
Hibernate: select
	oi.store_id as storeId,
	s.name as storeName,
	oi.dish_id as dishId,
	d.name as dishName,
	sum(oi.quantity) as quantitySold,
	count(distinct oi.order_id) as orderCount,
	coalesce(sum(oi.unit_price * oi.quantity), 0) as revenue
from order_items oi
join orders o on o.id = oi.order_id
join stores s on s.id = oi.store_id
join dishes d on d.id = oi.dish_id
where o.payment_status = 'PAID'
  and o.status <> 'CANCELLED'
  and oi.store_id = ?
group by oi.store_id, s.name, oi.dish_id, d.name
order by quantitySold desc, revenue desc, d.name asc limit ?

Hibernate: select ip1_0.store_id,ip1_0.sort_order,ip1_0.image_path from store_image_paths ip1_0 where ip1_0.store_id=?
Hibernate: select coalesce(sum(o1_0.total_amount),0) from orders o1_0 where o1_0.payment_status='PAID' and o1_0.paid_at>=? and o1_0.paid_at<? and exists(select 1 from order_items oi1_0 where oi1_0.order_id=o1_0.id and oi1_0.store_id=?)
Hibernate: select
	oi.store_id as storeId,
	s.name as storeName,
	oi.dish_id as dishId,
	d.name as dishName,
	sum(oi.quantity) as quantitySold,
	count(distinct oi.order_id) as orderCount,
	coalesce(sum(oi.unit_price * oi.quantity), 0) as revenue
from order_items oi
join orders o on o.id = oi.order_id
join stores s on s.id = oi.store_id
join dishes d on d.id = oi.dish_id
where o.payment_status = 'PAID'
  and o.status <> 'CANCELLED'
  and oi.store_id = ?
group by oi.store_id, s.name, oi.dish_id, d.name
order by quantitySold desc, revenue desc, d.name asc limit ?

Hibernate: select ip1_0.store_id,ip1_0.sort_order,ip1_0.image_path from store_image_paths ip1_0 where ip1_0.store_id=?
Hibernate: select coalesce(sum(o1_0.total_amount),0) from orders o1_0 where o1_0.payment_status='PAID' and o1_0.paid_at>=? and o1_0.paid_at<? and exists(select 1 from order_items oi1_0 where oi1_0.order_id=o1_0.id and oi1_0.store_id=?)
Hibernate: select
	oi.store_id as storeId,
	s.name as storeName,
	oi.dish_id as dishId,
	d.name as dishName,
	sum(oi.quantity) as quantitySold,
	count(distinct oi.order_id) as orderCount,
	coalesce(sum(oi.unit_price * oi.quantity), 0) as revenue
from order_items oi
join orders o on o.id = oi.order_id
join stores s on s.id = oi.store_id
join dishes d on d.id = oi.dish_id
where o.payment_status = 'PAID'
  and o.status <> 'CANCELLED'
  and oi.store_id = ?
group by oi.store_id, s.name, oi.dish_id, d.name
order by quantitySold desc, revenue desc, d.name asc limit ?

Hibernate: select ip1_0.store_id,ip1_0.sort_order,ip1_0.image_path from store_image_paths ip1_0 where ip1_0.store_id=?
Hibernate: select coalesce(sum(o1_0.total_amount),0) from orders o1_0 where o1_0.payment_status='PAID' and o1_0.paid_at>=? and o1_0.paid_at<? and exists(select 1 from order_items oi1_0 where oi1_0.order_id=o1_0.id and oi1_0.store_id=?)
Hibernate: select
	oi.store_id as storeId,
	s.name as storeName,
	oi.dish_id as dishId,
	d.name as dishName,
	sum(oi.quantity) as quantitySold,
	count(distinct oi.order_id) as orderCount,
	coalesce(sum(oi.unit_price * oi.quantity), 0) as revenue
from order_items oi
join orders o on o.id = oi.order_id
join stores s on s.id = oi.store_id
join dishes d on d.id = oi.dish_id
where o.payment_status = 'PAID'
  and o.status <> 'CANCELLED'
  and oi.store_id = ?
group by oi.store_id, s.name, oi.dish_id, d.name
order by quantitySold desc, revenue desc, d.name asc limit ?

Hibernate: select ip1_0.store_id,ip1_0.sort_order,ip1_0.image_path from store_image_paths ip1_0 where ip1_0.store_id=?
Hibernate: select coalesce(sum(o1_0.total_amount),0) from orders o1_0 where o1_0.payment_status='PAID' and o1_0.paid_at>=? and o1_0.paid_at<? and exists(select 1 from order_items oi1_0 where oi1_0.order_id=o1_0.id and oi1_0.store_id=?)
Hibernate: select
	oi.store_id as storeId,
	s.name as storeName,
	oi.dish_id as dishId,
	d.name as dishName,
	sum(oi.quantity) as quantitySold,
	count(distinct oi.order_id) as orderCount,
	coalesce(sum(oi.unit_price * oi.quantity), 0) as revenue
from order_items oi
join orders o on o.id = oi.order_id
join stores s on s.id = oi.store_id
join dishes d on d.id = oi.dish_id
where o.payment_status = 'PAID'
  and o.status <> 'CANCELLED'
  and oi.store_id = ?
group by oi.store_id, s.name, oi.dish_id, d.name
order by quantitySold desc, revenue desc, d.name asc limit ?

Hibernate: select ip1_0.store_id,ip1_0.sort_order,ip1_0.image_path from store_image_paths ip1_0 where ip1_0.store_id=?
Hibernate: select coalesce(sum(o1_0.total_amount),0) from orders o1_0 where o1_0.payment_status='PAID' and o1_0.paid_at>=? and o1_0.paid_at<? and exists(select 1 from order_items oi1_0 where oi1_0.order_id=o1_0.id and oi1_0.store_id=?)
Hibernate: select
	oi.store_id as storeId,
	s.name as storeName,
	oi.dish_id as dishId,
	d.name as dishName,
	sum(oi.quantity) as quantitySold,
	count(distinct oi.order_id) as orderCount,
	coalesce(sum(oi.unit_price * oi.quantity), 0) as revenue
from order_items oi
join orders o on o.id = oi.order_id
join stores s on s.id = oi.store_id
join dishes d on d.id = oi.dish_id
where o.payment_status = 'PAID'
  and o.status <> 'CANCELLED'
  and oi.store_id = ?
group by oi.store_id, s.name, oi.dish_id, d.name
order by quantitySold desc, revenue desc, d.name asc limit ?

Hibernate: select ip1_0.store_id,ip1_0.sort_order,ip1_0.image_path from store_image_paths ip1_0 where ip1_0.store_id=?
Hibernate: select coalesce(sum(o1_0.total_amount),0) from orders o1_0 where o1_0.payment_status='PAID' and o1_0.paid_at>=? and o1_0.paid_at<? and exists(select 1 from order_items oi1_0 where oi1_0.order_id=o1_0.id and oi1_0.store_id=?)
Hibernate: select
	oi.store_id as storeId,
	s.name as storeName,
	oi.dish_id as dishId,
	d.name as dishName,
	sum(oi.quantity) as quantitySold,
	count(distinct oi.order_id) as orderCount,
	coalesce(sum(oi.unit_price * oi.quantity), 0) as revenue
from order_items oi
join orders o on o.id = oi.order_id
join stores s on s.id = oi.store_id
join dishes d on d.id = oi.dish_id
where o.payment_status = 'PAID'
  and o.status <> 'CANCELLED'
  and oi.store_id = ?
group by oi.store_id, s.name, oi.dish_id, d.name
order by quantitySold desc, revenue desc, d.name asc limit ?

Hibernate: select ip1_0.store_id,ip1_0.sort_order,ip1_0.image_path from store_image_paths ip1_0 where ip1_0.store_id=?
Hibernate: select coalesce(sum(o1_0.total_amount),0) from orders o1_0 where o1_0.payment_status='PAID' and o1_0.paid_at>=? and o1_0.paid_at<? and exists(select 1 from order_items oi1_0 where oi1_0.order_id=o1_0.id and oi1_0.store_id=?)
Hibernate: select
	oi.store_id as storeId,
	s.name as storeName,
	oi.dish_id as dishId,
	d.name as dishName,
	sum(oi.quantity) as quantitySold,
	count(distinct oi.order_id) as orderCount,
	coalesce(sum(oi.unit_price * oi.quantity), 0) as revenue
from order_items oi
join orders o on o.id = oi.order_id
join stores s on s.id = oi.store_id
join dishes d on d.id = oi.dish_id
where o.payment_status = 'PAID'
  and o.status <> 'CANCELLED'
  and oi.store_id = ?
group by oi.store_id, s.name, oi.dish_id, d.name
order by quantitySold desc, revenue desc, d.name asc limit ?

Hibernate: select ip1_0.store_id,ip1_0.sort_order,ip1_0.image_path from store_image_paths ip1_0 where ip1_0.store_id=?
Hibernate: select coalesce(sum(o1_0.total_amount),0) from orders o1_0 where o1_0.payment_status='PAID' and o1_0.paid_at>=? and o1_0.paid_at<? and exists(select 1 from order_items oi1_0 where oi1_0.order_id=o1_0.id and oi1_0.store_id=?)
Hibernate: select
	oi.store_id as storeId,
	s.name as storeName,
	oi.dish_id as dishId,
	d.name as dishName,
	sum(oi.quantity) as quantitySold,
	count(distinct oi.order_id) as orderCount,
	coalesce(sum(oi.unit_price * oi.quantity), 0) as revenue
from order_items oi
join orders o on o.id = oi.order_id
join stores s on s.id = oi.store_id
join dishes d on d.id = oi.dish_id
where o.payment_status = 'PAID'
  and o.status <> 'CANCELLED'
  and oi.store_id = ?
group by oi.store_id, s.name, oi.dish_id, d.name
order by quantitySold desc, revenue desc, d.name asc limit ?

Hibernate: select ip1_0.store_id,ip1_0.sort_order,ip1_0.image_path from store_image_paths ip1_0 where ip1_0.store_id=?
Hibernate: select coalesce(sum(o1_0.total_amount),0) from orders o1_0 where o1_0.payment_status='PAID' and o1_0.paid_at>=? and o1_0.paid_at<? and exists(select 1 from order_items oi1_0 where oi1_0.order_id=o1_0.id and oi1_0.store_id=?)
Hibernate: select
	oi.store_id as storeId,
	s.name as storeName,
	oi.dish_id as dishId,
	d.name as dishName,
	sum(oi.quantity) as quantitySold,
	count(distinct oi.order_id) as orderCount,
	coalesce(sum(oi.unit_price * oi.quantity), 0) as revenue
from order_items oi
join orders o on o.id = oi.order_id
join stores s on s.id = oi.store_id
join dishes d on d.id = oi.dish_id
where o.payment_status = 'PAID'
  and o.status <> 'CANCELLED'
  and oi.store_id = ?
group by oi.store_id, s.name, oi.dish_id, d.name
order by quantitySold desc, revenue desc, d.name asc limit ?

Hibernate: select ip1_0.store_id,ip1_0.sort_order,ip1_0.image_path from store_image_paths ip1_0 where ip1_0.store_id=?
Hibernate: select coalesce(sum(o1_0.total_amount),0) from orders o1_0 where o1_0.payment_status='PAID' and o1_0.paid_at>=? and o1_0.paid_at<? and exists(select 1 from order_items oi1_0 where oi1_0.order_id=o1_0.id and oi1_0.store_id=?)
Hibernate: select
	oi.store_id as storeId,
	s.name as storeName,
	oi.dish_id as dishId,
	d.name as dishName,
	sum(oi.quantity) as quantitySold,
	count(distinct oi.order_id) as orderCount,
	coalesce(sum(oi.unit_price * oi.quantity), 0) as revenue
from order_items oi
join orders o on o.id = oi.order_id
join stores s on s.id = oi.store_id
join dishes d on d.id = oi.dish_id
where o.payment_status = 'PAID'
  and o.status <> 'CANCELLED'
  and oi.store_id = ?
group by oi.store_id, s.name, oi.dish_id, d.name
order by quantitySold desc, revenue desc, d.name asc limit ?

Hibernate: select ip1_0.store_id,ip1_0.sort_order,ip1_0.image_path from store_image_paths ip1_0 where ip1_0.store_id=?
Hibernate: select coalesce(sum(o1_0.total_amount),0) from orders o1_0 where o1_0.payment_status='PAID' and o1_0.paid_at>=? and o1_0.paid_at<? and exists(select 1 from order_items oi1_0 where oi1_0.order_id=o1_0.id and oi1_0.store_id=?)
Hibernate: select
	oi.store_id as storeId,
	s.name as storeName,
	oi.dish_id as dishId,
	d.name as dishName,
	sum(oi.quantity) as quantitySold,
	count(distinct oi.order_id) as orderCount,
	coalesce(sum(oi.unit_price * oi.quantity), 0) as revenue
from order_items oi
join orders o on o.id = oi.order_id
join stores s on s.id = oi.store_id
join dishes d on d.id = oi.dish_id
where o.payment_status = 'PAID'
  and o.status <> 'CANCELLED'
  and oi.store_id = ?
group by oi.store_id, s.name, oi.dish_id, d.name
order by quantitySold desc, revenue desc, d.name asc limit ?

Hibernate: select ip1_0.store_id,ip1_0.sort_order,ip1_0.image_path from store_image_paths ip1_0 where ip1_0.store_id=?
Hibernate: select coalesce(sum(o1_0.total_amount),0) from orders o1_0 where o1_0.payment_status='PAID' and o1_0.paid_at>=? and o1_0.paid_at<? and exists(select 1 from order_items oi1_0 where oi1_0.order_id=o1_0.id and oi1_0.store_id=?)
Hibernate: select
	oi.store_id as storeId,
	s.name as storeName,
	oi.dish_id as dishId,
	d.name as dishName,
	sum(oi.quantity) as quantitySold,
	count(distinct oi.order_id) as orderCount,
	coalesce(sum(oi.unit_price * oi.quantity), 0) as revenue
from order_items oi
join orders o on o.id = oi.order_id
join stores s on s.id = oi.store_id
join dishes d on d.id = oi.dish_id
where o.payment_status = 'PAID'
  and o.status <> 'CANCELLED'
  and oi.store_id = ?
group by oi.store_id, s.name, oi.dish_id, d.name
order by quantitySold desc, revenue desc, d.name asc limit ?

Hibernate: select ip1_0.store_id,ip1_0.sort_order,ip1_0.image_path from store_image_paths ip1_0 where ip1_0.store_id=?
Hibernate: select coalesce(sum(o1_0.total_amount),0) from orders o1_0 where o1_0.payment_status='PAID' and o1_0.paid_at>=? and o1_0.paid_at<? and exists(select 1 from order_items oi1_0 where oi1_0.order_id=o1_0.id and oi1_0.store_id=?)
Hibernate: select
	oi.store_id as storeId,
	s.name as storeName,
	oi.dish_id as dishId,
	d.name as dishName,
	sum(oi.quantity) as quantitySold,
	count(distinct oi.order_id) as orderCount,
	coalesce(sum(oi.unit_price * oi.quantity), 0) as revenue
from order_items oi
join orders o on o.id = oi.order_id
join stores s on s.id = oi.store_id
join dishes d on d.id = oi.dish_id
where o.payment_status = 'PAID'
  and o.status <> 'CANCELLED'
  and oi.store_id = ?
group by oi.store_id, s.name, oi.dish_id, d.name
order by quantitySold desc, revenue desc, d.name asc limit ?

Hibernate: select ip1_0.store_id,ip1_0.sort_order,ip1_0.image_path from store_image_paths ip1_0 where ip1_0.store_id=?
Hibernate: select coalesce(sum(o1_0.total_amount),0) from orders o1_0 where o1_0.payment_status='PAID' and o1_0.paid_at>=? and o1_0.paid_at<? and exists(select 1 from order_items oi1_0 where oi1_0.order_id=o1_0.id and oi1_0.store_id=?)
Hibernate: select
	oi.store_id as storeId,
	s.name as storeName,
	oi.dish_id as dishId,
	d.name as dishName,
	sum(oi.quantity) as quantitySold,
	count(distinct oi.order_id) as orderCount,
	coalesce(sum(oi.unit_price * oi.quantity), 0) as revenue
from order_items oi
join orders o on o.id = oi.order_id
join stores s on s.id = oi.store_id
join dishes d on d.id = oi.dish_id
where o.payment_status = 'PAID'
  and o.status <> 'CANCELLED'
  and oi.store_id = ?
group by oi.store_id, s.name, oi.dish_id, d.name
order by quantitySold desc, revenue desc, d.name asc limit ?

Hibernate: select ip1_0.store_id,ip1_0.sort_order,ip1_0.image_path from store_image_paths ip1_0 where ip1_0.store_id=?
Hibernate: select coalesce(sum(o1_0.total_amount),0) from orders o1_0 where o1_0.payment_status='PAID' and o1_0.paid_at>=? and o1_0.paid_at<? and exists(select 1 from order_items oi1_0 where oi1_0.order_id=o1_0.id and oi1_0.store_id=?)
Hibernate: select
	oi.store_id as storeId,
	s.name as storeName,
	oi.dish_id as dishId,
	d.name as dishName,
	sum(oi.quantity) as quantitySold,
	count(distinct oi.order_id) as orderCount,
	coalesce(sum(oi.unit_price * oi.quantity), 0) as revenue
from order_items oi
join orders o on o.id = oi.order_id
join stores s on s.id = oi.store_id
join dishes d on d.id = oi.dish_id
where o.payment_status = 'PAID'
  and o.status <> 'CANCELLED'
  and oi.store_id = ?
group by oi.store_id, s.name, oi.dish_id, d.name
order by quantitySold desc, revenue desc, d.name asc limit ?

Hibernate: select ip1_0.store_id,ip1_0.sort_order,ip1_0.image_path from store_image_paths ip1_0 where ip1_0.store_id=?
Hibernate: select d1_0.id,d1_0.active,d1_0.available,d1_0.category_id,d1_0.created_at,d1_0.description,d1_0.franchise_note,d1_0.franchise_required,d1_0.highlight_summary,d1_0.name,d1_0.note,d1_0.price,d1_0.status,d1_0.updated_at from dishes d1_0
Hibernate: select c1_0.id,c1_0.active,c1_0.created_at,c1_0.description,c1_0.name,c1_0.sort_order,s1_0.id,s1_0.active,s1_0.address,s1_0.area,s1_0.close_time,s1_0.contact_email,s1_0.created_at,s1_0.description,s1_0.design_signature,s1_0.franchise_mood,s1_0.highlight_summary,s1_0.hours_text,s1_0.latitude,s1_0.longitude,s1_0.name,s1_0.open_time,s1_0.personality,s1_0.phone_number,s1_0.position_label,s1_0.slug,s1_0.specialty,s1_0.updated_at,c1_0.updated_at from categories c1_0 left join stores s1_0 on s1_0.id=c1_0.store_id where c1_0.id=?
Hibernate: select c1_0.id,c1_0.active,c1_0.created_at,c1_0.description,c1_0.name,c1_0.sort_order,s1_0.id,s1_0.active,s1_0.address,s1_0.area,s1_0.close_time,s1_0.contact_email,s1_0.created_at,s1_0.description,s1_0.design_signature,s1_0.franchise_mood,s1_0.highlight_summary,s1_0.hours_text,s1_0.latitude,s1_0.longitude,s1_0.name,s1_0.open_time,s1_0.personality,s1_0.phone_number,s1_0.position_label,s1_0.slug,s1_0.specialty,s1_0.updated_at,c1_0.updated_at from categories c1_0 left join stores s1_0 on s1_0.id=c1_0.store_id where c1_0.id=?
Hibernate: select c1_0.id,c1_0.active,c1_0.created_at,c1_0.description,c1_0.name,c1_0.sort_order,s1_0.id,s1_0.active,s1_0.address,s1_0.area,s1_0.close_time,s1_0.contact_email,s1_0.created_at,s1_0.description,s1_0.design_signature,s1_0.franchise_mood,s1_0.highlight_summary,s1_0.hours_text,s1_0.latitude,s1_0.longitude,s1_0.name,s1_0.open_time,s1_0.personality,s1_0.phone_number,s1_0.position_label,s1_0.slug,s1_0.specialty,s1_0.updated_at,c1_0.updated_at from categories c1_0 left join stores s1_0 on s1_0.id=c1_0.store_id where c1_0.id=?
Hibernate: select c1_0.id,c1_0.active,c1_0.created_at,c1_0.description,c1_0.name,c1_0.sort_order,s1_0.id,s1_0.active,s1_0.address,s1_0.area,s1_0.close_time,s1_0.contact_email,s1_0.created_at,s1_0.description,s1_0.design_signature,s1_0.franchise_mood,s1_0.highlight_summary,s1_0.hours_text,s1_0.latitude,s1_0.longitude,s1_0.name,s1_0.open_time,s1_0.personality,s1_0.phone_number,s1_0.position_label,s1_0.slug,s1_0.specialty,s1_0.updated_at,c1_0.updated_at from categories c1_0 left join stores s1_0 on s1_0.id=c1_0.store_id where c1_0.id=?
Hibernate: select c1_0.id,c1_0.active,c1_0.created_at,c1_0.description,c1_0.name,c1_0.sort_order,s1_0.id,s1_0.active,s1_0.address,s1_0.area,s1_0.close_time,s1_0.contact_email,s1_0.created_at,s1_0.description,s1_0.design_signature,s1_0.franchise_mood,s1_0.highlight_summary,s1_0.hours_text,s1_0.latitude,s1_0.longitude,s1_0.name,s1_0.open_time,s1_0.personality,s1_0.phone_number,s1_0.position_label,s1_0.slug,s1_0.specialty,s1_0.updated_at,c1_0.updated_at from categories c1_0 left join stores s1_0 on s1_0.id=c1_0.store_id where c1_0.id=?
Hibernate: select c1_0.id,c1_0.active,c1_0.created_at,c1_0.description,c1_0.name,c1_0.sort_order,s1_0.id,s1_0.active,s1_0.address,s1_0.area,s1_0.close_time,s1_0.contact_email,s1_0.created_at,s1_0.description,s1_0.design_signature,s1_0.franchise_mood,s1_0.highlight_summary,s1_0.hours_text,s1_0.latitude,s1_0.longitude,s1_0.name,s1_0.open_time,s1_0.personality,s1_0.phone_number,s1_0.position_label,s1_0.slug,s1_0.specialty,s1_0.updated_at,c1_0.updated_at from categories c1_0 left join stores s1_0 on s1_0.id=c1_0.store_id where c1_0.id=?
Hibernate: select c1_0.id,c1_0.active,c1_0.created_at,c1_0.description,c1_0.name,c1_0.sort_order,s1_0.id,s1_0.active,s1_0.address,s1_0.area,s1_0.close_time,s1_0.contact_email,s1_0.created_at,s1_0.description,s1_0.design_signature,s1_0.franchise_mood,s1_0.highlight_summary,s1_0.hours_text,s1_0.latitude,s1_0.longitude,s1_0.name,s1_0.open_time,s1_0.personality,s1_0.phone_number,s1_0.position_label,s1_0.slug,s1_0.specialty,s1_0.updated_at,c1_0.updated_at from categories c1_0 left join stores s1_0 on s1_0.id=c1_0.store_id where c1_0.id=?
Hibernate: select c1_0.id,c1_0.active,c1_0.created_at,c1_0.description,c1_0.name,c1_0.sort_order,s1_0.id,s1_0.active,s1_0.address,s1_0.area,s1_0.close_time,s1_0.contact_email,s1_0.created_at,s1_0.description,s1_0.design_signature,s1_0.franchise_mood,s1_0.highlight_summary,s1_0.hours_text,s1_0.latitude,s1_0.longitude,s1_0.name,s1_0.open_time,s1_0.personality,s1_0.phone_number,s1_0.position_label,s1_0.slug,s1_0.specialty,s1_0.updated_at,c1_0.updated_at from categories c1_0 left join stores s1_0 on s1_0.id=c1_0.store_id where c1_0.id=?
Hibernate: select c1_0.id,c1_0.active,c1_0.created_at,c1_0.description,c1_0.name,c1_0.sort_order,s1_0.id,s1_0.active,s1_0.address,s1_0.area,s1_0.close_time,s1_0.contact_email,s1_0.created_at,s1_0.description,s1_0.design_signature,s1_0.franchise_mood,s1_0.highlight_summary,s1_0.hours_text,s1_0.latitude,s1_0.longitude,s1_0.name,s1_0.open_time,s1_0.personality,s1_0.phone_number,s1_0.position_label,s1_0.slug,s1_0.specialty,s1_0.updated_at,c1_0.updated_at from categories c1_0 left join stores s1_0 on s1_0.id=c1_0.store_id where c1_0.id=?
Hibernate: select c1_0.id,c1_0.active,c1_0.created_at,c1_0.description,c1_0.name,c1_0.sort_order,s1_0.id,s1_0.active,s1_0.address,s1_0.area,s1_0.close_time,s1_0.contact_email,s1_0.created_at,s1_0.description,s1_0.design_signature,s1_0.franchise_mood,s1_0.highlight_summary,s1_0.hours_text,s1_0.latitude,s1_0.longitude,s1_0.name,s1_0.open_time,s1_0.personality,s1_0.phone_number,s1_0.position_label,s1_0.slug,s1_0.specialty,s1_0.updated_at,c1_0.updated_at from categories c1_0 left join stores s1_0 on s1_0.id=c1_0.store_id where c1_0.id=?
Hibernate: select c1_0.id,c1_0.active,c1_0.created_at,c1_0.description,c1_0.name,c1_0.sort_order,s1_0.id,s1_0.active,s1_0.address,s1_0.area,s1_0.close_time,s1_0.contact_email,s1_0.created_at,s1_0.description,s1_0.design_signature,s1_0.franchise_mood,s1_0.highlight_summary,s1_0.hours_text,s1_0.latitude,s1_0.longitude,s1_0.name,s1_0.open_time,s1_0.personality,s1_0.phone_number,s1_0.position_label,s1_0.slug,s1_0.specialty,s1_0.updated_at,c1_0.updated_at from categories c1_0 left join stores s1_0 on s1_0.id=c1_0.store_id where c1_0.id=?
Hibernate: select c1_0.id,c1_0.active,c1_0.created_at,c1_0.description,c1_0.name,c1_0.sort_order,s1_0.id,s1_0.active,s1_0.address,s1_0.area,s1_0.close_time,s1_0.contact_email,s1_0.created_at,s1_0.description,s1_0.design_signature,s1_0.franchise_mood,s1_0.highlight_summary,s1_0.hours_text,s1_0.latitude,s1_0.longitude,s1_0.name,s1_0.open_time,s1_0.personality,s1_0.phone_number,s1_0.position_label,s1_0.slug,s1_0.specialty,s1_0.updated_at,c1_0.updated_at from categories c1_0 left join stores s1_0 on s1_0.id=c1_0.store_id where c1_0.id=?
Hibernate: select c1_0.id,c1_0.active,c1_0.created_at,c1_0.description,c1_0.name,c1_0.sort_order,s1_0.id,s1_0.active,s1_0.address,s1_0.area,s1_0.close_time,s1_0.contact_email,s1_0.created_at,s1_0.description,s1_0.design_signature,s1_0.franchise_mood,s1_0.highlight_summary,s1_0.hours_text,s1_0.latitude,s1_0.longitude,s1_0.name,s1_0.open_time,s1_0.personality,s1_0.phone_number,s1_0.position_label,s1_0.slug,s1_0.specialty,s1_0.updated_at,c1_0.updated_at from categories c1_0 left join stores s1_0 on s1_0.id=c1_0.store_id where c1_0.id=?
Hibernate: select c1_0.id,c1_0.active,c1_0.created_at,c1_0.description,c1_0.name,c1_0.sort_order,s1_0.id,s1_0.active,s1_0.address,s1_0.area,s1_0.close_time,s1_0.contact_email,s1_0.created_at,s1_0.description,s1_0.design_signature,s1_0.franchise_mood,s1_0.highlight_summary,s1_0.hours_text,s1_0.latitude,s1_0.longitude,s1_0.name,s1_0.open_time,s1_0.personality,s1_0.phone_number,s1_0.position_label,s1_0.slug,s1_0.specialty,s1_0.updated_at,c1_0.updated_at from categories c1_0 left join stores s1_0 on s1_0.id=c1_0.store_id where c1_0.id=?
Hibernate: select c1_0.id,c1_0.active,c1_0.created_at,c1_0.description,c1_0.name,c1_0.sort_order,s1_0.id,s1_0.active,s1_0.address,s1_0.area,s1_0.close_time,s1_0.contact_email,s1_0.created_at,s1_0.description,s1_0.design_signature,s1_0.franchise_mood,s1_0.highlight_summary,s1_0.hours_text,s1_0.latitude,s1_0.longitude,s1_0.name,s1_0.open_time,s1_0.personality,s1_0.phone_number,s1_0.position_label,s1_0.slug,s1_0.specialty,s1_0.updated_at,c1_0.updated_at from categories c1_0 left join stores s1_0 on s1_0.id=c1_0.store_id where c1_0.id=?
Hibernate: select c1_0.id,c1_0.active,c1_0.created_at,c1_0.description,c1_0.name,c1_0.sort_order,s1_0.id,s1_0.active,s1_0.address,s1_0.area,s1_0.close_time,s1_0.contact_email,s1_0.created_at,s1_0.description,s1_0.design_signature,s1_0.franchise_mood,s1_0.highlight_summary,s1_0.hours_text,s1_0.latitude,s1_0.longitude,s1_0.name,s1_0.open_time,s1_0.personality,s1_0.phone_number,s1_0.position_label,s1_0.slug,s1_0.specialty,s1_0.updated_at,c1_0.updated_at from categories c1_0 left join stores s1_0 on s1_0.id=c1_0.store_id where c1_0.id=?
Hibernate: select c1_0.id,c1_0.active,c1_0.created_at,c1_0.description,c1_0.name,c1_0.sort_order,s1_0.id,s1_0.active,s1_0.address,s1_0.area,s1_0.close_time,s1_0.contact_email,s1_0.created_at,s1_0.description,s1_0.design_signature,s1_0.franchise_mood,s1_0.highlight_summary,s1_0.hours_text,s1_0.latitude,s1_0.longitude,s1_0.name,s1_0.open_time,s1_0.personality,s1_0.phone_number,s1_0.position_label,s1_0.slug,s1_0.specialty,s1_0.updated_at,c1_0.updated_at from categories c1_0 left join stores s1_0 on s1_0.id=c1_0.store_id where c1_0.id=?
Hibernate: select c1_0.id,c1_0.active,c1_0.created_at,c1_0.description,c1_0.name,c1_0.sort_order,s1_0.id,s1_0.active,s1_0.address,s1_0.area,s1_0.close_time,s1_0.contact_email,s1_0.created_at,s1_0.description,s1_0.design_signature,s1_0.franchise_mood,s1_0.highlight_summary,s1_0.hours_text,s1_0.latitude,s1_0.longitude,s1_0.name,s1_0.open_time,s1_0.personality,s1_0.phone_number,s1_0.position_label,s1_0.slug,s1_0.specialty,s1_0.updated_at,c1_0.updated_at from categories c1_0 left join stores s1_0 on s1_0.id=c1_0.store_id where c1_0.id=?
Hibernate: select c1_0.id,c1_0.active,c1_0.created_at,c1_0.description,c1_0.name,c1_0.sort_order,s1_0.id,s1_0.active,s1_0.address,s1_0.area,s1_0.close_time,s1_0.contact_email,s1_0.created_at,s1_0.description,s1_0.design_signature,s1_0.franchise_mood,s1_0.highlight_summary,s1_0.hours_text,s1_0.latitude,s1_0.longitude,s1_0.name,s1_0.open_time,s1_0.personality,s1_0.phone_number,s1_0.position_label,s1_0.slug,s1_0.specialty,s1_0.updated_at,c1_0.updated_at from categories c1_0 left join stores s1_0 on s1_0.id=c1_0.store_id where c1_0.id=?
Hibernate: select c1_0.id,c1_0.active,c1_0.created_at,c1_0.description,c1_0.name,c1_0.sort_order,s1_0.id,s1_0.active,s1_0.address,s1_0.area,s1_0.close_time,s1_0.contact_email,s1_0.created_at,s1_0.description,s1_0.design_signature,s1_0.franchise_mood,s1_0.highlight_summary,s1_0.hours_text,s1_0.latitude,s1_0.longitude,s1_0.name,s1_0.open_time,s1_0.personality,s1_0.phone_number,s1_0.position_label,s1_0.slug,s1_0.specialty,s1_0.updated_at,c1_0.updated_at from categories c1_0 left join stores s1_0 on s1_0.id=c1_0.store_id where c1_0.id=?
Hibernate: select ip1_0.dish_id,ip1_0.sort_order,ip1_0.image_path from dish_image_paths ip1_0 where ip1_0.dish_id=?
Hibernate: select ip1_0.dish_id,ip1_0.sort_order,ip1_0.image_path from dish_image_paths ip1_0 where ip1_0.dish_id=?
Hibernate: select ip1_0.dish_id,ip1_0.sort_order,ip1_0.image_path from dish_image_paths ip1_0 where ip1_0.dish_id=?
Hibernate: select ip1_0.dish_id,ip1_0.sort_order,ip1_0.image_path from dish_image_paths ip1_0 where ip1_0.dish_id=?
Hibernate: select ip1_0.dish_id,ip1_0.sort_order,ip1_0.image_path from dish_image_paths ip1_0 where ip1_0.dish_id=?
Hibernate: select ip1_0.dish_id,ip1_0.sort_order,ip1_0.image_path from dish_image_paths ip1_0 where ip1_0.dish_id=?
Hibernate: select ip1_0.dish_id,ip1_0.sort_order,ip1_0.image_path from dish_image_paths ip1_0 where ip1_0.dish_id=?
Hibernate: select ip1_0.dish_id,ip1_0.sort_order,ip1_0.image_path from dish_image_paths ip1_0 where ip1_0.dish_id=?
Hibernate: select ip1_0.dish_id,ip1_0.sort_order,ip1_0.image_path from dish_image_paths ip1_0 where ip1_0.dish_id=?
Hibernate: select ip1_0.dish_id,ip1_0.sort_order,ip1_0.image_path from dish_image_paths ip1_0 where ip1_0.dish_id=?
Hibernate: select ip1_0.dish_id,ip1_0.sort_order,ip1_0.image_path from dish_image_paths ip1_0 where ip1_0.dish_id=?
Hibernate: select ip1_0.dish_id,ip1_0.sort_order,ip1_0.image_path from dish_image_paths ip1_0 where ip1_0.dish_id=?
Hibernate: select ip1_0.dish_id,ip1_0.sort_order,ip1_0.image_path from dish_image_paths ip1_0 where ip1_0.dish_id=?
Hibernate: select ip1_0.dish_id,ip1_0.sort_order,ip1_0.image_path from dish_image_paths ip1_0 where ip1_0.dish_id=?
Hibernate: select ei1_0.id,ei1_0.active,ei1_0.booked_count,ei1_0.capacity,ei1_0.created_at,ei1_0.description,ei1_0.ends_at,ei1_0.highlight_summary,ei1_0.location,ei1_0.name,ei1_0.schedule_text,ei1_0.slug,ei1_0.starts_at,ei1_0.store_id,ei1_0.updated_at from events ei1_0
Hibernate: select ip1_0.event_id,ip1_0.sort_order,ip1_0.image_path from event_image_paths ip1_0 where ip1_0.event_id=?
Hibernate: select ip1_0.event_id,ip1_0.sort_order,ip1_0.image_path from event_image_paths ip1_0 where ip1_0.event_id=?
Hibernate: select ip1_0.event_id,ip1_0.sort_order,ip1_0.image_path from event_image_paths ip1_0 where ip1_0.event_id=?
Hibernate: select ip1_0.event_id,ip1_0.sort_order,ip1_0.image_path from event_image_paths ip1_0 where ip1_0.event_id=?
Hibernate: select ip1_0.event_id,ip1_0.sort_order,ip1_0.image_path from event_image_paths ip1_0 where ip1_0.event_id=?
Hibernate: select ip1_0.event_id,ip1_0.sort_order,ip1_0.image_path from event_image_paths ip1_0 where ip1_0.event_id=?
Hibernate: select ip1_0.event_id,ip1_0.sort_order,ip1_0.image_path from event_image_paths ip1_0 where ip1_0.event_id=?
Hibernate: select ip1_0.event_id,ip1_0.sort_order,ip1_0.image_path from event_image_paths ip1_0 where ip1_0.event_id=?
Hibernate: select ip1_0.event_id,ip1_0.sort_order,ip1_0.image_path from event_image_paths ip1_0 where ip1_0.event_id=?
Hibernate: select ip1_0.event_id,ip1_0.sort_order,ip1_0.image_path from event_image_paths ip1_0 where ip1_0.event_id=?
Hibernate: select ip1_0.event_id,ip1_0.sort_order,ip1_0.image_path from event_image_paths ip1_0 where ip1_0.event_id=?
Hibernate: select ip1_0.event_id,ip1_0.sort_order,ip1_0.image_path from event_image_paths ip1_0 where ip1_0.event_id=?
Hibernate: select na1_0.id,na1_0.content,na1_0.created_at,na1_0.featured,na1_0.published,na1_0.published_at,na1_0.related_store_id,na1_0.slug,na1_0.summary,na1_0.title,na1_0.updated_at from news_articles na1_0
Hibernate: select ip1_0.news_article_id,ip1_0.sort_order,ip1_0.image_path from news_article_image_paths ip1_0 where ip1_0.news_article_id=?
Hibernate: select t1_0.news_article_id,t1_0.sort_order,t1_0.tag from news_article_tags t1_0 where t1_0.news_article_id=?
Hibernate: select ip1_0.news_article_id,ip1_0.sort_order,ip1_0.image_path from news_article_image_paths ip1_0 where ip1_0.news_article_id=?
Hibernate: select t1_0.news_article_id,t1_0.sort_order,t1_0.tag from news_article_tags t1_0 where t1_0.news_article_id=?
Hibernate: select ip1_0.news_article_id,ip1_0.sort_order,ip1_0.image_path from news_article_image_paths ip1_0 where ip1_0.news_article_id=?
Hibernate: select t1_0.news_article_id,t1_0.sort_order,t1_0.tag from news_article_tags t1_0 where t1_0.news_article_id=?
Hibernate: select ip1_0.news_article_id,ip1_0.sort_order,ip1_0.image_path from news_article_image_paths ip1_0 where ip1_0.news_article_id=?
Hibernate: select t1_0.news_article_id,t1_0.sort_order,t1_0.tag from news_article_tags t1_0 where t1_0.news_article_id=?
Hibernate: select ip1_0.news_article_id,ip1_0.sort_order,ip1_0.image_path from news_article_image_paths ip1_0 where ip1_0.news_article_id=?
Hibernate: select t1_0.news_article_id,t1_0.sort_order,t1_0.tag from news_article_tags t1_0 where t1_0.news_article_id=?
Hibernate: select ip1_0.news_article_id,ip1_0.sort_order,ip1_0.image_path from news_article_image_paths ip1_0 where ip1_0.news_article_id=?
Hibernate: select t1_0.news_article_id,t1_0.sort_order,t1_0.tag from news_article_tags t1_0 where t1_0.news_article_id=?
Hibernate: select ip1_0.news_article_id,ip1_0.sort_order,ip1_0.image_path from news_article_image_paths ip1_0 where ip1_0.news_article_id=?
Hibernate: select t1_0.news_article_id,t1_0.sort_order,t1_0.tag from news_article_tags t1_0 where t1_0.news_article_id=?
Hibernate: select ip1_0.news_article_id,ip1_0.sort_order,ip1_0.image_path from news_article_image_paths ip1_0 where ip1_0.news_article_id=?
Hibernate: select t1_0.news_article_id,t1_0.sort_order,t1_0.tag from news_article_tags t1_0 where t1_0.news_article_id=?
Hibernate: select ip1_0.news_article_id,ip1_0.sort_order,ip1_0.image_path from news_article_image_paths ip1_0 where ip1_0.news_article_id=?
Hibernate: select t1_0.news_article_id,t1_0.sort_order,t1_0.tag from news_article_tags t1_0 where t1_0.news_article_id=?
Hibernate: select ip1_0.news_article_id,ip1_0.sort_order,ip1_0.image_path from news_article_image_paths ip1_0 where ip1_0.news_article_id=?
Hibernate: select t1_0.news_article_id,t1_0.sort_order,t1_0.tag from news_article_tags t1_0 where t1_0.news_article_id=?
Hibernate: select ip1_0.news_article_id,ip1_0.sort_order,ip1_0.image_path from news_article_image_paths ip1_0 where ip1_0.news_article_id=?
Hibernate: select t1_0.news_article_id,t1_0.sort_order,t1_0.tag from news_article_tags t1_0 where t1_0.news_article_id=?
Hibernate: select ip1_0.news_article_id,ip1_0.sort_order,ip1_0.image_path from news_article_image_paths ip1_0 where ip1_0.news_article_id=?
Hibernate: select t1_0.news_article_id,t1_0.sort_order,t1_0.tag from news_article_tags t1_0 where t1_0.news_article_id=?
Hibernate: select p1_0.id,p1_0.active,p1_0.code,p1_0.created_at,p1_0.description,p1_0.discount_type,p1_0.discount_value,p1_0.ends_at,p1_0.max_discount_amount,p1_0.min_cross_store_bill_amount,p1_0.min_order_amount,p1_0.min_store_bill_amount,p1_0.name,p1_0.scope,p1_0.starts_at,p1_0.updated_at,p1_0.usage_limit,p1_0.used_count from promotions p1_0
Hibernate: select c1_0.id,c1_0.created_at,c1_0.status,c1_0.updated_at,c1_0.user_id from carts c1_0 join users u1_0 on u1_0.id=c1_0.user_id where u1_0.id=? and c1_0.status=?
Hibernate: select ci1_0.id,ci1_0.cart_id,ci1_0.created_at,ci1_0.dish_id,ci1_0.quantity,ci1_0.store_id,ci1_0.unit_price,ci1_0.updated_at from cart_items ci1_0 join carts c1_0 on c1_0.id=ci1_0.cart_id where c1_0.id=?
Hibernate: select o1_0.id,o1_0.confirmed_at,o1_0.confirmed_by_user_id,o1_0.created_at,o1_0.delivering_shipper_id,o1_0.delivery_address,o1_0.delivery_address_id,o1_0.delivery_full_name,o1_0.delivery_phone_number,o1_0.delivery_proof_captured_at,o1_0.delivery_proof_image_path,o1_0.delivery_proof_note,o1_0.delivery_proof_uploaded_at,o1_0.delivery_type,o1_0.discount_amount,o1_0.invoice_issued_at,o1_0.invoice_number,o1_0.invoice_qr_token,o1_0.paid_at,o1_0.payment_cancel_url,o1_0.payment_checkout_url,o1_0.payment_expires_at,o1_0.payment_link_id,o1_0.payment_provider,o1_0.payment_qr_code,o1_0.payment_reference,o1_0.payment_return_url,o1_0.payment_status,o1_0.payos_order_code,o1_0.preparing_staff_id,o1_0.promotion_code,o1_0.promotion_eligible_amount,o1_0.promotion_scope,o1_0.scheduled_delivery_at,o1_0.status,o1_0.subtotal_amount,o1_0.total_amount,o1_0.updated_at,o1_0.user_id from orders o1_0 join users u1_0 on u1_0.id=o1_0.user_id where u1_0.id=?
Hibernate: select u1_0.id,u1_0.created_at,u1_0.email,u1_0.enabled,u1_0.full_name,u1_0.password_hash,u1_0.profile_completed,u1_0.role,u1_0.updated_at,u1_0.verified_at,ws1_0.id,ws1_0.active,ws1_0.address,ws1_0.area,ws1_0.close_time,ws1_0.contact_email,ws1_0.created_at,ws1_0.description,ws1_0.design_signature,ws1_0.franchise_mood,ws1_0.highlight_summary,ws1_0.hours_text,ws1_0.latitude,ws1_0.longitude,ws1_0.name,ws1_0.open_time,ws1_0.personality,ws1_0.phone_number,ws1_0.position_label,ws1_0.slug,ws1_0.specialty,ws1_0.updated_at from users u1_0 left join stores ws1_0 on ws1_0.id=u1_0.working_store_id where u1_0.id=?
Hibernate: select u1_0.id,u1_0.created_at,u1_0.email,u1_0.enabled,u1_0.full_name,u1_0.password_hash,u1_0.profile_completed,u1_0.role,u1_0.updated_at,u1_0.verified_at,ws1_0.id,ws1_0.active,ws1_0.address,ws1_0.area,ws1_0.close_time,ws1_0.contact_email,ws1_0.created_at,ws1_0.description,ws1_0.design_signature,ws1_0.franchise_mood,ws1_0.highlight_summary,ws1_0.hours_text,ws1_0.latitude,ws1_0.longitude,ws1_0.name,ws1_0.open_time,ws1_0.personality,ws1_0.phone_number,ws1_0.position_label,ws1_0.slug,ws1_0.specialty,ws1_0.updated_at from users u1_0 left join stores ws1_0 on ws1_0.id=u1_0.working_store_id where u1_0.id=?
Hibernate: select oi1_0.id,oi1_0.created_at,oi1_0.dish_id,oi1_0.order_id,oi1_0.quantity,oi1_0.store_id,oi1_0.unit_price,oi1_0.updated_at from order_items oi1_0 join orders o1_0 on o1_0.id=oi1_0.order_id where o1_0.id=?
Hibernate: select oi1_0.id,oi1_0.created_at,oi1_0.dish_id,oi1_0.order_id,oi1_0.quantity,oi1_0.store_id,oi1_0.unit_price,oi1_0.updated_at from order_items oi1_0 join orders o1_0 on o1_0.id=oi1_0.order_id where o1_0.id=?
Hibernate: select oi1_0.id,oi1_0.created_at,oi1_0.dish_id,oi1_0.order_id,oi1_0.quantity,oi1_0.store_id,oi1_0.unit_price,oi1_0.updated_at from order_items oi1_0 join orders o1_0 on o1_0.id=oi1_0.order_id where o1_0.id=?
Hibernate: select oi1_0.id,oi1_0.created_at,oi1_0.dish_id,oi1_0.order_id,oi1_0.quantity,oi1_0.store_id,oi1_0.unit_price,oi1_0.updated_at from order_items oi1_0 join orders o1_0 on o1_0.id=oi1_0.order_id where o1_0.id=?
Hibernate: select oi1_0.id,oi1_0.created_at,oi1_0.dish_id,oi1_0.order_id,oi1_0.quantity,oi1_0.store_id,oi1_0.unit_price,oi1_0.updated_at from order_items oi1_0 join orders o1_0 on o1_0.id=oi1_0.order_id where o1_0.id=?
Hibernate: select oi1_0.id,oi1_0.created_at,oi1_0.dish_id,oi1_0.order_id,oi1_0.quantity,oi1_0.store_id,oi1_0.unit_price,oi1_0.updated_at from order_items oi1_0 join orders o1_0 on o1_0.id=oi1_0.order_id where o1_0.id=?
Hibernate: select sd1_0.id,sd1_0.available,sd1_0.created_at,sd1_0.dish_id,sd1_0.price_override,sd1_0.quantity,sd1_0.store_id,sd1_0.updated_at from store_dishes sd1_0 join dishes d1_0 on d1_0.id=sd1_0.dish_id where d1_0.id=?
Hibernate: select sd1_0.id,sd1_0.available,sd1_0.created_at,sd1_0.dish_id,sd1_0.price_override,sd1_0.quantity,sd1_0.store_id,sd1_0.updated_at from store_dishes sd1_0 join dishes d1_0 on d1_0.id=sd1_0.dish_id where d1_0.id=?
Hibernate: select sd1_0.id,sd1_0.available,sd1_0.created_at,sd1_0.dish_id,sd1_0.price_override,sd1_0.quantity,sd1_0.store_id,sd1_0.updated_at from store_dishes sd1_0 join dishes d1_0 on d1_0.id=sd1_0.dish_id where d1_0.id=?
Hibernate: insert into ai_chat_messages (actions_json,content,created_at,model,references_json,role,thread_id) values (?,?,?,?,?,?,?)
Hibernate: insert into ai_chat_messages (actions_json,content,created_at,model,references_json,role,thread_id) values (?,?,?,?,?,?,?)
Hibernate: update ai_chat_threads set last_message_at=?,last_message_preview=?,last_message_role=?,message_count=?,title=?,updated_at=?,user_id=? where id=?
Hibernate: select us1_0.id,us1_0.created_at,us1_0.expires_at,us1_0.token,us1_0.user_id from user_sessions us1_0 where us1_0.token=?
Hibernate: select u1_0.id,u1_0.created_at,u1_0.email,u1_0.enabled,u1_0.full_name,u1_0.password_hash,u1_0.profile_completed,u1_0.role,u1_0.updated_at,u1_0.verified_at,ws1_0.id,ws1_0.active,ws1_0.address,ws1_0.area,ws1_0.close_time,ws1_0.contact_email,ws1_0.created_at,ws1_0.description,ws1_0.design_signature,ws1_0.franchise_mood,ws1_0.highlight_summary,ws1_0.hours_text,ws1_0.latitude,ws1_0.longitude,ws1_0.name,ws1_0.open_time,ws1_0.personality,ws1_0.phone_number,ws1_0.position_label,ws1_0.slug,ws1_0.specialty,ws1_0.updated_at from users u1_0 left join stores ws1_0 on ws1_0.id=u1_0.working_store_id where u1_0.id=?
Hibernate: select act1_0.id,act1_0.created_at,act1_0.last_message_at,act1_0.last_message_preview,act1_0.last_message_role,act1_0.message_count,act1_0.title,act1_0.updated_at,act1_0.user_id from ai_chat_threads act1_0 join users u1_0 on u1_0.id=act1_0.user_id where u1_0.id=? order by act1_0.updated_at desc limit ?
2026-04-11T11:51:56.573+07:00  INFO 2052 --- [nio-8080-exec-6] o.apache.tomcat.util.http.parser.Cookie  : A cookie header was received [g_state={"i_l":0,"i_ll":1775472525312,"i_e":{"enable_itp_optimization":0}}] that contained an invalid cookie. That cookie will be ignored.
 Note: further occurrences of this error will be logged at DEBUG level.
2026-04-11T11:51:56.573+07:00  INFO 2052 --- [nio-8080-exec-4] o.apache.tomcat.util.http.parser.Cookie  : A cookie header was received [g_state={"i_l":0,"i_ll":1775472525312,"i_e":{"enable_itp_optimization":0}}] that contained an invalid cookie. That cookie will be ignored.
 Note: further occurrences of this error will be logged at DEBUG level.
Hibernate: select us1_0.id,us1_0.created_at,us1_0.expires_at,us1_0.token,us1_0.user_id from user_sessions us1_0 where us1_0.token=?
Hibernate: select u1_0.id,u1_0.created_at,u1_0.email,u1_0.enabled,u1_0.full_name,u1_0.password_hash,u1_0.profile_completed,u1_0.role,u1_0.updated_at,u1_0.verified_at,ws1_0.id,ws1_0.active,ws1_0.address,ws1_0.area,ws1_0.close_time,ws1_0.contact_email,ws1_0.created_at,ws1_0.description,ws1_0.design_signature,ws1_0.franchise_mood,ws1_0.highlight_summary,ws1_0.hours_text,ws1_0.latitude,ws1_0.longitude,ws1_0.name,ws1_0.open_time,ws1_0.personality,ws1_0.phone_number,ws1_0.position_label,ws1_0.slug,ws1_0.specialty,ws1_0.updated_at from users u1_0 left join stores ws1_0 on ws1_0.id=u1_0.working_store_id where u1_0.id=?
Hibernate: select us1_0.id,us1_0.created_at,us1_0.expires_at,us1_0.token,us1_0.user_id from user_sessions us1_0 where us1_0.token=?
Hibernate: select us1_0.id,us1_0.created_at,us1_0.expires_at,us1_0.token,us1_0.user_id from user_sessions us1_0 where us1_0.token=?
Hibernate: select us1_0.id,us1_0.created_at,us1_0.expires_at,us1_0.token,us1_0.user_id from user_sessions us1_0 where us1_0.token=?
Hibernate: select us1_0.id,us1_0.created_at,us1_0.expires_at,us1_0.token,us1_0.user_id from user_sessions us1_0 where us1_0.token=?
Hibernate: select us1_0.id,us1_0.created_at,us1_0.expires_at,us1_0.token,us1_0.user_id from user_sessions us1_0 where us1_0.token=?
Hibernate: select us1_0.id,us1_0.created_at,us1_0.expires_at,us1_0.token,us1_0.user_id from user_sessions us1_0 where us1_0.token=?
Hibernate: select u1_0.id,u1_0.created_at,u1_0.email,u1_0.enabled,u1_0.full_name,u1_0.password_hash,u1_0.profile_completed,u1_0.role,u1_0.updated_at,u1_0.verified_at,ws1_0.id,ws1_0.active,ws1_0.address,ws1_0.area,ws1_0.close_time,ws1_0.contact_email,ws1_0.created_at,ws1_0.description,ws1_0.design_signature,ws1_0.franchise_mood,ws1_0.highlight_summary,ws1_0.hours_text,ws1_0.latitude,ws1_0.longitude,ws1_0.name,ws1_0.open_time,ws1_0.personality,ws1_0.phone_number,ws1_0.position_label,ws1_0.slug,ws1_0.specialty,ws1_0.updated_at from users u1_0 left join stores ws1_0 on ws1_0.id=u1_0.working_store_id where u1_0.id=?
Hibernate: select u1_0.id,u1_0.created_at,u1_0.email,u1_0.enabled,u1_0.full_name,u1_0.password_hash,u1_0.profile_completed,u1_0.role,u1_0.updated_at,u1_0.verified_at,ws1_0.id,ws1_0.active,ws1_0.address,ws1_0.area,ws1_0.close_time,ws1_0.contact_email,ws1_0.created_at,ws1_0.description,ws1_0.design_signature,ws1_0.franchise_mood,ws1_0.highlight_summary,ws1_0.hours_text,ws1_0.latitude,ws1_0.longitude,ws1_0.name,ws1_0.open_time,ws1_0.personality,ws1_0.phone_number,ws1_0.position_label,ws1_0.slug,ws1_0.specialty,ws1_0.updated_at from users u1_0 left join stores ws1_0 on ws1_0.id=u1_0.working_store_id where u1_0.id=?
Hibernate: select u1_0.id,u1_0.created_at,u1_0.email,u1_0.enabled,u1_0.full_name,u1_0.password_hash,u1_0.profile_completed,u1_0.role,u1_0.updated_at,u1_0.verified_at,ws1_0.id,ws1_0.active,ws1_0.address,ws1_0.area,ws1_0.close_time,ws1_0.contact_email,ws1_0.created_at,ws1_0.description,ws1_0.design_signature,ws1_0.franchise_mood,ws1_0.highlight_summary,ws1_0.hours_text,ws1_0.latitude,ws1_0.longitude,ws1_0.name,ws1_0.open_time,ws1_0.personality,ws1_0.phone_number,ws1_0.position_label,ws1_0.slug,ws1_0.specialty,ws1_0.updated_at from users u1_0 left join stores ws1_0 on ws1_0.id=u1_0.working_store_id where u1_0.id=?
Hibernate: select u1_0.id,u1_0.created_at,u1_0.email,u1_0.enabled,u1_0.full_name,u1_0.password_hash,u1_0.profile_completed,u1_0.role,u1_0.updated_at,u1_0.verified_at,ws1_0.id,ws1_0.active,ws1_0.address,ws1_0.area,ws1_0.close_time,ws1_0.contact_email,ws1_0.created_at,ws1_0.description,ws1_0.design_signature,ws1_0.franchise_mood,ws1_0.highlight_summary,ws1_0.hours_text,ws1_0.latitude,ws1_0.longitude,ws1_0.name,ws1_0.open_time,ws1_0.personality,ws1_0.phone_number,ws1_0.position_label,ws1_0.slug,ws1_0.specialty,ws1_0.updated_at from users u1_0 left join stores ws1_0 on ws1_0.id=u1_0.working_store_id where u1_0.id=?
Hibernate: select u1_0.id,u1_0.created_at,u1_0.email,u1_0.enabled,u1_0.full_name,u1_0.password_hash,u1_0.profile_completed,u1_0.role,u1_0.updated_at,u1_0.verified_at,ws1_0.id,ws1_0.active,ws1_0.address,ws1_0.area,ws1_0.close_time,ws1_0.contact_email,ws1_0.created_at,ws1_0.description,ws1_0.design_signature,ws1_0.franchise_mood,ws1_0.highlight_summary,ws1_0.hours_text,ws1_0.latitude,ws1_0.longitude,ws1_0.name,ws1_0.open_time,ws1_0.personality,ws1_0.phone_number,ws1_0.position_label,ws1_0.slug,ws1_0.specialty,ws1_0.updated_at from users u1_0 left join stores ws1_0 on ws1_0.id=u1_0.working_store_id where u1_0.id=?
Hibernate: select u1_0.id,u1_0.created_at,u1_0.email,u1_0.enabled,u1_0.full_name,u1_0.password_hash,u1_0.profile_completed,u1_0.role,u1_0.updated_at,u1_0.verified_at,ws1_0.id,ws1_0.active,ws1_0.address,ws1_0.area,ws1_0.close_time,ws1_0.contact_email,ws1_0.created_at,ws1_0.description,ws1_0.design_signature,ws1_0.franchise_mood,ws1_0.highlight_summary,ws1_0.hours_text,ws1_0.latitude,ws1_0.longitude,ws1_0.name,ws1_0.open_time,ws1_0.personality,ws1_0.phone_number,ws1_0.position_label,ws1_0.slug,ws1_0.specialty,ws1_0.updated_at from users u1_0 left join stores ws1_0 on ws1_0.id=u1_0.working_store_id where u1_0.id=?
Hibernate: select act1_0.id,act1_0.created_at,act1_0.last_message_at,act1_0.last_message_preview,act1_0.last_message_role,act1_0.message_count,act1_0.title,act1_0.updated_at,act1_0.user_id from ai_chat_threads act1_0 join users u1_0 on u1_0.id=act1_0.user_id where u1_0.id=? order by act1_0.updated_at desc limit ?
Hibernate: select un1_0.id,un1_0.action_url,un1_0.created_at,un1_0.message,un1_0.read_at,un1_0.related_event_id,un1_0.related_event_slug,un1_0.related_news_id,un1_0.related_news_slug,un1_0.related_order_id,un1_0.related_store_id,un1_0.related_store_name,un1_0.title,un1_0.type,un1_0.user_id from user_notifications un1_0 join users u1_0 on u1_0.id=un1_0.user_id where u1_0.id=? order by un1_0.created_at desc limit ?
Hibernate: select f1_0.id,f1_0.created_at,f1_0.target_id,f1_0.target_type,f1_0.user_id from favorites f1_0 join users u1_0 on u1_0.id=f1_0.user_id where u1_0.id=?
Hibernate: select count(un1_0.id) from user_notifications un1_0 join users u1_0 on u1_0.id=un1_0.user_id where u1_0.id=? and un1_0.read_at is null
Hibernate: select r1_0.id,r1_0.approved,r1_0.comment,r1_0.created_at,r1_0.rating,r1_0.target_id,r1_0.target_type,r1_0.title,r1_0.updated_at,r1_0.user_id from reviews r1_0
Hibernate: select cf1_0.id,cf1_0.category,cf1_0.created_at,cf1_0.message,cf1_0.related_order_id,cf1_0.related_store_id,cf1_0.replied_at,cf1_0.replied_by_user_id,cf1_0.replied_by_user_name,cf1_0.replied_by_user_role,cf1_0.reply_message,cf1_0.subject,cf1_0.updated_at,cf1_0.user_id from customer_feedbacks cf1_0 join users u1_0 on u1_0.id=cf1_0.user_id where u1_0.id=? order by cf1_0.created_at desc limit ?
Hibernate: select u1_0.id,u1_0.created_at,u1_0.email,u1_0.enabled,u1_0.full_name,u1_0.password_hash,u1_0.profile_completed,u1_0.role,u1_0.updated_at,u1_0.verified_at,ws1_0.id,ws1_0.active,ws1_0.address,ws1_0.area,ws1_0.close_time,ws1_0.contact_email,ws1_0.created_at,ws1_0.description,ws1_0.design_signature,ws1_0.franchise_mood,ws1_0.highlight_summary,ws1_0.hours_text,ws1_0.latitude,ws1_0.longitude,ws1_0.name,ws1_0.open_time,ws1_0.personality,ws1_0.phone_number,ws1_0.position_label,ws1_0.slug,ws1_0.specialty,ws1_0.updated_at from users u1_0 left join stores ws1_0 on ws1_0.id=u1_0.working_store_id where u1_0.id=?
Hibernate: select u1_0.id,u1_0.created_at,u1_0.email,u1_0.enabled,u1_0.full_name,u1_0.password_hash,u1_0.profile_completed,u1_0.role,u1_0.updated_at,u1_0.verified_at,ws1_0.id,ws1_0.active,ws1_0.address,ws1_0.area,ws1_0.close_time,ws1_0.contact_email,ws1_0.created_at,ws1_0.description,ws1_0.design_signature,ws1_0.franchise_mood,ws1_0.highlight_summary,ws1_0.hours_text,ws1_0.latitude,ws1_0.longitude,ws1_0.name,ws1_0.open_time,ws1_0.personality,ws1_0.phone_number,ws1_0.position_label,ws1_0.slug,ws1_0.specialty,ws1_0.updated_at from users u1_0 left join stores ws1_0 on ws1_0.id=u1_0.working_store_id where u1_0.id=?
Hibernate: select count(un1_0.id) from user_notifications un1_0 join users u1_0 on u1_0.id=un1_0.user_id where u1_0.id=?
Hibernate: select u1_0.id,u1_0.created_at,u1_0.email,u1_0.enabled,u1_0.full_name,u1_0.password_hash,u1_0.profile_completed,u1_0.role,u1_0.updated_at,u1_0.verified_at,ws1_0.id,ws1_0.active,ws1_0.address,ws1_0.area,ws1_0.close_time,ws1_0.contact_email,ws1_0.created_at,ws1_0.description,ws1_0.design_signature,ws1_0.franchise_mood,ws1_0.highlight_summary,ws1_0.hours_text,ws1_0.latitude,ws1_0.longitude,ws1_0.name,ws1_0.open_time,ws1_0.personality,ws1_0.phone_number,ws1_0.position_label,ws1_0.slug,ws1_0.specialty,ws1_0.updated_at from users u1_0 left join stores ws1_0 on ws1_0.id=u1_0.working_store_id where u1_0.id=?
Hibernate: select u1_0.id,u1_0.created_at,u1_0.email,u1_0.enabled,u1_0.full_name,u1_0.password_hash,u1_0.profile_completed,u1_0.role,u1_0.updated_at,u1_0.verified_at,ws1_0.id,ws1_0.active,ws1_0.address,ws1_0.area,ws1_0.close_time,ws1_0.contact_email,ws1_0.created_at,ws1_0.description,ws1_0.design_signature,ws1_0.franchise_mood,ws1_0.highlight_summary,ws1_0.hours_text,ws1_0.latitude,ws1_0.longitude,ws1_0.name,ws1_0.open_time,ws1_0.personality,ws1_0.phone_number,ws1_0.position_label,ws1_0.slug,ws1_0.specialty,ws1_0.updated_at from users u1_0 left join stores ws1_0 on ws1_0.id=u1_0.working_store_id where u1_0.id=?
Hibernate: select u1_0.id,u1_0.created_at,u1_0.email,u1_0.enabled,u1_0.full_name,u1_0.password_hash,u1_0.profile_completed,u1_0.role,u1_0.updated_at,u1_0.verified_at,ws1_0.id,ws1_0.active,ws1_0.address,ws1_0.area,ws1_0.close_time,ws1_0.contact_email,ws1_0.created_at,ws1_0.description,ws1_0.design_signature,ws1_0.franchise_mood,ws1_0.highlight_summary,ws1_0.hours_text,ws1_0.latitude,ws1_0.longitude,ws1_0.name,ws1_0.open_time,ws1_0.personality,ws1_0.phone_number,ws1_0.position_label,ws1_0.slug,ws1_0.specialty,ws1_0.updated_at from users u1_0 left join stores ws1_0 on ws1_0.id=u1_0.working_store_id where u1_0.id=?
Hibernate: select u1_0.id,u1_0.created_at,u1_0.email,u1_0.enabled,u1_0.full_name,u1_0.password_hash,u1_0.profile_completed,u1_0.role,u1_0.updated_at,u1_0.verified_at,ws1_0.id,ws1_0.active,ws1_0.address,ws1_0.area,ws1_0.close_time,ws1_0.contact_email,ws1_0.created_at,ws1_0.description,ws1_0.design_signature,ws1_0.franchise_mood,ws1_0.highlight_summary,ws1_0.hours_text,ws1_0.latitude,ws1_0.longitude,ws1_0.name,ws1_0.open_time,ws1_0.personality,ws1_0.phone_number,ws1_0.position_label,ws1_0.slug,ws1_0.specialty,ws1_0.updated_at from users u1_0 left join stores ws1_0 on ws1_0.id=u1_0.working_store_id where u1_0.id=?
Hibernate: select u1_0.id,u1_0.created_at,u1_0.email,u1_0.enabled,u1_0.full_name,u1_0.password_hash,u1_0.profile_completed,u1_0.role,u1_0.updated_at,u1_0.verified_at,ws1_0.id,ws1_0.active,ws1_0.address,ws1_0.area,ws1_0.close_time,ws1_0.contact_email,ws1_0.created_at,ws1_0.description,ws1_0.design_signature,ws1_0.franchise_mood,ws1_0.highlight_summary,ws1_0.hours_text,ws1_0.latitude,ws1_0.longitude,ws1_0.name,ws1_0.open_time,ws1_0.personality,ws1_0.phone_number,ws1_0.position_label,ws1_0.slug,ws1_0.specialty,ws1_0.updated_at from users u1_0 left join stores ws1_0 on ws1_0.id=u1_0.working_store_id where u1_0.id=?
Hibernate: select us1_0.id,us1_0.created_at,us1_0.expires_at,us1_0.token,us1_0.user_id from user_sessions us1_0 where us1_0.token=?
Hibernate: select us1_0.id,us1_0.created_at,us1_0.expires_at,us1_0.token,us1_0.user_id from user_sessions us1_0 where us1_0.token=?
Hibernate: select u1_0.id,u1_0.created_at,u1_0.email,u1_0.enabled,u1_0.full_name,u1_0.password_hash,u1_0.profile_completed,u1_0.role,u1_0.updated_at,u1_0.verified_at,ws1_0.id,ws1_0.active,ws1_0.address,ws1_0.area,ws1_0.close_time,ws1_0.contact_email,ws1_0.created_at,ws1_0.description,ws1_0.design_signature,ws1_0.franchise_mood,ws1_0.highlight_summary,ws1_0.hours_text,ws1_0.latitude,ws1_0.longitude,ws1_0.name,ws1_0.open_time,ws1_0.personality,ws1_0.phone_number,ws1_0.position_label,ws1_0.slug,ws1_0.specialty,ws1_0.updated_at from users u1_0 left join stores ws1_0 on ws1_0.id=u1_0.working_store_id where u1_0.id=?
Hibernate: select u1_0.id,u1_0.created_at,u1_0.email,u1_0.enabled,u1_0.full_name,u1_0.password_hash,u1_0.profile_completed,u1_0.role,u1_0.updated_at,u1_0.verified_at,ws1_0.id,ws1_0.active,ws1_0.address,ws1_0.area,ws1_0.close_time,ws1_0.contact_email,ws1_0.created_at,ws1_0.description,ws1_0.design_signature,ws1_0.franchise_mood,ws1_0.highlight_summary,ws1_0.hours_text,ws1_0.latitude,ws1_0.longitude,ws1_0.name,ws1_0.open_time,ws1_0.personality,ws1_0.phone_number,ws1_0.position_label,ws1_0.slug,ws1_0.specialty,ws1_0.updated_at from users u1_0 left join stores ws1_0 on ws1_0.id=u1_0.working_store_id where u1_0.id=?
Hibernate: select u1_0.id,u1_0.created_at,u1_0.email,u1_0.enabled,u1_0.full_name,u1_0.password_hash,u1_0.profile_completed,u1_0.role,u1_0.updated_at,u1_0.verified_at,ws1_0.id,ws1_0.active,ws1_0.address,ws1_0.area,ws1_0.close_time,ws1_0.contact_email,ws1_0.created_at,ws1_0.description,ws1_0.design_signature,ws1_0.franchise_mood,ws1_0.highlight_summary,ws1_0.hours_text,ws1_0.latitude,ws1_0.longitude,ws1_0.name,ws1_0.open_time,ws1_0.personality,ws1_0.phone_number,ws1_0.position_label,ws1_0.slug,ws1_0.specialty,ws1_0.updated_at from users u1_0 left join stores ws1_0 on ws1_0.id=u1_0.working_store_id where u1_0.id=?
Hibernate: select u1_0.id,u1_0.created_at,u1_0.email,u1_0.enabled,u1_0.full_name,u1_0.password_hash,u1_0.profile_completed,u1_0.role,u1_0.updated_at,u1_0.verified_at,ws1_0.id,ws1_0.active,ws1_0.address,ws1_0.area,ws1_0.close_time,ws1_0.contact_email,ws1_0.created_at,ws1_0.description,ws1_0.design_signature,ws1_0.franchise_mood,ws1_0.highlight_summary,ws1_0.hours_text,ws1_0.latitude,ws1_0.longitude,ws1_0.name,ws1_0.open_time,ws1_0.personality,ws1_0.phone_number,ws1_0.position_label,ws1_0.slug,ws1_0.specialty,ws1_0.updated_at from users u1_0 left join stores ws1_0 on ws1_0.id=u1_0.working_store_id where u1_0.id=?
Hibernate: select u1_0.id,u1_0.created_at,u1_0.email,u1_0.enabled,u1_0.full_name,u1_0.password_hash,u1_0.profile_completed,u1_0.role,u1_0.updated_at,u1_0.verified_at,ws1_0.id,ws1_0.active,ws1_0.address,ws1_0.area,ws1_0.close_time,ws1_0.contact_email,ws1_0.created_at,ws1_0.description,ws1_0.design_signature,ws1_0.franchise_mood,ws1_0.highlight_summary,ws1_0.hours_text,ws1_0.latitude,ws1_0.longitude,ws1_0.name,ws1_0.open_time,ws1_0.personality,ws1_0.phone_number,ws1_0.position_label,ws1_0.slug,ws1_0.specialty,ws1_0.updated_at from users u1_0 left join stores ws1_0 on ws1_0.id=u1_0.working_store_id where u1_0.id=?
Hibernate: select u1_0.id,u1_0.created_at,u1_0.email,u1_0.enabled,u1_0.full_name,u1_0.password_hash,u1_0.profile_completed,u1_0.role,u1_0.updated_at,u1_0.verified_at,ws1_0.id,ws1_0.active,ws1_0.address,ws1_0.area,ws1_0.close_time,ws1_0.contact_email,ws1_0.created_at,ws1_0.description,ws1_0.design_signature,ws1_0.franchise_mood,ws1_0.highlight_summary,ws1_0.hours_text,ws1_0.latitude,ws1_0.longitude,ws1_0.name,ws1_0.open_time,ws1_0.personality,ws1_0.phone_number,ws1_0.position_label,ws1_0.slug,ws1_0.specialty,ws1_0.updated_at from users u1_0 left join stores ws1_0 on ws1_0.id=u1_0.working_store_id where u1_0.id=?
Hibernate: select uda1_0.id,uda1_0.created_at,uda1_0.delivery_address,uda1_0.full_name,uda1_0.last_used_at,uda1_0.phone_number,uda1_0.is_primary,uda1_0.updated_at,uda1_0.user_id,uda1_0.verified_at from user_delivery_addresses uda1_0 join users u1_0 on u1_0.id=uda1_0.user_id where u1_0.id=? order by uda1_0.updated_at desc
Hibernate: select c1_0.id,c1_0.created_at,c1_0.status,c1_0.updated_at,c1_0.user_id from carts c1_0 join users u1_0 on u1_0.id=c1_0.user_id where u1_0.id=? and c1_0.status=?
Hibernate: select u1_0.id,u1_0.created_at,u1_0.email,u1_0.enabled,u1_0.full_name,u1_0.password_hash,u1_0.profile_completed,u1_0.role,u1_0.updated_at,u1_0.verified_at,ws1_0.id,ws1_0.active,ws1_0.address,ws1_0.area,ws1_0.close_time,ws1_0.contact_email,ws1_0.created_at,ws1_0.description,ws1_0.design_signature,ws1_0.franchise_mood,ws1_0.highlight_summary,ws1_0.hours_text,ws1_0.latitude,ws1_0.longitude,ws1_0.name,ws1_0.open_time,ws1_0.personality,ws1_0.phone_number,ws1_0.position_label,ws1_0.slug,ws1_0.specialty,ws1_0.updated_at from users u1_0 left join stores ws1_0 on ws1_0.id=u1_0.working_store_id where u1_0.id=?
Hibernate: select u1_0.id,u1_0.created_at,u1_0.email,u1_0.enabled,u1_0.full_name,u1_0.password_hash,u1_0.profile_completed,u1_0.role,u1_0.updated_at,u1_0.verified_at,ws1_0.id,ws1_0.active,ws1_0.address,ws1_0.area,ws1_0.close_time,ws1_0.contact_email,ws1_0.created_at,ws1_0.description,ws1_0.design_signature,ws1_0.franchise_mood,ws1_0.highlight_summary,ws1_0.hours_text,ws1_0.latitude,ws1_0.longitude,ws1_0.name,ws1_0.open_time,ws1_0.personality,ws1_0.phone_number,ws1_0.position_label,ws1_0.slug,ws1_0.specialty,ws1_0.updated_at from users u1_0 left join stores ws1_0 on ws1_0.id=u1_0.working_store_id where u1_0.id=?
Hibernate: select u1_0.id,u1_0.created_at,u1_0.email,u1_0.enabled,u1_0.full_name,u1_0.password_hash,u1_0.profile_completed,u1_0.role,u1_0.updated_at,u1_0.verified_at,ws1_0.id,ws1_0.active,ws1_0.address,ws1_0.area,ws1_0.close_time,ws1_0.contact_email,ws1_0.created_at,ws1_0.description,ws1_0.design_signature,ws1_0.franchise_mood,ws1_0.highlight_summary,ws1_0.hours_text,ws1_0.latitude,ws1_0.longitude,ws1_0.name,ws1_0.open_time,ws1_0.personality,ws1_0.phone_number,ws1_0.position_label,ws1_0.slug,ws1_0.specialty,ws1_0.updated_at from users u1_0 left join stores ws1_0 on ws1_0.id=u1_0.working_store_id where u1_0.id=?
Hibernate: select ci1_0.id,ci1_0.cart_id,ci1_0.created_at,ci1_0.dish_id,ci1_0.quantity,ci1_0.store_id,ci1_0.unit_price,ci1_0.updated_at from cart_items ci1_0 join carts c1_0 on c1_0.id=ci1_0.cart_id where c1_0.id=?
Hibernate: select u1_0.id,u1_0.created_at,u1_0.email,u1_0.enabled,u1_0.full_name,u1_0.password_hash,u1_0.profile_completed,u1_0.role,u1_0.updated_at,u1_0.verified_at,ws1_0.id,ws1_0.active,ws1_0.address,ws1_0.area,ws1_0.close_time,ws1_0.contact_email,ws1_0.created_at,ws1_0.description,ws1_0.design_signature,ws1_0.franchise_mood,ws1_0.highlight_summary,ws1_0.hours_text,ws1_0.latitude,ws1_0.longitude,ws1_0.name,ws1_0.open_time,ws1_0.personality,ws1_0.phone_number,ws1_0.position_label,ws1_0.slug,ws1_0.specialty,ws1_0.updated_at from users u1_0 left join stores ws1_0 on ws1_0.id=u1_0.working_store_id where u1_0.id=?
Hibernate: select d1_0.id,d1_0.active,d1_0.available,d1_0.category_id,c1_0.id,c1_0.active,c1_0.created_at,c1_0.description,c1_0.name,c1_0.sort_order,s1_0.id,s1_0.active,s1_0.address,s1_0.area,s1_0.close_time,s1_0.contact_email,s1_0.created_at,s1_0.description,s1_0.design_signature,s1_0.franchise_mood,s1_0.highlight_summary,s1_0.hours_text,s1_0.latitude,s1_0.longitude,s1_0.name,s1_0.open_time,s1_0.personality,s1_0.phone_number,s1_0.position_label,s1_0.slug,s1_0.specialty,s1_0.updated_at,c1_0.updated_at,d1_0.created_at,d1_0.description,d1_0.franchise_note,d1_0.franchise_required,d1_0.highlight_summary,d1_0.name,d1_0.note,d1_0.price,d1_0.status,d1_0.updated_at from dishes d1_0 join categories c1_0 on c1_0.id=d1_0.category_id left join stores s1_0 on s1_0.id=c1_0.store_id where d1_0.id=?
Hibernate: select u1_0.id,u1_0.created_at,u1_0.email,u1_0.enabled,u1_0.full_name,u1_0.password_hash,u1_0.profile_completed,u1_0.role,u1_0.updated_at,u1_0.verified_at,ws1_0.id,ws1_0.active,ws1_0.address,ws1_0.area,ws1_0.close_time,ws1_0.contact_email,ws1_0.created_at,ws1_0.description,ws1_0.design_signature,ws1_0.franchise_mood,ws1_0.highlight_summary,ws1_0.hours_text,ws1_0.latitude,ws1_0.longitude,ws1_0.name,ws1_0.open_time,ws1_0.personality,ws1_0.phone_number,ws1_0.position_label,ws1_0.slug,ws1_0.specialty,ws1_0.updated_at from users u1_0 left join stores ws1_0 on ws1_0.id=u1_0.working_store_id where u1_0.id=?
Hibernate: select u1_0.id,u1_0.created_at,u1_0.email,u1_0.enabled,u1_0.full_name,u1_0.password_hash,u1_0.profile_completed,u1_0.role,u1_0.updated_at,u1_0.verified_at,ws1_0.id,ws1_0.active,ws1_0.address,ws1_0.area,ws1_0.close_time,ws1_0.contact_email,ws1_0.created_at,ws1_0.description,ws1_0.design_signature,ws1_0.franchise_mood,ws1_0.highlight_summary,ws1_0.hours_text,ws1_0.latitude,ws1_0.longitude,ws1_0.name,ws1_0.open_time,ws1_0.personality,ws1_0.phone_number,ws1_0.position_label,ws1_0.slug,ws1_0.specialty,ws1_0.updated_at from users u1_0 left join stores ws1_0 on ws1_0.id=u1_0.working_store_id where u1_0.id=?
Hibernate: select d1_0.id,d1_0.active,d1_0.available,d1_0.category_id,c1_0.id,c1_0.active,c1_0.created_at,c1_0.description,c1_0.name,c1_0.sort_order,s1_0.id,s1_0.active,s1_0.address,s1_0.area,s1_0.close_time,s1_0.contact_email,s1_0.created_at,s1_0.description,s1_0.design_signature,s1_0.franchise_mood,s1_0.highlight_summary,s1_0.hours_text,s1_0.latitude,s1_0.longitude,s1_0.name,s1_0.open_time,s1_0.personality,s1_0.phone_number,s1_0.position_label,s1_0.slug,s1_0.specialty,s1_0.updated_at,c1_0.updated_at,d1_0.created_at,d1_0.description,d1_0.franchise_note,d1_0.franchise_required,d1_0.highlight_summary,d1_0.name,d1_0.note,d1_0.price,d1_0.status,d1_0.updated_at from dishes d1_0 join categories c1_0 on c1_0.id=d1_0.category_id left join stores s1_0 on s1_0.id=c1_0.store_id where d1_0.id=?
Hibernate: select u1_0.id,u1_0.created_at,u1_0.email,u1_0.enabled,u1_0.full_name,u1_0.password_hash,u1_0.profile_completed,u1_0.role,u1_0.updated_at,u1_0.verified_at,ws1_0.id,ws1_0.active,ws1_0.address,ws1_0.area,ws1_0.close_time,ws1_0.contact_email,ws1_0.created_at,ws1_0.description,ws1_0.design_signature,ws1_0.franchise_mood,ws1_0.highlight_summary,ws1_0.hours_text,ws1_0.latitude,ws1_0.longitude,ws1_0.name,ws1_0.open_time,ws1_0.personality,ws1_0.phone_number,ws1_0.position_label,ws1_0.slug,ws1_0.specialty,ws1_0.updated_at from users u1_0 left join stores ws1_0 on ws1_0.id=u1_0.working_store_id where u1_0.id=?
Hibernate: select u1_0.id,u1_0.created_at,u1_0.email,u1_0.enabled,u1_0.full_name,u1_0.password_hash,u1_0.profile_completed,u1_0.role,u1_0.updated_at,u1_0.verified_at,ws1_0.id,ws1_0.active,ws1_0.address,ws1_0.area,ws1_0.close_time,ws1_0.contact_email,ws1_0.created_at,ws1_0.description,ws1_0.design_signature,ws1_0.franchise_mood,ws1_0.highlight_summary,ws1_0.hours_text,ws1_0.latitude,ws1_0.longitude,ws1_0.name,ws1_0.open_time,ws1_0.personality,ws1_0.phone_number,ws1_0.position_label,ws1_0.slug,ws1_0.specialty,ws1_0.updated_at from users u1_0 left join stores ws1_0 on ws1_0.id=u1_0.working_store_id where u1_0.id=?
Hibernate: select u1_0.id,u1_0.created_at,u1_0.email,u1_0.enabled,u1_0.full_name,u1_0.password_hash,u1_0.profile_completed,u1_0.role,u1_0.updated_at,u1_0.verified_at,ws1_0.id,ws1_0.active,ws1_0.address,ws1_0.area,ws1_0.close_time,ws1_0.contact_email,ws1_0.created_at,ws1_0.description,ws1_0.design_signature,ws1_0.franchise_mood,ws1_0.highlight_summary,ws1_0.hours_text,ws1_0.latitude,ws1_0.longitude,ws1_0.name,ws1_0.open_time,ws1_0.personality,ws1_0.phone_number,ws1_0.position_label,ws1_0.slug,ws1_0.specialty,ws1_0.updated_at from users u1_0 left join stores ws1_0 on ws1_0.id=u1_0.working_store_id where u1_0.id=?
Hibernate: select sd1_0.id,sd1_0.available,sd1_0.created_at,sd1_0.dish_id,sd1_0.price_override,sd1_0.quantity,sd1_0.store_id,sd1_0.updated_at from store_dishes sd1_0 join stores s1_0 on s1_0.id=sd1_0.store_id join dishes d1_0 on d1_0.id=sd1_0.dish_id where s1_0.id=? and d1_0.id=?
Hibernate: select ip1_0.dish_id,ip1_0.sort_order,ip1_0.image_path from dish_image_paths ip1_0 where ip1_0.dish_id=?
Hibernate: select sd1_0.id,sd1_0.available,sd1_0.created_at,sd1_0.dish_id,sd1_0.price_override,sd1_0.quantity,sd1_0.store_id,sd1_0.updated_at from store_dishes sd1_0 join stores s1_0 on s1_0.id=sd1_0.store_id join dishes d1_0 on d1_0.id=sd1_0.dish_id where s1_0.id=? and d1_0.id=?
Hibernate: select ip1_0.dish_id,ip1_0.sort_order,ip1_0.image_path from dish_image_paths ip1_0 where ip1_0.dish_id=?
Hibernate: select us1_0.id,us1_0.created_at,us1_0.expires_at,us1_0.token,us1_0.user_id from user_sessions us1_0 where us1_0.token=?
Hibernate: select u1_0.id,u1_0.created_at,u1_0.email,u1_0.enabled,u1_0.full_name,u1_0.password_hash,u1_0.profile_completed,u1_0.role,u1_0.updated_at,u1_0.verified_at,ws1_0.id,ws1_0.active,ws1_0.address,ws1_0.area,ws1_0.close_time,ws1_0.contact_email,ws1_0.created_at,ws1_0.description,ws1_0.design_signature,ws1_0.franchise_mood,ws1_0.highlight_summary,ws1_0.hours_text,ws1_0.latitude,ws1_0.longitude,ws1_0.name,ws1_0.open_time,ws1_0.personality,ws1_0.phone_number,ws1_0.position_label,ws1_0.slug,ws1_0.specialty,ws1_0.updated_at from users u1_0 left join stores ws1_0 on ws1_0.id=u1_0.working_store_id where u1_0.id=?
Hibernate: select act1_0.id,act1_0.created_at,act1_0.last_message_at,act1_0.last_message_preview,act1_0.last_message_role,act1_0.message_count,act1_0.title,act1_0.updated_at,act1_0.user_id,u1_0.id,u1_0.created_at,u1_0.email,u1_0.enabled,u1_0.full_name,u1_0.password_hash,u1_0.profile_completed,u1_0.role,u1_0.updated_at,u1_0.verified_at,ws1_0.id,ws1_0.active,ws1_0.address,ws1_0.area,ws1_0.close_time,ws1_0.contact_email,ws1_0.created_at,ws1_0.description,ws1_0.design_signature,ws1_0.franchise_mood,ws1_0.highlight_summary,ws1_0.hours_text,ws1_0.latitude,ws1_0.longitude,ws1_0.name,ws1_0.open_time,ws1_0.personality,ws1_0.phone_number,ws1_0.position_label,ws1_0.slug,ws1_0.specialty,ws1_0.updated_at from ai_chat_threads act1_0 join users u1_0 on u1_0.id=act1_0.user_id left join stores ws1_0 on ws1_0.id=u1_0.working_store_id where act1_0.id=?
Hibernate: select acm1_0.id,acm1_0.actions_json,acm1_0.content,acm1_0.created_at,acm1_0.model,acm1_0.references_json,acm1_0.role,acm1_0.thread_id from ai_chat_messages acm1_0 join ai_chat_threads t1_0 on t1_0.id=acm1_0.thread_id where t1_0.id=? order by acm1_0.created_at,acm1_0.id
Hibernate: select us1_0.id,us1_0.created_at,us1_0.expires_at,us1_0.token,us1_0.user_id from user_sessions us1_0 where us1_0.token=?
Hibernate: select u1_0.id,u1_0.created_at,u1_0.email,u1_0.enabled,u1_0.full_name,u1_0.password_hash,u1_0.profile_completed,u1_0.role,u1_0.updated_at,u1_0.verified_at,ws1_0.id,ws1_0.active,ws1_0.address,ws1_0.area,ws1_0.close_time,ws1_0.contact_email,ws1_0.created_at,ws1_0.description,ws1_0.design_signature,ws1_0.franchise_mood,ws1_0.highlight_summary,ws1_0.hours_text,ws1_0.latitude,ws1_0.longitude,ws1_0.name,ws1_0.open_time,ws1_0.personality,ws1_0.phone_number,ws1_0.position_label,ws1_0.slug,ws1_0.specialty,ws1_0.updated_at from users u1_0 left join stores ws1_0 on ws1_0.id=u1_0.working_store_id where u1_0.id=?
Hibernate: select act1_0.id,act1_0.created_at,act1_0.last_message_at,act1_0.last_message_preview,act1_0.last_message_role,act1_0.message_count,act1_0.title,act1_0.updated_at,act1_0.user_id,u1_0.id,u1_0.created_at,u1_0.email,u1_0.enabled,u1_0.full_name,u1_0.password_hash,u1_0.profile_completed,u1_0.role,u1_0.updated_at,u1_0.verified_at,ws1_0.id,ws1_0.active,ws1_0.address,ws1_0.area,ws1_0.close_time,ws1_0.contact_email,ws1_0.created_at,ws1_0.description,ws1_0.design_signature,ws1_0.franchise_mood,ws1_0.highlight_summary,ws1_0.hours_text,ws1_0.latitude,ws1_0.longitude,ws1_0.name,ws1_0.open_time,ws1_0.personality,ws1_0.phone_number,ws1_0.position_label,ws1_0.slug,ws1_0.specialty,ws1_0.updated_at from ai_chat_threads act1_0 join users u1_0 on u1_0.id=act1_0.user_id left join stores ws1_0 on ws1_0.id=u1_0.working_store_id where act1_0.id=?
Hibernate: select acm1_0.id,acm1_0.actions_json,acm1_0.content,acm1_0.created_at,acm1_0.model,acm1_0.references_json,acm1_0.role,acm1_0.thread_id from ai_chat_messages acm1_0 join ai_chat_threads t1_0 on t1_0.id=acm1_0.thread_id where t1_0.id=? order by acm1_0.created_at,acm1_0.id
Hibernate: select us1_0.id,us1_0.created_at,us1_0.expires_at,us1_0.token,us1_0.user_id from user_sessions us1_0 where us1_0.token=?
Hibernate: select u1_0.id,u1_0.created_at,u1_0.email,u1_0.enabled,u1_0.full_name,u1_0.password_hash,u1_0.profile_completed,u1_0.role,u1_0.updated_at,u1_0.verified_at,ws1_0.id,ws1_0.active,ws1_0.address,ws1_0.area,ws1_0.close_time,ws1_0.contact_email,ws1_0.created_at,ws1_0.description,ws1_0.design_signature,ws1_0.franchise_mood,ws1_0.highlight_summary,ws1_0.hours_text,ws1_0.latitude,ws1_0.longitude,ws1_0.name,ws1_0.open_time,ws1_0.personality,ws1_0.phone_number,ws1_0.position_label,ws1_0.slug,ws1_0.specialty,ws1_0.updated_at from users u1_0 left join stores ws1_0 on ws1_0.id=u1_0.working_store_id where u1_0.id=?
Hibernate: select act1_0.id,act1_0.created_at,act1_0.last_message_at,act1_0.last_message_preview,act1_0.last_message_role,act1_0.message_count,act1_0.title,act1_0.updated_at,act1_0.user_id,u1_0.id,u1_0.created_at,u1_0.email,u1_0.enabled,u1_0.full_name,u1_0.password_hash,u1_0.profile_completed,u1_0.role,u1_0.updated_at,u1_0.verified_at,ws1_0.id,ws1_0.active,ws1_0.address,ws1_0.area,ws1_0.close_time,ws1_0.contact_email,ws1_0.created_at,ws1_0.description,ws1_0.design_signature,ws1_0.franchise_mood,ws1_0.highlight_summary,ws1_0.hours_text,ws1_0.latitude,ws1_0.longitude,ws1_0.name,ws1_0.open_time,ws1_0.personality,ws1_0.phone_number,ws1_0.position_label,ws1_0.slug,ws1_0.specialty,ws1_0.updated_at from ai_chat_threads act1_0 join users u1_0 on u1_0.id=act1_0.user_id left join stores ws1_0 on ws1_0.id=u1_0.working_store_id where act1_0.id=?
Hibernate: select acm1_0.id,acm1_0.actions_json,acm1_0.content,acm1_0.created_at,acm1_0.model,acm1_0.references_json,acm1_0.role,acm1_0.thread_id from ai_chat_messages acm1_0 join ai_chat_threads t1_0 on t1_0.id=acm1_0.thread_id where t1_0.id=? order by acm1_0.created_at,acm1_0.id
Hibernate: select s1_0.id,s1_0.active,s1_0.address,s1_0.area,s1_0.close_time,s1_0.contact_email,s1_0.created_at,s1_0.description,s1_0.design_signature,s1_0.franchise_mood,s1_0.highlight_summary,s1_0.hours_text,s1_0.latitude,s1_0.longitude,s1_0.name,s1_0.open_time,s1_0.personality,s1_0.phone_number,s1_0.position_label,s1_0.slug,s1_0.specialty,s1_0.updated_at from stores s1_0
Hibernate: select coalesce(sum(o1_0.total_amount),0) from orders o1_0 where o1_0.payment_status='PAID' and o1_0.paid_at>=? and o1_0.paid_at<? and exists(select 1 from order_items oi1_0 where oi1_0.order_id=o1_0.id and oi1_0.store_id=?)
Hibernate: select
	oi.store_id as storeId,
	s.name as storeName,
	oi.dish_id as dishId,
	d.name as dishName,
	sum(oi.quantity) as quantitySold,
	count(distinct oi.order_id) as orderCount,
	coalesce(sum(oi.unit_price * oi.quantity), 0) as revenue
from order_items oi
join orders o on o.id = oi.order_id
join stores s on s.id = oi.store_id
join dishes d on d.id = oi.dish_id
where o.payment_status = 'PAID'
  and o.status <> 'CANCELLED'
  and oi.store_id = ?
group by oi.store_id, s.name, oi.dish_id, d.name
order by quantitySold desc, revenue desc, d.name asc limit ?

Hibernate: select ip1_0.store_id,ip1_0.sort_order,ip1_0.image_path from store_image_paths ip1_0 where ip1_0.store_id=?
Hibernate: select coalesce(sum(o1_0.total_amount),0) from orders o1_0 where o1_0.payment_status='PAID' and o1_0.paid_at>=? and o1_0.paid_at<? and exists(select 1 from order_items oi1_0 where oi1_0.order_id=o1_0.id and oi1_0.store_id=?)
Hibernate: select
	oi.store_id as storeId,
	s.name as storeName,
	oi.dish_id as dishId,
	d.name as dishName,
	sum(oi.quantity) as quantitySold,
	count(distinct oi.order_id) as orderCount,
	coalesce(sum(oi.unit_price * oi.quantity), 0) as revenue
from order_items oi
join orders o on o.id = oi.order_id
join stores s on s.id = oi.store_id
join dishes d on d.id = oi.dish_id
where o.payment_status = 'PAID'
  and o.status <> 'CANCELLED'
  and oi.store_id = ?
group by oi.store_id, s.name, oi.dish_id, d.name
order by quantitySold desc, revenue desc, d.name asc limit ?

Hibernate: select ip1_0.store_id,ip1_0.sort_order,ip1_0.image_path from store_image_paths ip1_0 where ip1_0.store_id=?
Hibernate: select coalesce(sum(o1_0.total_amount),0) from orders o1_0 where o1_0.payment_status='PAID' and o1_0.paid_at>=? and o1_0.paid_at<? and exists(select 1 from order_items oi1_0 where oi1_0.order_id=o1_0.id and oi1_0.store_id=?)
Hibernate: select
	oi.store_id as storeId,
	s.name as storeName,
	oi.dish_id as dishId,
	d.name as dishName,
	sum(oi.quantity) as quantitySold,
	count(distinct oi.order_id) as orderCount,
	coalesce(sum(oi.unit_price * oi.quantity), 0) as revenue
from order_items oi
join orders o on o.id = oi.order_id
join stores s on s.id = oi.store_id
join dishes d on d.id = oi.dish_id
where o.payment_status = 'PAID'
  and o.status <> 'CANCELLED'
  and oi.store_id = ?
group by oi.store_id, s.name, oi.dish_id, d.name
order by quantitySold desc, revenue desc, d.name asc limit ?

Hibernate: select ip1_0.store_id,ip1_0.sort_order,ip1_0.image_path from store_image_paths ip1_0 where ip1_0.store_id=?
Hibernate: select coalesce(sum(o1_0.total_amount),0) from orders o1_0 where o1_0.payment_status='PAID' and o1_0.paid_at>=? and o1_0.paid_at<? and exists(select 1 from order_items oi1_0 where oi1_0.order_id=o1_0.id and oi1_0.store_id=?)
Hibernate: select
	oi.store_id as storeId,
	s.name as storeName,
	oi.dish_id as dishId,
	d.name as dishName,
	sum(oi.quantity) as quantitySold,
	count(distinct oi.order_id) as orderCount,
	coalesce(sum(oi.unit_price * oi.quantity), 0) as revenue
from order_items oi
join orders o on o.id = oi.order_id
join stores s on s.id = oi.store_id
join dishes d on d.id = oi.dish_id
where o.payment_status = 'PAID'
  and o.status <> 'CANCELLED'
  and oi.store_id = ?
group by oi.store_id, s.name, oi.dish_id, d.name
order by quantitySold desc, revenue desc, d.name asc limit ?

Hibernate: select ip1_0.store_id,ip1_0.sort_order,ip1_0.image_path from store_image_paths ip1_0 where ip1_0.store_id=?
Hibernate: select coalesce(sum(o1_0.total_amount),0) from orders o1_0 where o1_0.payment_status='PAID' and o1_0.paid_at>=? and o1_0.paid_at<? and exists(select 1 from order_items oi1_0 where oi1_0.order_id=o1_0.id and oi1_0.store_id=?)
Hibernate: select
	oi.store_id as storeId,
	s.name as storeName,
	oi.dish_id as dishId,
	d.name as dishName,
	sum(oi.quantity) as quantitySold,
	count(distinct oi.order_id) as orderCount,
	coalesce(sum(oi.unit_price * oi.quantity), 0) as revenue
from order_items oi
join orders o on o.id = oi.order_id
join stores s on s.id = oi.store_id
join dishes d on d.id = oi.dish_id
where o.payment_status = 'PAID'
  and o.status <> 'CANCELLED'
  and oi.store_id = ?
group by oi.store_id, s.name, oi.dish_id, d.name
order by quantitySold desc, revenue desc, d.name asc limit ?

Hibernate: select ip1_0.store_id,ip1_0.sort_order,ip1_0.image_path from store_image_paths ip1_0 where ip1_0.store_id=?
Hibernate: select coalesce(sum(o1_0.total_amount),0) from orders o1_0 where o1_0.payment_status='PAID' and o1_0.paid_at>=? and o1_0.paid_at<? and exists(select 1 from order_items oi1_0 where oi1_0.order_id=o1_0.id and oi1_0.store_id=?)
Hibernate: select
	oi.store_id as storeId,
	s.name as storeName,
	oi.dish_id as dishId,
	d.name as dishName,
	sum(oi.quantity) as quantitySold,
	count(distinct oi.order_id) as orderCount,
	coalesce(sum(oi.unit_price * oi.quantity), 0) as revenue
from order_items oi
join orders o on o.id = oi.order_id
join stores s on s.id = oi.store_id
join dishes d on d.id = oi.dish_id
where o.payment_status = 'PAID'
  and o.status <> 'CANCELLED'
  and oi.store_id = ?
group by oi.store_id, s.name, oi.dish_id, d.name
order by quantitySold desc, revenue desc, d.name asc limit ?

Hibernate: select ip1_0.store_id,ip1_0.sort_order,ip1_0.image_path from store_image_paths ip1_0 where ip1_0.store_id=?
Hibernate: select coalesce(sum(o1_0.total_amount),0) from orders o1_0 where o1_0.payment_status='PAID' and o1_0.paid_at>=? and o1_0.paid_at<? and exists(select 1 from order_items oi1_0 where oi1_0.order_id=o1_0.id and oi1_0.store_id=?)
Hibernate: select
	oi.store_id as storeId,
	s.name as storeName,
	oi.dish_id as dishId,
	d.name as dishName,
	sum(oi.quantity) as quantitySold,
	count(distinct oi.order_id) as orderCount,
	coalesce(sum(oi.unit_price * oi.quantity), 0) as revenue
from order_items oi
join orders o on o.id = oi.order_id
join stores s on s.id = oi.store_id
join dishes d on d.id = oi.dish_id
where o.payment_status = 'PAID'
  and o.status <> 'CANCELLED'
  and oi.store_id = ?
group by oi.store_id, s.name, oi.dish_id, d.name
order by quantitySold desc, revenue desc, d.name asc limit ?

Hibernate: select ip1_0.store_id,ip1_0.sort_order,ip1_0.image_path from store_image_paths ip1_0 where ip1_0.store_id=?
Hibernate: select coalesce(sum(o1_0.total_amount),0) from orders o1_0 where o1_0.payment_status='PAID' and o1_0.paid_at>=? and o1_0.paid_at<? and exists(select 1 from order_items oi1_0 where oi1_0.order_id=o1_0.id and oi1_0.store_id=?)
Hibernate: select
	oi.store_id as storeId,
	s.name as storeName,
	oi.dish_id as dishId,
	d.name as dishName,
	sum(oi.quantity) as quantitySold,
	count(distinct oi.order_id) as orderCount,
	coalesce(sum(oi.unit_price * oi.quantity), 0) as revenue
from order_items oi
join orders o on o.id = oi.order_id
join stores s on s.id = oi.store_id
join dishes d on d.id = oi.dish_id
where o.payment_status = 'PAID'
  and o.status <> 'CANCELLED'
  and oi.store_id = ?
group by oi.store_id, s.name, oi.dish_id, d.name
order by quantitySold desc, revenue desc, d.name asc limit ?

Hibernate: select ip1_0.store_id,ip1_0.sort_order,ip1_0.image_path from store_image_paths ip1_0 where ip1_0.store_id=?
Hibernate: select coalesce(sum(o1_0.total_amount),0) from orders o1_0 where o1_0.payment_status='PAID' and o1_0.paid_at>=? and o1_0.paid_at<? and exists(select 1 from order_items oi1_0 where oi1_0.order_id=o1_0.id and oi1_0.store_id=?)
Hibernate: select
	oi.store_id as storeId,
	s.name as storeName,
	oi.dish_id as dishId,
	d.name as dishName,
	sum(oi.quantity) as quantitySold,
	count(distinct oi.order_id) as orderCount,
	coalesce(sum(oi.unit_price * oi.quantity), 0) as revenue
from order_items oi
join orders o on o.id = oi.order_id
join stores s on s.id = oi.store_id
join dishes d on d.id = oi.dish_id
where o.payment_status = 'PAID'
  and o.status <> 'CANCELLED'
  and oi.store_id = ?
group by oi.store_id, s.name, oi.dish_id, d.name
order by quantitySold desc, revenue desc, d.name asc limit ?

Hibernate: select ip1_0.store_id,ip1_0.sort_order,ip1_0.image_path from store_image_paths ip1_0 where ip1_0.store_id=?
Hibernate: select coalesce(sum(o1_0.total_amount),0) from orders o1_0 where o1_0.payment_status='PAID' and o1_0.paid_at>=? and o1_0.paid_at<? and exists(select 1 from order_items oi1_0 where oi1_0.order_id=o1_0.id and oi1_0.store_id=?)
Hibernate: select
	oi.store_id as storeId,
	s.name as storeName,
	oi.dish_id as dishId,
	d.name as dishName,
	sum(oi.quantity) as quantitySold,
	count(distinct oi.order_id) as orderCount,
	coalesce(sum(oi.unit_price * oi.quantity), 0) as revenue
from order_items oi
join orders o on o.id = oi.order_id
join stores s on s.id = oi.store_id
join dishes d on d.id = oi.dish_id
where o.payment_status = 'PAID'
  and o.status <> 'CANCELLED'
  and oi.store_id = ?
group by oi.store_id, s.name, oi.dish_id, d.name
order by quantitySold desc, revenue desc, d.name asc limit ?

Hibernate: select ip1_0.store_id,ip1_0.sort_order,ip1_0.image_path from store_image_paths ip1_0 where ip1_0.store_id=?
Hibernate: select coalesce(sum(o1_0.total_amount),0) from orders o1_0 where o1_0.payment_status='PAID' and o1_0.paid_at>=? and o1_0.paid_at<? and exists(select 1 from order_items oi1_0 where oi1_0.order_id=o1_0.id and oi1_0.store_id=?)
Hibernate: select
	oi.store_id as storeId,
	s.name as storeName,
	oi.dish_id as dishId,
	d.name as dishName,
	sum(oi.quantity) as quantitySold,
	count(distinct oi.order_id) as orderCount,
	coalesce(sum(oi.unit_price * oi.quantity), 0) as revenue
from order_items oi
join orders o on o.id = oi.order_id
join stores s on s.id = oi.store_id
join dishes d on d.id = oi.dish_id
where o.payment_status = 'PAID'
  and o.status <> 'CANCELLED'
  and oi.store_id = ?
group by oi.store_id, s.name, oi.dish_id, d.name
order by quantitySold desc, revenue desc, d.name asc limit ?

Hibernate: select ip1_0.store_id,ip1_0.sort_order,ip1_0.image_path from store_image_paths ip1_0 where ip1_0.store_id=?
Hibernate: select coalesce(sum(o1_0.total_amount),0) from orders o1_0 where o1_0.payment_status='PAID' and o1_0.paid_at>=? and o1_0.paid_at<? and exists(select 1 from order_items oi1_0 where oi1_0.order_id=o1_0.id and oi1_0.store_id=?)
Hibernate: select
	oi.store_id as storeId,
	s.name as storeName,
	oi.dish_id as dishId,
	d.name as dishName,
	sum(oi.quantity) as quantitySold,
	count(distinct oi.order_id) as orderCount,
	coalesce(sum(oi.unit_price * oi.quantity), 0) as revenue
from order_items oi
join orders o on o.id = oi.order_id
join stores s on s.id = oi.store_id
join dishes d on d.id = oi.dish_id
where o.payment_status = 'PAID'
  and o.status <> 'CANCELLED'
  and oi.store_id = ?
group by oi.store_id, s.name, oi.dish_id, d.name
order by quantitySold desc, revenue desc, d.name asc limit ?

Hibernate: select ip1_0.store_id,ip1_0.sort_order,ip1_0.image_path from store_image_paths ip1_0 where ip1_0.store_id=?
Hibernate: select coalesce(sum(o1_0.total_amount),0) from orders o1_0 where o1_0.payment_status='PAID' and o1_0.paid_at>=? and o1_0.paid_at<? and exists(select 1 from order_items oi1_0 where oi1_0.order_id=o1_0.id and oi1_0.store_id=?)
Hibernate: select
	oi.store_id as storeId,
	s.name as storeName,
	oi.dish_id as dishId,
	d.name as dishName,
	sum(oi.quantity) as quantitySold,
	count(distinct oi.order_id) as orderCount,
	coalesce(sum(oi.unit_price * oi.quantity), 0) as revenue
from order_items oi
join orders o on o.id = oi.order_id
join stores s on s.id = oi.store_id
join dishes d on d.id = oi.dish_id
where o.payment_status = 'PAID'
  and o.status <> 'CANCELLED'
  and oi.store_id = ?
group by oi.store_id, s.name, oi.dish_id, d.name
order by quantitySold desc, revenue desc, d.name asc limit ?

Hibernate: select ip1_0.store_id,ip1_0.sort_order,ip1_0.image_path from store_image_paths ip1_0 where ip1_0.store_id=?
Hibernate: select coalesce(sum(o1_0.total_amount),0) from orders o1_0 where o1_0.payment_status='PAID' and o1_0.paid_at>=? and o1_0.paid_at<? and exists(select 1 from order_items oi1_0 where oi1_0.order_id=o1_0.id and oi1_0.store_id=?)
Hibernate: select
	oi.store_id as storeId,
	s.name as storeName,
	oi.dish_id as dishId,
	d.name as dishName,
	sum(oi.quantity) as quantitySold,
	count(distinct oi.order_id) as orderCount,
	coalesce(sum(oi.unit_price * oi.quantity), 0) as revenue
from order_items oi
join orders o on o.id = oi.order_id
join stores s on s.id = oi.store_id
join dishes d on d.id = oi.dish_id
where o.payment_status = 'PAID'
  and o.status <> 'CANCELLED'
  and oi.store_id = ?
group by oi.store_id, s.name, oi.dish_id, d.name
order by quantitySold desc, revenue desc, d.name asc limit ?

Hibernate: select ip1_0.store_id,ip1_0.sort_order,ip1_0.image_path from store_image_paths ip1_0 where ip1_0.store_id=?
Hibernate: select coalesce(sum(o1_0.total_amount),0) from orders o1_0 where o1_0.payment_status='PAID' and o1_0.paid_at>=? and o1_0.paid_at<? and exists(select 1 from order_items oi1_0 where oi1_0.order_id=o1_0.id and oi1_0.store_id=?)
Hibernate: select
	oi.store_id as storeId,
	s.name as storeName,
	oi.dish_id as dishId,
	d.name as dishName,
	sum(oi.quantity) as quantitySold,
	count(distinct oi.order_id) as orderCount,
	coalesce(sum(oi.unit_price * oi.quantity), 0) as revenue
from order_items oi
join orders o on o.id = oi.order_id
join stores s on s.id = oi.store_id
join dishes d on d.id = oi.dish_id
where o.payment_status = 'PAID'
  and o.status <> 'CANCELLED'
  and oi.store_id = ?
group by oi.store_id, s.name, oi.dish_id, d.name
order by quantitySold desc, revenue desc, d.name asc limit ?

Hibernate: select ip1_0.store_id,ip1_0.sort_order,ip1_0.image_path from store_image_paths ip1_0 where ip1_0.store_id=?
Hibernate: select coalesce(sum(o1_0.total_amount),0) from orders o1_0 where o1_0.payment_status='PAID' and o1_0.paid_at>=? and o1_0.paid_at<? and exists(select 1 from order_items oi1_0 where oi1_0.order_id=o1_0.id and oi1_0.store_id=?)
Hibernate: select
	oi.store_id as storeId,
	s.name as storeName,
	oi.dish_id as dishId,
	d.name as dishName,
	sum(oi.quantity) as quantitySold,
	count(distinct oi.order_id) as orderCount,
	coalesce(sum(oi.unit_price * oi.quantity), 0) as revenue
from order_items oi
join orders o on o.id = oi.order_id
join stores s on s.id = oi.store_id
join dishes d on d.id = oi.dish_id
where o.payment_status = 'PAID'
  and o.status <> 'CANCELLED'
  and oi.store_id = ?
group by oi.store_id, s.name, oi.dish_id, d.name
order by quantitySold desc, revenue desc, d.name asc limit ?

Hibernate: select ip1_0.store_id,ip1_0.sort_order,ip1_0.image_path from store_image_paths ip1_0 where ip1_0.store_id=?
Hibernate: select coalesce(sum(o1_0.total_amount),0) from orders o1_0 where o1_0.payment_status='PAID' and o1_0.paid_at>=? and o1_0.paid_at<? and exists(select 1 from order_items oi1_0 where oi1_0.order_id=o1_0.id and oi1_0.store_id=?)
Hibernate: select
	oi.store_id as storeId,
	s.name as storeName,
	oi.dish_id as dishId,
	d.name as dishName,
	sum(oi.quantity) as quantitySold,
	count(distinct oi.order_id) as orderCount,
	coalesce(sum(oi.unit_price * oi.quantity), 0) as revenue
from order_items oi
join orders o on o.id = oi.order_id
join stores s on s.id = oi.store_id
join dishes d on d.id = oi.dish_id
where o.payment_status = 'PAID'
  and o.status <> 'CANCELLED'
  and oi.store_id = ?
group by oi.store_id, s.name, oi.dish_id, d.name
order by quantitySold desc, revenue desc, d.name asc limit ?

Hibernate: select ip1_0.store_id,ip1_0.sort_order,ip1_0.image_path from store_image_paths ip1_0 where ip1_0.store_id=?
Hibernate: select d1_0.id,d1_0.active,d1_0.available,d1_0.category_id,d1_0.created_at,d1_0.description,d1_0.franchise_note,d1_0.franchise_required,d1_0.highlight_summary,d1_0.name,d1_0.note,d1_0.price,d1_0.status,d1_0.updated_at from dishes d1_0
Hibernate: select c1_0.id,c1_0.active,c1_0.created_at,c1_0.description,c1_0.name,c1_0.sort_order,s1_0.id,s1_0.active,s1_0.address,s1_0.area,s1_0.close_time,s1_0.contact_email,s1_0.created_at,s1_0.description,s1_0.design_signature,s1_0.franchise_mood,s1_0.highlight_summary,s1_0.hours_text,s1_0.latitude,s1_0.longitude,s1_0.name,s1_0.open_time,s1_0.personality,s1_0.phone_number,s1_0.position_label,s1_0.slug,s1_0.specialty,s1_0.updated_at,c1_0.updated_at from categories c1_0 left join stores s1_0 on s1_0.id=c1_0.store_id where c1_0.id=?
Hibernate: select c1_0.id,c1_0.active,c1_0.created_at,c1_0.description,c1_0.name,c1_0.sort_order,s1_0.id,s1_0.active,s1_0.address,s1_0.area,s1_0.close_time,s1_0.contact_email,s1_0.created_at,s1_0.description,s1_0.design_signature,s1_0.franchise_mood,s1_0.highlight_summary,s1_0.hours_text,s1_0.latitude,s1_0.longitude,s1_0.name,s1_0.open_time,s1_0.personality,s1_0.phone_number,s1_0.position_label,s1_0.slug,s1_0.specialty,s1_0.updated_at,c1_0.updated_at from categories c1_0 left join stores s1_0 on s1_0.id=c1_0.store_id where c1_0.id=?
Hibernate: select c1_0.id,c1_0.active,c1_0.created_at,c1_0.description,c1_0.name,c1_0.sort_order,s1_0.id,s1_0.active,s1_0.address,s1_0.area,s1_0.close_time,s1_0.contact_email,s1_0.created_at,s1_0.description,s1_0.design_signature,s1_0.franchise_mood,s1_0.highlight_summary,s1_0.hours_text,s1_0.latitude,s1_0.longitude,s1_0.name,s1_0.open_time,s1_0.personality,s1_0.phone_number,s1_0.position_label,s1_0.slug,s1_0.specialty,s1_0.updated_at,c1_0.updated_at from categories c1_0 left join stores s1_0 on s1_0.id=c1_0.store_id where c1_0.id=?
Hibernate: select c1_0.id,c1_0.active,c1_0.created_at,c1_0.description,c1_0.name,c1_0.sort_order,s1_0.id,s1_0.active,s1_0.address,s1_0.area,s1_0.close_time,s1_0.contact_email,s1_0.created_at,s1_0.description,s1_0.design_signature,s1_0.franchise_mood,s1_0.highlight_summary,s1_0.hours_text,s1_0.latitude,s1_0.longitude,s1_0.name,s1_0.open_time,s1_0.personality,s1_0.phone_number,s1_0.position_label,s1_0.slug,s1_0.specialty,s1_0.updated_at,c1_0.updated_at from categories c1_0 left join stores s1_0 on s1_0.id=c1_0.store_id where c1_0.id=?
Hibernate: select c1_0.id,c1_0.active,c1_0.created_at,c1_0.description,c1_0.name,c1_0.sort_order,s1_0.id,s1_0.active,s1_0.address,s1_0.area,s1_0.close_time,s1_0.contact_email,s1_0.created_at,s1_0.description,s1_0.design_signature,s1_0.franchise_mood,s1_0.highlight_summary,s1_0.hours_text,s1_0.latitude,s1_0.longitude,s1_0.name,s1_0.open_time,s1_0.personality,s1_0.phone_number,s1_0.position_label,s1_0.slug,s1_0.specialty,s1_0.updated_at,c1_0.updated_at from categories c1_0 left join stores s1_0 on s1_0.id=c1_0.store_id where c1_0.id=?
Hibernate: select c1_0.id,c1_0.active,c1_0.created_at,c1_0.description,c1_0.name,c1_0.sort_order,s1_0.id,s1_0.active,s1_0.address,s1_0.area,s1_0.close_time,s1_0.contact_email,s1_0.created_at,s1_0.description,s1_0.design_signature,s1_0.franchise_mood,s1_0.highlight_summary,s1_0.hours_text,s1_0.latitude,s1_0.longitude,s1_0.name,s1_0.open_time,s1_0.personality,s1_0.phone_number,s1_0.position_label,s1_0.slug,s1_0.specialty,s1_0.updated_at,c1_0.updated_at from categories c1_0 left join stores s1_0 on s1_0.id=c1_0.store_id where c1_0.id=?
Hibernate: select c1_0.id,c1_0.active,c1_0.created_at,c1_0.description,c1_0.name,c1_0.sort_order,s1_0.id,s1_0.active,s1_0.address,s1_0.area,s1_0.close_time,s1_0.contact_email,s1_0.created_at,s1_0.description,s1_0.design_signature,s1_0.franchise_mood,s1_0.highlight_summary,s1_0.hours_text,s1_0.latitude,s1_0.longitude,s1_0.name,s1_0.open_time,s1_0.personality,s1_0.phone_number,s1_0.position_label,s1_0.slug,s1_0.specialty,s1_0.updated_at,c1_0.updated_at from categories c1_0 left join stores s1_0 on s1_0.id=c1_0.store_id where c1_0.id=?
Hibernate: select c1_0.id,c1_0.active,c1_0.created_at,c1_0.description,c1_0.name,c1_0.sort_order,s1_0.id,s1_0.active,s1_0.address,s1_0.area,s1_0.close_time,s1_0.contact_email,s1_0.created_at,s1_0.description,s1_0.design_signature,s1_0.franchise_mood,s1_0.highlight_summary,s1_0.hours_text,s1_0.latitude,s1_0.longitude,s1_0.name,s1_0.open_time,s1_0.personality,s1_0.phone_number,s1_0.position_label,s1_0.slug,s1_0.specialty,s1_0.updated_at,c1_0.updated_at from categories c1_0 left join stores s1_0 on s1_0.id=c1_0.store_id where c1_0.id=?
Hibernate: select c1_0.id,c1_0.active,c1_0.created_at,c1_0.description,c1_0.name,c1_0.sort_order,s1_0.id,s1_0.active,s1_0.address,s1_0.area,s1_0.close_time,s1_0.contact_email,s1_0.created_at,s1_0.description,s1_0.design_signature,s1_0.franchise_mood,s1_0.highlight_summary,s1_0.hours_text,s1_0.latitude,s1_0.longitude,s1_0.name,s1_0.open_time,s1_0.personality,s1_0.phone_number,s1_0.position_label,s1_0.slug,s1_0.specialty,s1_0.updated_at,c1_0.updated_at from categories c1_0 left join stores s1_0 on s1_0.id=c1_0.store_id where c1_0.id=?
Hibernate: select c1_0.id,c1_0.active,c1_0.created_at,c1_0.description,c1_0.name,c1_0.sort_order,s1_0.id,s1_0.active,s1_0.address,s1_0.area,s1_0.close_time,s1_0.contact_email,s1_0.created_at,s1_0.description,s1_0.design_signature,s1_0.franchise_mood,s1_0.highlight_summary,s1_0.hours_text,s1_0.latitude,s1_0.longitude,s1_0.name,s1_0.open_time,s1_0.personality,s1_0.phone_number,s1_0.position_label,s1_0.slug,s1_0.specialty,s1_0.updated_at,c1_0.updated_at from categories c1_0 left join stores s1_0 on s1_0.id=c1_0.store_id where c1_0.id=?
Hibernate: select c1_0.id,c1_0.active,c1_0.created_at,c1_0.description,c1_0.name,c1_0.sort_order,s1_0.id,s1_0.active,s1_0.address,s1_0.area,s1_0.close_time,s1_0.contact_email,s1_0.created_at,s1_0.description,s1_0.design_signature,s1_0.franchise_mood,s1_0.highlight_summary,s1_0.hours_text,s1_0.latitude,s1_0.longitude,s1_0.name,s1_0.open_time,s1_0.personality,s1_0.phone_number,s1_0.position_label,s1_0.slug,s1_0.specialty,s1_0.updated_at,c1_0.updated_at from categories c1_0 left join stores s1_0 on s1_0.id=c1_0.store_id where c1_0.id=?
Hibernate: select c1_0.id,c1_0.active,c1_0.created_at,c1_0.description,c1_0.name,c1_0.sort_order,s1_0.id,s1_0.active,s1_0.address,s1_0.area,s1_0.close_time,s1_0.contact_email,s1_0.created_at,s1_0.description,s1_0.design_signature,s1_0.franchise_mood,s1_0.highlight_summary,s1_0.hours_text,s1_0.latitude,s1_0.longitude,s1_0.name,s1_0.open_time,s1_0.personality,s1_0.phone_number,s1_0.position_label,s1_0.slug,s1_0.specialty,s1_0.updated_at,c1_0.updated_at from categories c1_0 left join stores s1_0 on s1_0.id=c1_0.store_id where c1_0.id=?
Hibernate: select c1_0.id,c1_0.active,c1_0.created_at,c1_0.description,c1_0.name,c1_0.sort_order,s1_0.id,s1_0.active,s1_0.address,s1_0.area,s1_0.close_time,s1_0.contact_email,s1_0.created_at,s1_0.description,s1_0.design_signature,s1_0.franchise_mood,s1_0.highlight_summary,s1_0.hours_text,s1_0.latitude,s1_0.longitude,s1_0.name,s1_0.open_time,s1_0.personality,s1_0.phone_number,s1_0.position_label,s1_0.slug,s1_0.specialty,s1_0.updated_at,c1_0.updated_at from categories c1_0 left join stores s1_0 on s1_0.id=c1_0.store_id where c1_0.id=?
Hibernate: select c1_0.id,c1_0.active,c1_0.created_at,c1_0.description,c1_0.name,c1_0.sort_order,s1_0.id,s1_0.active,s1_0.address,s1_0.area,s1_0.close_time,s1_0.contact_email,s1_0.created_at,s1_0.description,s1_0.design_signature,s1_0.franchise_mood,s1_0.highlight_summary,s1_0.hours_text,s1_0.latitude,s1_0.longitude,s1_0.name,s1_0.open_time,s1_0.personality,s1_0.phone_number,s1_0.position_label,s1_0.slug,s1_0.specialty,s1_0.updated_at,c1_0.updated_at from categories c1_0 left join stores s1_0 on s1_0.id=c1_0.store_id where c1_0.id=?
Hibernate: select c1_0.id,c1_0.active,c1_0.created_at,c1_0.description,c1_0.name,c1_0.sort_order,s1_0.id,s1_0.active,s1_0.address,s1_0.area,s1_0.close_time,s1_0.contact_email,s1_0.created_at,s1_0.description,s1_0.design_signature,s1_0.franchise_mood,s1_0.highlight_summary,s1_0.hours_text,s1_0.latitude,s1_0.longitude,s1_0.name,s1_0.open_time,s1_0.personality,s1_0.phone_number,s1_0.position_label,s1_0.slug,s1_0.specialty,s1_0.updated_at,c1_0.updated_at from categories c1_0 left join stores s1_0 on s1_0.id=c1_0.store_id where c1_0.id=?
Hibernate: select c1_0.id,c1_0.active,c1_0.created_at,c1_0.description,c1_0.name,c1_0.sort_order,s1_0.id,s1_0.active,s1_0.address,s1_0.area,s1_0.close_time,s1_0.contact_email,s1_0.created_at,s1_0.description,s1_0.design_signature,s1_0.franchise_mood,s1_0.highlight_summary,s1_0.hours_text,s1_0.latitude,s1_0.longitude,s1_0.name,s1_0.open_time,s1_0.personality,s1_0.phone_number,s1_0.position_label,s1_0.slug,s1_0.specialty,s1_0.updated_at,c1_0.updated_at from categories c1_0 left join stores s1_0 on s1_0.id=c1_0.store_id where c1_0.id=?
Hibernate: select c1_0.id,c1_0.active,c1_0.created_at,c1_0.description,c1_0.name,c1_0.sort_order,s1_0.id,s1_0.active,s1_0.address,s1_0.area,s1_0.close_time,s1_0.contact_email,s1_0.created_at,s1_0.description,s1_0.design_signature,s1_0.franchise_mood,s1_0.highlight_summary,s1_0.hours_text,s1_0.latitude,s1_0.longitude,s1_0.name,s1_0.open_time,s1_0.personality,s1_0.phone_number,s1_0.position_label,s1_0.slug,s1_0.specialty,s1_0.updated_at,c1_0.updated_at from categories c1_0 left join stores s1_0 on s1_0.id=c1_0.store_id where c1_0.id=?
Hibernate: select c1_0.id,c1_0.active,c1_0.created_at,c1_0.description,c1_0.name,c1_0.sort_order,s1_0.id,s1_0.active,s1_0.address,s1_0.area,s1_0.close_time,s1_0.contact_email,s1_0.created_at,s1_0.description,s1_0.design_signature,s1_0.franchise_mood,s1_0.highlight_summary,s1_0.hours_text,s1_0.latitude,s1_0.longitude,s1_0.name,s1_0.open_time,s1_0.personality,s1_0.phone_number,s1_0.position_label,s1_0.slug,s1_0.specialty,s1_0.updated_at,c1_0.updated_at from categories c1_0 left join stores s1_0 on s1_0.id=c1_0.store_id where c1_0.id=?
Hibernate: select c1_0.id,c1_0.active,c1_0.created_at,c1_0.description,c1_0.name,c1_0.sort_order,s1_0.id,s1_0.active,s1_0.address,s1_0.area,s1_0.close_time,s1_0.contact_email,s1_0.created_at,s1_0.description,s1_0.design_signature,s1_0.franchise_mood,s1_0.highlight_summary,s1_0.hours_text,s1_0.latitude,s1_0.longitude,s1_0.name,s1_0.open_time,s1_0.personality,s1_0.phone_number,s1_0.position_label,s1_0.slug,s1_0.specialty,s1_0.updated_at,c1_0.updated_at from categories c1_0 left join stores s1_0 on s1_0.id=c1_0.store_id where c1_0.id=?
Hibernate: select c1_0.id,c1_0.active,c1_0.created_at,c1_0.description,c1_0.name,c1_0.sort_order,s1_0.id,s1_0.active,s1_0.address,s1_0.area,s1_0.close_time,s1_0.contact_email,s1_0.created_at,s1_0.description,s1_0.design_signature,s1_0.franchise_mood,s1_0.highlight_summary,s1_0.hours_text,s1_0.latitude,s1_0.longitude,s1_0.name,s1_0.open_time,s1_0.personality,s1_0.phone_number,s1_0.position_label,s1_0.slug,s1_0.specialty,s1_0.updated_at,c1_0.updated_at from categories c1_0 left join stores s1_0 on s1_0.id=c1_0.store_id where c1_0.id=?
Hibernate: select ip1_0.dish_id,ip1_0.sort_order,ip1_0.image_path from dish_image_paths ip1_0 where ip1_0.dish_id=?
Hibernate: select ip1_0.dish_id,ip1_0.sort_order,ip1_0.image_path from dish_image_paths ip1_0 where ip1_0.dish_id=?
Hibernate: select ip1_0.dish_id,ip1_0.sort_order,ip1_0.image_path from dish_image_paths ip1_0 where ip1_0.dish_id=?
Hibernate: select ip1_0.dish_id,ip1_0.sort_order,ip1_0.image_path from dish_image_paths ip1_0 where ip1_0.dish_id=?
Hibernate: select ip1_0.dish_id,ip1_0.sort_order,ip1_0.image_path from dish_image_paths ip1_0 where ip1_0.dish_id=?
Hibernate: select ip1_0.dish_id,ip1_0.sort_order,ip1_0.image_path from dish_image_paths ip1_0 where ip1_0.dish_id=?
Hibernate: select ip1_0.dish_id,ip1_0.sort_order,ip1_0.image_path from dish_image_paths ip1_0 where ip1_0.dish_id=?
Hibernate: select ip1_0.dish_id,ip1_0.sort_order,ip1_0.image_path from dish_image_paths ip1_0 where ip1_0.dish_id=?
Hibernate: select ip1_0.dish_id,ip1_0.sort_order,ip1_0.image_path from dish_image_paths ip1_0 where ip1_0.dish_id=?
Hibernate: select ip1_0.dish_id,ip1_0.sort_order,ip1_0.image_path from dish_image_paths ip1_0 where ip1_0.dish_id=?
Hibernate: select ip1_0.dish_id,ip1_0.sort_order,ip1_0.image_path from dish_image_paths ip1_0 where ip1_0.dish_id=?
Hibernate: select ip1_0.dish_id,ip1_0.sort_order,ip1_0.image_path from dish_image_paths ip1_0 where ip1_0.dish_id=?
Hibernate: select ip1_0.dish_id,ip1_0.sort_order,ip1_0.image_path from dish_image_paths ip1_0 where ip1_0.dish_id=?
Hibernate: select ip1_0.dish_id,ip1_0.sort_order,ip1_0.image_path from dish_image_paths ip1_0 where ip1_0.dish_id=?
Hibernate: select ei1_0.id,ei1_0.active,ei1_0.booked_count,ei1_0.capacity,ei1_0.created_at,ei1_0.description,ei1_0.ends_at,ei1_0.highlight_summary,ei1_0.location,ei1_0.name,ei1_0.schedule_text,ei1_0.slug,ei1_0.starts_at,ei1_0.store_id,ei1_0.updated_at from events ei1_0
Hibernate: select ip1_0.event_id,ip1_0.sort_order,ip1_0.image_path from event_image_paths ip1_0 where ip1_0.event_id=?
Hibernate: select ip1_0.event_id,ip1_0.sort_order,ip1_0.image_path from event_image_paths ip1_0 where ip1_0.event_id=?
Hibernate: select ip1_0.event_id,ip1_0.sort_order,ip1_0.image_path from event_image_paths ip1_0 where ip1_0.event_id=?
Hibernate: select ip1_0.event_id,ip1_0.sort_order,ip1_0.image_path from event_image_paths ip1_0 where ip1_0.event_id=?
Hibernate: select ip1_0.event_id,ip1_0.sort_order,ip1_0.image_path from event_image_paths ip1_0 where ip1_0.event_id=?
Hibernate: select ip1_0.event_id,ip1_0.sort_order,ip1_0.image_path from event_image_paths ip1_0 where ip1_0.event_id=?
Hibernate: select ip1_0.event_id,ip1_0.sort_order,ip1_0.image_path from event_image_paths ip1_0 where ip1_0.event_id=?
Hibernate: select ip1_0.event_id,ip1_0.sort_order,ip1_0.image_path from event_image_paths ip1_0 where ip1_0.event_id=?
Hibernate: select ip1_0.event_id,ip1_0.sort_order,ip1_0.image_path from event_image_paths ip1_0 where ip1_0.event_id=?
Hibernate: select ip1_0.event_id,ip1_0.sort_order,ip1_0.image_path from event_image_paths ip1_0 where ip1_0.event_id=?
Hibernate: select ip1_0.event_id,ip1_0.sort_order,ip1_0.image_path from event_image_paths ip1_0 where ip1_0.event_id=?
Hibernate: select ip1_0.event_id,ip1_0.sort_order,ip1_0.image_path from event_image_paths ip1_0 where ip1_0.event_id=?
Hibernate: select na1_0.id,na1_0.content,na1_0.created_at,na1_0.featured,na1_0.published,na1_0.published_at,na1_0.related_store_id,na1_0.slug,na1_0.summary,na1_0.title,na1_0.updated_at from news_articles na1_0
Hibernate: select ip1_0.news_article_id,ip1_0.sort_order,ip1_0.image_path from news_article_image_paths ip1_0 where ip1_0.news_article_id=?
Hibernate: select t1_0.news_article_id,t1_0.sort_order,t1_0.tag from news_article_tags t1_0 where t1_0.news_article_id=?
Hibernate: select ip1_0.news_article_id,ip1_0.sort_order,ip1_0.image_path from news_article_image_paths ip1_0 where ip1_0.news_article_id=?
Hibernate: select t1_0.news_article_id,t1_0.sort_order,t1_0.tag from news_article_tags t1_0 where t1_0.news_article_id=?
Hibernate: select ip1_0.news_article_id,ip1_0.sort_order,ip1_0.image_path from news_article_image_paths ip1_0 where ip1_0.news_article_id=?
Hibernate: select t1_0.news_article_id,t1_0.sort_order,t1_0.tag from news_article_tags t1_0 where t1_0.news_article_id=?
Hibernate: select ip1_0.news_article_id,ip1_0.sort_order,ip1_0.image_path from news_article_image_paths ip1_0 where ip1_0.news_article_id=?
Hibernate: select t1_0.news_article_id,t1_0.sort_order,t1_0.tag from news_article_tags t1_0 where t1_0.news_article_id=?
Hibernate: select ip1_0.news_article_id,ip1_0.sort_order,ip1_0.image_path from news_article_image_paths ip1_0 where ip1_0.news_article_id=?
Hibernate: select t1_0.news_article_id,t1_0.sort_order,t1_0.tag from news_article_tags t1_0 where t1_0.news_article_id=?
Hibernate: select ip1_0.news_article_id,ip1_0.sort_order,ip1_0.image_path from news_article_image_paths ip1_0 where ip1_0.news_article_id=?
Hibernate: select t1_0.news_article_id,t1_0.sort_order,t1_0.tag from news_article_tags t1_0 where t1_0.news_article_id=?
Hibernate: select ip1_0.news_article_id,ip1_0.sort_order,ip1_0.image_path from news_article_image_paths ip1_0 where ip1_0.news_article_id=?
Hibernate: select t1_0.news_article_id,t1_0.sort_order,t1_0.tag from news_article_tags t1_0 where t1_0.news_article_id=?
Hibernate: select ip1_0.news_article_id,ip1_0.sort_order,ip1_0.image_path from news_article_image_paths ip1_0 where ip1_0.news_article_id=?
Hibernate: select t1_0.news_article_id,t1_0.sort_order,t1_0.tag from news_article_tags t1_0 where t1_0.news_article_id=?
Hibernate: select ip1_0.news_article_id,ip1_0.sort_order,ip1_0.image_path from news_article_image_paths ip1_0 where ip1_0.news_article_id=?
Hibernate: select t1_0.news_article_id,t1_0.sort_order,t1_0.tag from news_article_tags t1_0 where t1_0.news_article_id=?
Hibernate: select ip1_0.news_article_id,ip1_0.sort_order,ip1_0.image_path from news_article_image_paths ip1_0 where ip1_0.news_article_id=?
Hibernate: select t1_0.news_article_id,t1_0.sort_order,t1_0.tag from news_article_tags t1_0 where t1_0.news_article_id=?
Hibernate: select ip1_0.news_article_id,ip1_0.sort_order,ip1_0.image_path from news_article_image_paths ip1_0 where ip1_0.news_article_id=?
Hibernate: select t1_0.news_article_id,t1_0.sort_order,t1_0.tag from news_article_tags t1_0 where t1_0.news_article_id=?
Hibernate: select ip1_0.news_article_id,ip1_0.sort_order,ip1_0.image_path from news_article_image_paths ip1_0 where ip1_0.news_article_id=?
Hibernate: select t1_0.news_article_id,t1_0.sort_order,t1_0.tag from news_article_tags t1_0 where t1_0.news_article_id=?
Hibernate: select p1_0.id,p1_0.active,p1_0.code,p1_0.created_at,p1_0.description,p1_0.discount_type,p1_0.discount_value,p1_0.ends_at,p1_0.max_discount_amount,p1_0.min_cross_store_bill_amount,p1_0.min_order_amount,p1_0.min_store_bill_amount,p1_0.name,p1_0.scope,p1_0.starts_at,p1_0.updated_at,p1_0.usage_limit,p1_0.used_count from promotions p1_0
Hibernate: select c1_0.id,c1_0.created_at,c1_0.status,c1_0.updated_at,c1_0.user_id from carts c1_0 join users u1_0 on u1_0.id=c1_0.user_id where u1_0.id=? and c1_0.status=?
Hibernate: select ci1_0.id,ci1_0.cart_id,ci1_0.created_at,ci1_0.dish_id,ci1_0.quantity,ci1_0.store_id,ci1_0.unit_price,ci1_0.updated_at from cart_items ci1_0 join carts c1_0 on c1_0.id=ci1_0.cart_id where c1_0.id=?
Hibernate: select o1_0.id,o1_0.confirmed_at,o1_0.confirmed_by_user_id,o1_0.created_at,o1_0.delivering_shipper_id,o1_0.delivery_address,o1_0.delivery_address_id,o1_0.delivery_full_name,o1_0.delivery_phone_number,o1_0.delivery_proof_captured_at,o1_0.delivery_proof_image_path,o1_0.delivery_proof_note,o1_0.delivery_proof_uploaded_at,o1_0.delivery_type,o1_0.discount_amount,o1_0.invoice_issued_at,o1_0.invoice_number,o1_0.invoice_qr_token,o1_0.paid_at,o1_0.payment_cancel_url,o1_0.payment_checkout_url,o1_0.payment_expires_at,o1_0.payment_link_id,o1_0.payment_provider,o1_0.payment_qr_code,o1_0.payment_reference,o1_0.payment_return_url,o1_0.payment_status,o1_0.payos_order_code,o1_0.preparing_staff_id,o1_0.promotion_code,o1_0.promotion_eligible_amount,o1_0.promotion_scope,o1_0.scheduled_delivery_at,o1_0.status,o1_0.subtotal_amount,o1_0.total_amount,o1_0.updated_at,o1_0.user_id from orders o1_0 join users u1_0 on u1_0.id=o1_0.user_id where u1_0.id=?
Hibernate: select u1_0.id,u1_0.created_at,u1_0.email,u1_0.enabled,u1_0.full_name,u1_0.password_hash,u1_0.profile_completed,u1_0.role,u1_0.updated_at,u1_0.verified_at,ws1_0.id,ws1_0.active,ws1_0.address,ws1_0.area,ws1_0.close_time,ws1_0.contact_email,ws1_0.created_at,ws1_0.description,ws1_0.design_signature,ws1_0.franchise_mood,ws1_0.highlight_summary,ws1_0.hours_text,ws1_0.latitude,ws1_0.longitude,ws1_0.name,ws1_0.open_time,ws1_0.personality,ws1_0.phone_number,ws1_0.position_label,ws1_0.slug,ws1_0.specialty,ws1_0.updated_at from users u1_0 left join stores ws1_0 on ws1_0.id=u1_0.working_store_id where u1_0.id=?
Hibernate: select u1_0.id,u1_0.created_at,u1_0.email,u1_0.enabled,u1_0.full_name,u1_0.password_hash,u1_0.profile_completed,u1_0.role,u1_0.updated_at,u1_0.verified_at,ws1_0.id,ws1_0.active,ws1_0.address,ws1_0.area,ws1_0.close_time,ws1_0.contact_email,ws1_0.created_at,ws1_0.description,ws1_0.design_signature,ws1_0.franchise_mood,ws1_0.highlight_summary,ws1_0.hours_text,ws1_0.latitude,ws1_0.longitude,ws1_0.name,ws1_0.open_time,ws1_0.personality,ws1_0.phone_number,ws1_0.position_label,ws1_0.slug,ws1_0.specialty,ws1_0.updated_at from users u1_0 left join stores ws1_0 on ws1_0.id=u1_0.working_store_id where u1_0.id=?
Hibernate: select oi1_0.id,oi1_0.created_at,oi1_0.dish_id,oi1_0.order_id,oi1_0.quantity,oi1_0.store_id,oi1_0.unit_price,oi1_0.updated_at from order_items oi1_0 join orders o1_0 on o1_0.id=oi1_0.order_id where o1_0.id=?
Hibernate: select oi1_0.id,oi1_0.created_at,oi1_0.dish_id,oi1_0.order_id,oi1_0.quantity,oi1_0.store_id,oi1_0.unit_price,oi1_0.updated_at from order_items oi1_0 join orders o1_0 on o1_0.id=oi1_0.order_id where o1_0.id=?
Hibernate: select oi1_0.id,oi1_0.created_at,oi1_0.dish_id,oi1_0.order_id,oi1_0.quantity,oi1_0.store_id,oi1_0.unit_price,oi1_0.updated_at from order_items oi1_0 join orders o1_0 on o1_0.id=oi1_0.order_id where o1_0.id=?
Hibernate: select oi1_0.id,oi1_0.created_at,oi1_0.dish_id,oi1_0.order_id,oi1_0.quantity,oi1_0.store_id,oi1_0.unit_price,oi1_0.updated_at from order_items oi1_0 join orders o1_0 on o1_0.id=oi1_0.order_id where o1_0.id=?
Hibernate: select oi1_0.id,oi1_0.created_at,oi1_0.dish_id,oi1_0.order_id,oi1_0.quantity,oi1_0.store_id,oi1_0.unit_price,oi1_0.updated_at from order_items oi1_0 join orders o1_0 on o1_0.id=oi1_0.order_id where o1_0.id=?
Hibernate: select oi1_0.id,oi1_0.created_at,oi1_0.dish_id,oi1_0.order_id,oi1_0.quantity,oi1_0.store_id,oi1_0.unit_price,oi1_0.updated_at from order_items oi1_0 join orders o1_0 on o1_0.id=oi1_0.order_id where o1_0.id=?
Hibernate: insert into ai_chat_messages (actions_json,content,created_at,model,references_json,role,thread_id) values (?,?,?,?,?,?,?)
Hibernate: insert into ai_chat_messages (actions_json,content,created_at,model,references_json,role,thread_id) values (?,?,?,?,?,?,?)
Hibernate: update ai_chat_threads set last_message_at=?,last_message_preview=?,last_message_role=?,message_count=?,title=?,updated_at=?,user_id=? where id=?
Hibernate: select us1_0.id,us1_0.created_at,us1_0.expires_at,us1_0.token,us1_0.user_id from user_sessions us1_0 where us1_0.token=?
Hibernate: select u1_0.id,u1_0.created_at,u1_0.email,u1_0.enabled,u1_0.full_name,u1_0.password_hash,u1_0.profile_completed,u1_0.role,u1_0.updated_at,u1_0.verified_at,ws1_0.id,ws1_0.active,ws1_0.address,ws1_0.area,ws1_0.close_time,ws1_0.contact_email,ws1_0.created_at,ws1_0.description,ws1_0.design_signature,ws1_0.franchise_mood,ws1_0.highlight_summary,ws1_0.hours_text,ws1_0.latitude,ws1_0.longitude,ws1_0.name,ws1_0.open_time,ws1_0.personality,ws1_0.phone_number,ws1_0.position_label,ws1_0.slug,ws1_0.specialty,ws1_0.updated_at from users u1_0 left join stores ws1_0 on ws1_0.id=u1_0.working_store_id where u1_0.id=?
Hibernate: select act1_0.id,act1_0.created_at,act1_0.last_message_at,act1_0.last_message_preview,act1_0.last_message_role,act1_0.message_count,act1_0.title,act1_0.updated_at,act1_0.user_id from ai_chat_threads act1_0 join users u1_0 on u1_0.id=act1_0.user_id where u1_0.id=? order by act1_0.updated_at desc limit ?
Hibernate: select us1_0.id,us1_0.created_at,us1_0.expires_at,us1_0.token,us1_0.user_id from user_sessions us1_0 where us1_0.token=?
Hibernate: select us1_0.id,us1_0.created_at,us1_0.expires_at,us1_0.token,us1_0.user_id from user_sessions us1_0 where us1_0.token=?
Hibernate: select u1_0.id,u1_0.created_at,u1_0.email,u1_0.enabled,u1_0.full_name,u1_0.password_hash,u1_0.profile_completed,u1_0.role,u1_0.updated_at,u1_0.verified_at,ws1_0.id,ws1_0.active,ws1_0.address,ws1_0.area,ws1_0.close_time,ws1_0.contact_email,ws1_0.created_at,ws1_0.description,ws1_0.design_signature,ws1_0.franchise_mood,ws1_0.highlight_summary,ws1_0.hours_text,ws1_0.latitude,ws1_0.longitude,ws1_0.name,ws1_0.open_time,ws1_0.personality,ws1_0.phone_number,ws1_0.position_label,ws1_0.slug,ws1_0.specialty,ws1_0.updated_at from users u1_0 left join stores ws1_0 on ws1_0.id=u1_0.working_store_id where u1_0.id=?
Hibernate: select u1_0.id,u1_0.created_at,u1_0.email,u1_0.enabled,u1_0.full_name,u1_0.password_hash,u1_0.profile_completed,u1_0.role,u1_0.updated_at,u1_0.verified_at,ws1_0.id,ws1_0.active,ws1_0.address,ws1_0.area,ws1_0.close_time,ws1_0.contact_email,ws1_0.created_at,ws1_0.description,ws1_0.design_signature,ws1_0.franchise_mood,ws1_0.highlight_summary,ws1_0.hours_text,ws1_0.latitude,ws1_0.longitude,ws1_0.name,ws1_0.open_time,ws1_0.personality,ws1_0.phone_number,ws1_0.position_label,ws1_0.slug,ws1_0.specialty,ws1_0.updated_at from users u1_0 left join stores ws1_0 on ws1_0.id=u1_0.working_store_id where u1_0.id=?
Hibernate: select un1_0.id,un1_0.action_url,un1_0.created_at,un1_0.message,un1_0.read_at,un1_0.related_event_id,un1_0.related_event_slug,un1_0.related_news_id,un1_0.related_news_slug,un1_0.related_order_id,un1_0.related_store_id,un1_0.related_store_name,un1_0.title,un1_0.type,un1_0.user_id from user_notifications un1_0 join users u1_0 on u1_0.id=un1_0.user_id where u1_0.id=? order by un1_0.created_at desc limit ?
Hibernate: select count(un1_0.id) from user_notifications un1_0 join users u1_0 on u1_0.id=un1_0.user_id where u1_0.id=? and un1_0.read_at is null
Hibernate: select count(un1_0.id) from user_notifications un1_0 join users u1_0 on u1_0.id=un1_0.user_id where u1_0.id=?
Hibernate: select us1_0.id,us1_0.created_at,us1_0.expires_at,us1_0.token,us1_0.user_id from user_sessions us1_0 where us1_0.token=?
Hibernate: select us1_0.id,us1_0.created_at,us1_0.expires_at,us1_0.token,us1_0.user_id from user_sessions us1_0 where us1_0.token=?
Hibernate: select u1_0.id,u1_0.created_at,u1_0.email,u1_0.enabled,u1_0.full_name,u1_0.password_hash,u1_0.profile_completed,u1_0.role,u1_0.updated_at,u1_0.verified_at,ws1_0.id,ws1_0.active,ws1_0.address,ws1_0.area,ws1_0.close_time,ws1_0.contact_email,ws1_0.created_at,ws1_0.description,ws1_0.design_signature,ws1_0.franchise_mood,ws1_0.highlight_summary,ws1_0.hours_text,ws1_0.latitude,ws1_0.longitude,ws1_0.name,ws1_0.open_time,ws1_0.personality,ws1_0.phone_number,ws1_0.position_label,ws1_0.slug,ws1_0.specialty,ws1_0.updated_at from users u1_0 left join stores ws1_0 on ws1_0.id=u1_0.working_store_id where u1_0.id=?
Hibernate: select u1_0.id,u1_0.created_at,u1_0.email,u1_0.enabled,u1_0.full_name,u1_0.password_hash,u1_0.profile_completed,u1_0.role,u1_0.updated_at,u1_0.verified_at,ws1_0.id,ws1_0.active,ws1_0.address,ws1_0.area,ws1_0.close_time,ws1_0.contact_email,ws1_0.created_at,ws1_0.description,ws1_0.design_signature,ws1_0.franchise_mood,ws1_0.highlight_summary,ws1_0.hours_text,ws1_0.latitude,ws1_0.longitude,ws1_0.name,ws1_0.open_time,ws1_0.personality,ws1_0.phone_number,ws1_0.position_label,ws1_0.slug,ws1_0.specialty,ws1_0.updated_at from users u1_0 left join stores ws1_0 on ws1_0.id=u1_0.working_store_id where u1_0.id=?
Hibernate: select count(un1_0.id) from user_notifications un1_0 join users u1_0 on u1_0.id=un1_0.user_id where u1_0.id=? and un1_0.read_at is null
Hibernate: select un1_0.id,un1_0.action_url,un1_0.created_at,un1_0.message,un1_0.read_at,un1_0.related_event_id,un1_0.related_event_slug,un1_0.related_news_id,un1_0.related_news_slug,un1_0.related_order_id,un1_0.related_store_id,un1_0.related_store_name,un1_0.title,un1_0.type,un1_0.user_id from user_notifications un1_0 join users u1_0 on u1_0.id=un1_0.user_id where u1_0.id=? order by un1_0.created_at desc limit ?
Hibernate: select count(un1_0.id) from user_notifications un1_0 join users u1_0 on u1_0.id=un1_0.user_id where u1_0.id=?
Hibernate: select us1_0.id,us1_0.created_at,us1_0.expires_at,us1_0.token,us1_0.user_id from user_sessions us1_0 where us1_0.token=?
Hibernate: select u1_0.id,u1_0.created_at,u1_0.email,u1_0.enabled,u1_0.full_name,u1_0.password_hash,u1_0.profile_completed,u1_0.role,u1_0.updated_at,u1_0.verified_at,ws1_0.id,ws1_0.active,ws1_0.address,ws1_0.area,ws1_0.close_time,ws1_0.contact_email,ws1_0.created_at,ws1_0.description,ws1_0.design_signature,ws1_0.franchise_mood,ws1_0.highlight_summary,ws1_0.hours_text,ws1_0.latitude,ws1_0.longitude,ws1_0.name,ws1_0.open_time,ws1_0.personality,ws1_0.phone_number,ws1_0.position_label,ws1_0.slug,ws1_0.specialty,ws1_0.updated_at from users u1_0 left join stores ws1_0 on ws1_0.id=u1_0.working_store_id where u1_0.id=?
Hibernate: select us1_0.id,us1_0.created_at,us1_0.expires_at,us1_0.token,us1_0.user_id from user_sessions us1_0 where us1_0.token=?
Hibernate: select us1_0.id,us1_0.created_at,us1_0.expires_at,us1_0.token,us1_0.user_id from user_sessions us1_0 where us1_0.token=?
Hibernate: select us1_0.id,us1_0.created_at,us1_0.expires_at,us1_0.token,us1_0.user_id from user_sessions us1_0 where us1_0.token=?
Hibernate: select us1_0.id,us1_0.created_at,us1_0.expires_at,us1_0.token,us1_0.user_id from user_sessions us1_0 where us1_0.token=?
Hibernate: select us1_0.id,us1_0.created_at,us1_0.expires_at,us1_0.token,us1_0.user_id from user_sessions us1_0 where us1_0.token=?
Hibernate: select u1_0.id,u1_0.created_at,u1_0.email,u1_0.enabled,u1_0.full_name,u1_0.password_hash,u1_0.profile_completed,u1_0.role,u1_0.updated_at,u1_0.verified_at,ws1_0.id,ws1_0.active,ws1_0.address,ws1_0.area,ws1_0.close_time,ws1_0.contact_email,ws1_0.created_at,ws1_0.description,ws1_0.design_signature,ws1_0.franchise_mood,ws1_0.highlight_summary,ws1_0.hours_text,ws1_0.latitude,ws1_0.longitude,ws1_0.name,ws1_0.open_time,ws1_0.personality,ws1_0.phone_number,ws1_0.position_label,ws1_0.slug,ws1_0.specialty,ws1_0.updated_at from users u1_0 left join stores ws1_0 on ws1_0.id=u1_0.working_store_id where u1_0.id=?
Hibernate: select u1_0.id,u1_0.created_at,u1_0.email,u1_0.enabled,u1_0.full_name,u1_0.password_hash,u1_0.profile_completed,u1_0.role,u1_0.updated_at,u1_0.verified_at,ws1_0.id,ws1_0.active,ws1_0.address,ws1_0.area,ws1_0.close_time,ws1_0.contact_email,ws1_0.created_at,ws1_0.description,ws1_0.design_signature,ws1_0.franchise_mood,ws1_0.highlight_summary,ws1_0.hours_text,ws1_0.latitude,ws1_0.longitude,ws1_0.name,ws1_0.open_time,ws1_0.personality,ws1_0.phone_number,ws1_0.position_label,ws1_0.slug,ws1_0.specialty,ws1_0.updated_at from users u1_0 left join stores ws1_0 on ws1_0.id=u1_0.working_store_id where u1_0.id=?
Hibernate: select us1_0.id,us1_0.created_at,us1_0.expires_at,us1_0.token,us1_0.user_id from user_sessions us1_0 where us1_0.token=?
Hibernate: select u1_0.id,u1_0.created_at,u1_0.email,u1_0.enabled,u1_0.full_name,u1_0.password_hash,u1_0.profile_completed,u1_0.role,u1_0.updated_at,u1_0.verified_at,ws1_0.id,ws1_0.active,ws1_0.address,ws1_0.area,ws1_0.close_time,ws1_0.contact_email,ws1_0.created_at,ws1_0.description,ws1_0.design_signature,ws1_0.franchise_mood,ws1_0.highlight_summary,ws1_0.hours_text,ws1_0.latitude,ws1_0.longitude,ws1_0.name,ws1_0.open_time,ws1_0.personality,ws1_0.phone_number,ws1_0.position_label,ws1_0.slug,ws1_0.specialty,ws1_0.updated_at from users u1_0 left join stores ws1_0 on ws1_0.id=u1_0.working_store_id where u1_0.id=?
Hibernate: select u1_0.id,u1_0.created_at,u1_0.email,u1_0.enabled,u1_0.full_name,u1_0.password_hash,u1_0.profile_completed,u1_0.role,u1_0.updated_at,u1_0.verified_at,ws1_0.id,ws1_0.active,ws1_0.address,ws1_0.area,ws1_0.close_time,ws1_0.contact_email,ws1_0.created_at,ws1_0.description,ws1_0.design_signature,ws1_0.franchise_mood,ws1_0.highlight_summary,ws1_0.hours_text,ws1_0.latitude,ws1_0.longitude,ws1_0.name,ws1_0.open_time,ws1_0.personality,ws1_0.phone_number,ws1_0.position_label,ws1_0.slug,ws1_0.specialty,ws1_0.updated_at from users u1_0 left join stores ws1_0 on ws1_0.id=u1_0.working_store_id where u1_0.id=?
Hibernate: select u1_0.id,u1_0.created_at,u1_0.email,u1_0.enabled,u1_0.full_name,u1_0.password_hash,u1_0.profile_completed,u1_0.role,u1_0.updated_at,u1_0.verified_at,ws1_0.id,ws1_0.active,ws1_0.address,ws1_0.area,ws1_0.close_time,ws1_0.contact_email,ws1_0.created_at,ws1_0.description,ws1_0.design_signature,ws1_0.franchise_mood,ws1_0.highlight_summary,ws1_0.hours_text,ws1_0.latitude,ws1_0.longitude,ws1_0.name,ws1_0.open_time,ws1_0.personality,ws1_0.phone_number,ws1_0.position_label,ws1_0.slug,ws1_0.specialty,ws1_0.updated_at from users u1_0 left join stores ws1_0 on ws1_0.id=u1_0.working_store_id where u1_0.id=?
Hibernate: select u1_0.id,u1_0.created_at,u1_0.email,u1_0.enabled,u1_0.full_name,u1_0.password_hash,u1_0.profile_completed,u1_0.role,u1_0.updated_at,u1_0.verified_at,ws1_0.id,ws1_0.active,ws1_0.address,ws1_0.area,ws1_0.close_time,ws1_0.contact_email,ws1_0.created_at,ws1_0.description,ws1_0.design_signature,ws1_0.franchise_mood,ws1_0.highlight_summary,ws1_0.hours_text,ws1_0.latitude,ws1_0.longitude,ws1_0.name,ws1_0.open_time,ws1_0.personality,ws1_0.phone_number,ws1_0.position_label,ws1_0.slug,ws1_0.specialty,ws1_0.updated_at from users u1_0 left join stores ws1_0 on ws1_0.id=u1_0.working_store_id where u1_0.id=?
Hibernate: select act1_0.id,act1_0.created_at,act1_0.last_message_at,act1_0.last_message_preview,act1_0.last_message_role,act1_0.message_count,act1_0.title,act1_0.updated_at,act1_0.user_id from ai_chat_threads act1_0 join users u1_0 on u1_0.id=act1_0.user_id where u1_0.id=? order by act1_0.updated_at desc limit ?
Hibernate: select count(un1_0.id) from user_notifications un1_0 join users u1_0 on u1_0.id=un1_0.user_id where u1_0.id=? and un1_0.read_at is null
Hibernate: select un1_0.id,un1_0.action_url,un1_0.created_at,un1_0.message,un1_0.read_at,un1_0.related_event_id,un1_0.related_event_slug,un1_0.related_news_id,un1_0.related_news_slug,un1_0.related_order_id,un1_0.related_store_id,un1_0.related_store_name,un1_0.title,un1_0.type,un1_0.user_id from user_notifications un1_0 join users u1_0 on u1_0.id=un1_0.user_id where u1_0.id=? order by un1_0.created_at desc limit ?
Hibernate: select cf1_0.id,cf1_0.category,cf1_0.created_at,cf1_0.message,cf1_0.related_order_id,cf1_0.related_store_id,cf1_0.replied_at,cf1_0.replied_by_user_id,cf1_0.replied_by_user_name,cf1_0.replied_by_user_role,cf1_0.reply_message,cf1_0.subject,cf1_0.updated_at,cf1_0.user_id from customer_feedbacks cf1_0 join users u1_0 on u1_0.id=cf1_0.user_id where u1_0.id=? order by cf1_0.created_at desc limit ?
Hibernate: select f1_0.id,f1_0.created_at,f1_0.target_id,f1_0.target_type,f1_0.user_id from favorites f1_0 join users u1_0 on u1_0.id=f1_0.user_id where u1_0.id=?
Hibernate: select r1_0.id,r1_0.approved,r1_0.comment,r1_0.created_at,r1_0.rating,r1_0.target_id,r1_0.target_type,r1_0.title,r1_0.updated_at,r1_0.user_id from reviews r1_0
Hibernate: select u1_0.id,u1_0.created_at,u1_0.email,u1_0.enabled,u1_0.full_name,u1_0.password_hash,u1_0.profile_completed,u1_0.role,u1_0.updated_at,u1_0.verified_at,ws1_0.id,ws1_0.active,ws1_0.address,ws1_0.area,ws1_0.close_time,ws1_0.contact_email,ws1_0.created_at,ws1_0.description,ws1_0.design_signature,ws1_0.franchise_mood,ws1_0.highlight_summary,ws1_0.hours_text,ws1_0.latitude,ws1_0.longitude,ws1_0.name,ws1_0.open_time,ws1_0.personality,ws1_0.phone_number,ws1_0.position_label,ws1_0.slug,ws1_0.specialty,ws1_0.updated_at from users u1_0 left join stores ws1_0 on ws1_0.id=u1_0.working_store_id where u1_0.id=?
Hibernate: select u1_0.id,u1_0.created_at,u1_0.email,u1_0.enabled,u1_0.full_name,u1_0.password_hash,u1_0.profile_completed,u1_0.role,u1_0.updated_at,u1_0.verified_at,ws1_0.id,ws1_0.active,ws1_0.address,ws1_0.area,ws1_0.close_time,ws1_0.contact_email,ws1_0.created_at,ws1_0.description,ws1_0.design_signature,ws1_0.franchise_mood,ws1_0.highlight_summary,ws1_0.hours_text,ws1_0.latitude,ws1_0.longitude,ws1_0.name,ws1_0.open_time,ws1_0.personality,ws1_0.phone_number,ws1_0.position_label,ws1_0.slug,ws1_0.specialty,ws1_0.updated_at from users u1_0 left join stores ws1_0 on ws1_0.id=u1_0.working_store_id where u1_0.id=?
Hibernate: select u1_0.id,u1_0.created_at,u1_0.email,u1_0.enabled,u1_0.full_name,u1_0.password_hash,u1_0.profile_completed,u1_0.role,u1_0.updated_at,u1_0.verified_at,ws1_0.id,ws1_0.active,ws1_0.address,ws1_0.area,ws1_0.close_time,ws1_0.contact_email,ws1_0.created_at,ws1_0.description,ws1_0.design_signature,ws1_0.franchise_mood,ws1_0.highlight_summary,ws1_0.hours_text,ws1_0.latitude,ws1_0.longitude,ws1_0.name,ws1_0.open_time,ws1_0.personality,ws1_0.phone_number,ws1_0.position_label,ws1_0.slug,ws1_0.specialty,ws1_0.updated_at from users u1_0 left join stores ws1_0 on ws1_0.id=u1_0.working_store_id where u1_0.id=?
Hibernate: select count(un1_0.id) from user_notifications un1_0 join users u1_0 on u1_0.id=un1_0.user_id where u1_0.id=?
Hibernate: select u1_0.id,u1_0.created_at,u1_0.email,u1_0.enabled,u1_0.full_name,u1_0.password_hash,u1_0.profile_completed,u1_0.role,u1_0.updated_at,u1_0.verified_at,ws1_0.id,ws1_0.active,ws1_0.address,ws1_0.area,ws1_0.close_time,ws1_0.contact_email,ws1_0.created_at,ws1_0.description,ws1_0.design_signature,ws1_0.franchise_mood,ws1_0.highlight_summary,ws1_0.hours_text,ws1_0.latitude,ws1_0.longitude,ws1_0.name,ws1_0.open_time,ws1_0.personality,ws1_0.phone_number,ws1_0.position_label,ws1_0.slug,ws1_0.specialty,ws1_0.updated_at from users u1_0 left join stores ws1_0 on ws1_0.id=u1_0.working_store_id where u1_0.id=?
Hibernate: select u1_0.id,u1_0.created_at,u1_0.email,u1_0.enabled,u1_0.full_name,u1_0.password_hash,u1_0.profile_completed,u1_0.role,u1_0.updated_at,u1_0.verified_at,ws1_0.id,ws1_0.active,ws1_0.address,ws1_0.area,ws1_0.close_time,ws1_0.contact_email,ws1_0.created_at,ws1_0.description,ws1_0.design_signature,ws1_0.franchise_mood,ws1_0.highlight_summary,ws1_0.hours_text,ws1_0.latitude,ws1_0.longitude,ws1_0.name,ws1_0.open_time,ws1_0.personality,ws1_0.phone_number,ws1_0.position_label,ws1_0.slug,ws1_0.specialty,ws1_0.updated_at from users u1_0 left join stores ws1_0 on ws1_0.id=u1_0.working_store_id where u1_0.id=?
Hibernate: select u1_0.id,u1_0.created_at,u1_0.email,u1_0.enabled,u1_0.full_name,u1_0.password_hash,u1_0.profile_completed,u1_0.role,u1_0.updated_at,u1_0.verified_at,ws1_0.id,ws1_0.active,ws1_0.address,ws1_0.area,ws1_0.close_time,ws1_0.contact_email,ws1_0.created_at,ws1_0.description,ws1_0.design_signature,ws1_0.franchise_mood,ws1_0.highlight_summary,ws1_0.hours_text,ws1_0.latitude,ws1_0.longitude,ws1_0.name,ws1_0.open_time,ws1_0.personality,ws1_0.phone_number,ws1_0.position_label,ws1_0.slug,ws1_0.specialty,ws1_0.updated_at from users u1_0 left join stores ws1_0 on ws1_0.id=u1_0.working_store_id where u1_0.id=?
Hibernate: select u1_0.id,u1_0.created_at,u1_0.email,u1_0.enabled,u1_0.full_name,u1_0.password_hash,u1_0.profile_completed,u1_0.role,u1_0.updated_at,u1_0.verified_at,ws1_0.id,ws1_0.active,ws1_0.address,ws1_0.area,ws1_0.close_time,ws1_0.contact_email,ws1_0.created_at,ws1_0.description,ws1_0.design_signature,ws1_0.franchise_mood,ws1_0.highlight_summary,ws1_0.hours_text,ws1_0.latitude,ws1_0.longitude,ws1_0.name,ws1_0.open_time,ws1_0.personality,ws1_0.phone_number,ws1_0.position_label,ws1_0.slug,ws1_0.specialty,ws1_0.updated_at from users u1_0 left join stores ws1_0 on ws1_0.id=u1_0.working_store_id where u1_0.id=?
Hibernate: select us1_0.id,us1_0.created_at,us1_0.expires_at,us1_0.token,us1_0.user_id from user_sessions us1_0 where us1_0.token=?
Hibernate: select us1_0.id,us1_0.created_at,us1_0.expires_at,us1_0.token,us1_0.user_id from user_sessions us1_0 where us1_0.token=?
Hibernate: select u1_0.id,u1_0.created_at,u1_0.email,u1_0.enabled,u1_0.full_name,u1_0.password_hash,u1_0.profile_completed,u1_0.role,u1_0.updated_at,u1_0.verified_at,ws1_0.id,ws1_0.active,ws1_0.address,ws1_0.area,ws1_0.close_time,ws1_0.contact_email,ws1_0.created_at,ws1_0.description,ws1_0.design_signature,ws1_0.franchise_mood,ws1_0.highlight_summary,ws1_0.hours_text,ws1_0.latitude,ws1_0.longitude,ws1_0.name,ws1_0.open_time,ws1_0.personality,ws1_0.phone_number,ws1_0.position_label,ws1_0.slug,ws1_0.specialty,ws1_0.updated_at from users u1_0 left join stores ws1_0 on ws1_0.id=u1_0.working_store_id where u1_0.id=?
Hibernate: select u1_0.id,u1_0.created_at,u1_0.email,u1_0.enabled,u1_0.full_name,u1_0.password_hash,u1_0.profile_completed,u1_0.role,u1_0.updated_at,u1_0.verified_at,ws1_0.id,ws1_0.active,ws1_0.address,ws1_0.area,ws1_0.close_time,ws1_0.contact_email,ws1_0.created_at,ws1_0.description,ws1_0.design_signature,ws1_0.franchise_mood,ws1_0.highlight_summary,ws1_0.hours_text,ws1_0.latitude,ws1_0.longitude,ws1_0.name,ws1_0.open_time,ws1_0.personality,ws1_0.phone_number,ws1_0.position_label,ws1_0.slug,ws1_0.specialty,ws1_0.updated_at from users u1_0 left join stores ws1_0 on ws1_0.id=u1_0.working_store_id where u1_0.id=?
Hibernate: select u1_0.id,u1_0.created_at,u1_0.email,u1_0.enabled,u1_0.full_name,u1_0.password_hash,u1_0.profile_completed,u1_0.role,u1_0.updated_at,u1_0.verified_at,ws1_0.id,ws1_0.active,ws1_0.address,ws1_0.area,ws1_0.close_time,ws1_0.contact_email,ws1_0.created_at,ws1_0.description,ws1_0.design_signature,ws1_0.franchise_mood,ws1_0.highlight_summary,ws1_0.hours_text,ws1_0.latitude,ws1_0.longitude,ws1_0.name,ws1_0.open_time,ws1_0.personality,ws1_0.phone_number,ws1_0.position_label,ws1_0.slug,ws1_0.specialty,ws1_0.updated_at from users u1_0 left join stores ws1_0 on ws1_0.id=u1_0.working_store_id where u1_0.id=?
Hibernate: select u1_0.id,u1_0.created_at,u1_0.email,u1_0.enabled,u1_0.full_name,u1_0.password_hash,u1_0.profile_completed,u1_0.role,u1_0.updated_at,u1_0.verified_at,ws1_0.id,ws1_0.active,ws1_0.address,ws1_0.area,ws1_0.close_time,ws1_0.contact_email,ws1_0.created_at,ws1_0.description,ws1_0.design_signature,ws1_0.franchise_mood,ws1_0.highlight_summary,ws1_0.hours_text,ws1_0.latitude,ws1_0.longitude,ws1_0.name,ws1_0.open_time,ws1_0.personality,ws1_0.phone_number,ws1_0.position_label,ws1_0.slug,ws1_0.specialty,ws1_0.updated_at from users u1_0 left join stores ws1_0 on ws1_0.id=u1_0.working_store_id where u1_0.id=?
Hibernate: select u1_0.id,u1_0.created_at,u1_0.email,u1_0.enabled,u1_0.full_name,u1_0.password_hash,u1_0.profile_completed,u1_0.role,u1_0.updated_at,u1_0.verified_at,ws1_0.id,ws1_0.active,ws1_0.address,ws1_0.area,ws1_0.close_time,ws1_0.contact_email,ws1_0.created_at,ws1_0.description,ws1_0.design_signature,ws1_0.franchise_mood,ws1_0.highlight_summary,ws1_0.hours_text,ws1_0.latitude,ws1_0.longitude,ws1_0.name,ws1_0.open_time,ws1_0.personality,ws1_0.phone_number,ws1_0.position_label,ws1_0.slug,ws1_0.specialty,ws1_0.updated_at from users u1_0 left join stores ws1_0 on ws1_0.id=u1_0.working_store_id where u1_0.id=?
Hibernate: select uda1_0.id,uda1_0.created_at,uda1_0.delivery_address,uda1_0.full_name,uda1_0.last_used_at,uda1_0.phone_number,uda1_0.is_primary,uda1_0.updated_at,uda1_0.user_id,uda1_0.verified_at from user_delivery_addresses uda1_0 join users u1_0 on u1_0.id=uda1_0.user_id where u1_0.id=? order by uda1_0.updated_at desc
Hibernate: select c1_0.id,c1_0.created_at,c1_0.status,c1_0.updated_at,c1_0.user_id from carts c1_0 join users u1_0 on u1_0.id=c1_0.user_id where u1_0.id=? and c1_0.status=?
Hibernate: select u1_0.id,u1_0.created_at,u1_0.email,u1_0.enabled,u1_0.full_name,u1_0.password_hash,u1_0.profile_completed,u1_0.role,u1_0.updated_at,u1_0.verified_at,ws1_0.id,ws1_0.active,ws1_0.address,ws1_0.area,ws1_0.close_time,ws1_0.contact_email,ws1_0.created_at,ws1_0.description,ws1_0.design_signature,ws1_0.franchise_mood,ws1_0.highlight_summary,ws1_0.hours_text,ws1_0.latitude,ws1_0.longitude,ws1_0.name,ws1_0.open_time,ws1_0.personality,ws1_0.phone_number,ws1_0.position_label,ws1_0.slug,ws1_0.specialty,ws1_0.updated_at from users u1_0 left join stores ws1_0 on ws1_0.id=u1_0.working_store_id where u1_0.id=?
Hibernate: select u1_0.id,u1_0.created_at,u1_0.email,u1_0.enabled,u1_0.full_name,u1_0.password_hash,u1_0.profile_completed,u1_0.role,u1_0.updated_at,u1_0.verified_at,ws1_0.id,ws1_0.active,ws1_0.address,ws1_0.area,ws1_0.close_time,ws1_0.contact_email,ws1_0.created_at,ws1_0.description,ws1_0.design_signature,ws1_0.franchise_mood,ws1_0.highlight_summary,ws1_0.hours_text,ws1_0.latitude,ws1_0.longitude,ws1_0.name,ws1_0.open_time,ws1_0.personality,ws1_0.phone_number,ws1_0.position_label,ws1_0.slug,ws1_0.specialty,ws1_0.updated_at from users u1_0 left join stores ws1_0 on ws1_0.id=u1_0.working_store_id where u1_0.id=?
Hibernate: select u1_0.id,u1_0.created_at,u1_0.email,u1_0.enabled,u1_0.full_name,u1_0.password_hash,u1_0.profile_completed,u1_0.role,u1_0.updated_at,u1_0.verified_at,ws1_0.id,ws1_0.active,ws1_0.address,ws1_0.area,ws1_0.close_time,ws1_0.contact_email,ws1_0.created_at,ws1_0.description,ws1_0.design_signature,ws1_0.franchise_mood,ws1_0.highlight_summary,ws1_0.hours_text,ws1_0.latitude,ws1_0.longitude,ws1_0.name,ws1_0.open_time,ws1_0.personality,ws1_0.phone_number,ws1_0.position_label,ws1_0.slug,ws1_0.specialty,ws1_0.updated_at from users u1_0 left join stores ws1_0 on ws1_0.id=u1_0.working_store_id where u1_0.id=?
Hibernate: select ci1_0.id,ci1_0.cart_id,ci1_0.created_at,ci1_0.dish_id,ci1_0.quantity,ci1_0.store_id,ci1_0.unit_price,ci1_0.updated_at from cart_items ci1_0 join carts c1_0 on c1_0.id=ci1_0.cart_id where c1_0.id=?
Hibernate: select u1_0.id,u1_0.created_at,u1_0.email,u1_0.enabled,u1_0.full_name,u1_0.password_hash,u1_0.profile_completed,u1_0.role,u1_0.updated_at,u1_0.verified_at,ws1_0.id,ws1_0.active,ws1_0.address,ws1_0.area,ws1_0.close_time,ws1_0.contact_email,ws1_0.created_at,ws1_0.description,ws1_0.design_signature,ws1_0.franchise_mood,ws1_0.highlight_summary,ws1_0.hours_text,ws1_0.latitude,ws1_0.longitude,ws1_0.name,ws1_0.open_time,ws1_0.personality,ws1_0.phone_number,ws1_0.position_label,ws1_0.slug,ws1_0.specialty,ws1_0.updated_at from users u1_0 left join stores ws1_0 on ws1_0.id=u1_0.working_store_id where u1_0.id=?
Hibernate: select d1_0.id,d1_0.active,d1_0.available,d1_0.category_id,c1_0.id,c1_0.active,c1_0.created_at,c1_0.description,c1_0.name,c1_0.sort_order,s1_0.id,s1_0.active,s1_0.address,s1_0.area,s1_0.close_time,s1_0.contact_email,s1_0.created_at,s1_0.description,s1_0.design_signature,s1_0.franchise_mood,s1_0.highlight_summary,s1_0.hours_text,s1_0.latitude,s1_0.longitude,s1_0.name,s1_0.open_time,s1_0.personality,s1_0.phone_number,s1_0.position_label,s1_0.slug,s1_0.specialty,s1_0.updated_at,c1_0.updated_at,d1_0.created_at,d1_0.description,d1_0.franchise_note,d1_0.franchise_required,d1_0.highlight_summary,d1_0.name,d1_0.note,d1_0.price,d1_0.status,d1_0.updated_at from dishes d1_0 join categories c1_0 on c1_0.id=d1_0.category_id left join stores s1_0 on s1_0.id=c1_0.store_id where d1_0.id=?
Hibernate: select u1_0.id,u1_0.created_at,u1_0.email,u1_0.enabled,u1_0.full_name,u1_0.password_hash,u1_0.profile_completed,u1_0.role,u1_0.updated_at,u1_0.verified_at,ws1_0.id,ws1_0.active,ws1_0.address,ws1_0.area,ws1_0.close_time,ws1_0.contact_email,ws1_0.created_at,ws1_0.description,ws1_0.design_signature,ws1_0.franchise_mood,ws1_0.highlight_summary,ws1_0.hours_text,ws1_0.latitude,ws1_0.longitude,ws1_0.name,ws1_0.open_time,ws1_0.personality,ws1_0.phone_number,ws1_0.position_label,ws1_0.slug,ws1_0.specialty,ws1_0.updated_at from users u1_0 left join stores ws1_0 on ws1_0.id=u1_0.working_store_id where u1_0.id=?
Hibernate: select u1_0.id,u1_0.created_at,u1_0.email,u1_0.enabled,u1_0.full_name,u1_0.password_hash,u1_0.profile_completed,u1_0.role,u1_0.updated_at,u1_0.verified_at,ws1_0.id,ws1_0.active,ws1_0.address,ws1_0.area,ws1_0.close_time,ws1_0.contact_email,ws1_0.created_at,ws1_0.description,ws1_0.design_signature,ws1_0.franchise_mood,ws1_0.highlight_summary,ws1_0.hours_text,ws1_0.latitude,ws1_0.longitude,ws1_0.name,ws1_0.open_time,ws1_0.personality,ws1_0.phone_number,ws1_0.position_label,ws1_0.slug,ws1_0.specialty,ws1_0.updated_at from users u1_0 left join stores ws1_0 on ws1_0.id=u1_0.working_store_id where u1_0.id=?
Hibernate: select d1_0.id,d1_0.active,d1_0.available,d1_0.category_id,c1_0.id,c1_0.active,c1_0.created_at,c1_0.description,c1_0.name,c1_0.sort_order,s1_0.id,s1_0.active,s1_0.address,s1_0.area,s1_0.close_time,s1_0.contact_email,s1_0.created_at,s1_0.description,s1_0.design_signature,s1_0.franchise_mood,s1_0.highlight_summary,s1_0.hours_text,s1_0.latitude,s1_0.longitude,s1_0.name,s1_0.open_time,s1_0.personality,s1_0.phone_number,s1_0.position_label,s1_0.slug,s1_0.specialty,s1_0.updated_at,c1_0.updated_at,d1_0.created_at,d1_0.description,d1_0.franchise_note,d1_0.franchise_required,d1_0.highlight_summary,d1_0.name,d1_0.note,d1_0.price,d1_0.status,d1_0.updated_at from dishes d1_0 join categories c1_0 on c1_0.id=d1_0.category_id left join stores s1_0 on s1_0.id=c1_0.store_id where d1_0.id=?
Hibernate: select u1_0.id,u1_0.created_at,u1_0.email,u1_0.enabled,u1_0.full_name,u1_0.password_hash,u1_0.profile_completed,u1_0.role,u1_0.updated_at,u1_0.verified_at,ws1_0.id,ws1_0.active,ws1_0.address,ws1_0.area,ws1_0.close_time,ws1_0.contact_email,ws1_0.created_at,ws1_0.description,ws1_0.design_signature,ws1_0.franchise_mood,ws1_0.highlight_summary,ws1_0.hours_text,ws1_0.latitude,ws1_0.longitude,ws1_0.name,ws1_0.open_time,ws1_0.personality,ws1_0.phone_number,ws1_0.position_label,ws1_0.slug,ws1_0.specialty,ws1_0.updated_at from users u1_0 left join stores ws1_0 on ws1_0.id=u1_0.working_store_id where u1_0.id=?
Hibernate: select u1_0.id,u1_0.created_at,u1_0.email,u1_0.enabled,u1_0.full_name,u1_0.password_hash,u1_0.profile_completed,u1_0.role,u1_0.updated_at,u1_0.verified_at,ws1_0.id,ws1_0.active,ws1_0.address,ws1_0.area,ws1_0.close_time,ws1_0.contact_email,ws1_0.created_at,ws1_0.description,ws1_0.design_signature,ws1_0.franchise_mood,ws1_0.highlight_summary,ws1_0.hours_text,ws1_0.latitude,ws1_0.longitude,ws1_0.name,ws1_0.open_time,ws1_0.personality,ws1_0.phone_number,ws1_0.position_label,ws1_0.slug,ws1_0.specialty,ws1_0.updated_at from users u1_0 left join stores ws1_0 on ws1_0.id=u1_0.working_store_id where u1_0.id=?
Hibernate: select sd1_0.id,sd1_0.available,sd1_0.created_at,sd1_0.dish_id,sd1_0.price_override,sd1_0.quantity,sd1_0.store_id,sd1_0.updated_at from store_dishes sd1_0 join stores s1_0 on s1_0.id=sd1_0.store_id join dishes d1_0 on d1_0.id=sd1_0.dish_id where s1_0.id=? and d1_0.id=?
Hibernate: select u1_0.id,u1_0.created_at,u1_0.email,u1_0.enabled,u1_0.full_name,u1_0.password_hash,u1_0.profile_completed,u1_0.role,u1_0.updated_at,u1_0.verified_at,ws1_0.id,ws1_0.active,ws1_0.address,ws1_0.area,ws1_0.close_time,ws1_0.contact_email,ws1_0.created_at,ws1_0.description,ws1_0.design_signature,ws1_0.franchise_mood,ws1_0.highlight_summary,ws1_0.hours_text,ws1_0.latitude,ws1_0.longitude,ws1_0.name,ws1_0.open_time,ws1_0.personality,ws1_0.phone_number,ws1_0.position_label,ws1_0.slug,ws1_0.specialty,ws1_0.updated_at from users u1_0 left join stores ws1_0 on ws1_0.id=u1_0.working_store_id where u1_0.id=?
Hibernate: select ip1_0.dish_id,ip1_0.sort_order,ip1_0.image_path from dish_image_paths ip1_0 where ip1_0.dish_id=?
Hibernate: select u1_0.id,u1_0.created_at,u1_0.email,u1_0.enabled,u1_0.full_name,u1_0.password_hash,u1_0.profile_completed,u1_0.role,u1_0.updated_at,u1_0.verified_at,ws1_0.id,ws1_0.active,ws1_0.address,ws1_0.area,ws1_0.close_time,ws1_0.contact_email,ws1_0.created_at,ws1_0.description,ws1_0.design_signature,ws1_0.franchise_mood,ws1_0.highlight_summary,ws1_0.hours_text,ws1_0.latitude,ws1_0.longitude,ws1_0.name,ws1_0.open_time,ws1_0.personality,ws1_0.phone_number,ws1_0.position_label,ws1_0.slug,ws1_0.specialty,ws1_0.updated_at from users u1_0 left join stores ws1_0 on ws1_0.id=u1_0.working_store_id where u1_0.id=?
Hibernate: select sd1_0.id,sd1_0.available,sd1_0.created_at,sd1_0.dish_id,sd1_0.price_override,sd1_0.quantity,sd1_0.store_id,sd1_0.updated_at from store_dishes sd1_0 join stores s1_0 on s1_0.id=sd1_0.store_id join dishes d1_0 on d1_0.id=sd1_0.dish_id where s1_0.id=? and d1_0.id=?
Hibernate: select ip1_0.dish_id,ip1_0.sort_order,ip1_0.image_path from dish_image_paths ip1_0 where ip1_0.dish_id=?
Hibernate: select us1_0.id,us1_0.created_at,us1_0.expires_at,us1_0.token,us1_0.user_id from user_sessions us1_0 where us1_0.token=?
Hibernate: select u1_0.id,u1_0.created_at,u1_0.email,u1_0.enabled,u1_0.full_name,u1_0.password_hash,u1_0.profile_completed,u1_0.role,u1_0.updated_at,u1_0.verified_at,ws1_0.id,ws1_0.active,ws1_0.address,ws1_0.area,ws1_0.close_time,ws1_0.contact_email,ws1_0.created_at,ws1_0.description,ws1_0.design_signature,ws1_0.franchise_mood,ws1_0.highlight_summary,ws1_0.hours_text,ws1_0.latitude,ws1_0.longitude,ws1_0.name,ws1_0.open_time,ws1_0.personality,ws1_0.phone_number,ws1_0.position_label,ws1_0.slug,ws1_0.specialty,ws1_0.updated_at from users u1_0 left join stores ws1_0 on ws1_0.id=u1_0.working_store_id where u1_0.id=?
Hibernate: select act1_0.id,act1_0.created_at,act1_0.last_message_at,act1_0.last_message_preview,act1_0.last_message_role,act1_0.message_count,act1_0.title,act1_0.updated_at,act1_0.user_id,u1_0.id,u1_0.created_at,u1_0.email,u1_0.enabled,u1_0.full_name,u1_0.password_hash,u1_0.profile_completed,u1_0.role,u1_0.updated_at,u1_0.verified_at,ws1_0.id,ws1_0.active,ws1_0.address,ws1_0.area,ws1_0.close_time,ws1_0.contact_email,ws1_0.created_at,ws1_0.description,ws1_0.design_signature,ws1_0.franchise_mood,ws1_0.highlight_summary,ws1_0.hours_text,ws1_0.latitude,ws1_0.longitude,ws1_0.name,ws1_0.open_time,ws1_0.personality,ws1_0.phone_number,ws1_0.position_label,ws1_0.slug,ws1_0.specialty,ws1_0.updated_at from ai_chat_threads act1_0 join users u1_0 on u1_0.id=act1_0.user_id left join stores ws1_0 on ws1_0.id=u1_0.working_store_id where act1_0.id=?
Hibernate: select acm1_0.id,acm1_0.actions_json,acm1_0.content,acm1_0.created_at,acm1_0.model,acm1_0.references_json,acm1_0.role,acm1_0.thread_id from ai_chat_messages acm1_0 join ai_chat_threads t1_0 on t1_0.id=acm1_0.thread_id where t1_0.id=? order by acm1_0.created_at,acm1_0.id
Hibernate: select us1_0.id,us1_0.created_at,us1_0.expires_at,us1_0.token,us1_0.user_id from user_sessions us1_0 where us1_0.token=?
Hibernate: select u1_0.id,u1_0.created_at,u1_0.email,u1_0.enabled,u1_0.full_name,u1_0.password_hash,u1_0.profile_completed,u1_0.role,u1_0.updated_at,u1_0.verified_at,ws1_0.id,ws1_0.active,ws1_0.address,ws1_0.area,ws1_0.close_time,ws1_0.contact_email,ws1_0.created_at,ws1_0.description,ws1_0.design_signature,ws1_0.franchise_mood,ws1_0.highlight_summary,ws1_0.hours_text,ws1_0.latitude,ws1_0.longitude,ws1_0.name,ws1_0.open_time,ws1_0.personality,ws1_0.phone_number,ws1_0.position_label,ws1_0.slug,ws1_0.specialty,ws1_0.updated_at from users u1_0 left join stores ws1_0 on ws1_0.id=u1_0.working_store_id where u1_0.id=?
Hibernate: select act1_0.id,act1_0.created_at,act1_0.last_message_at,act1_0.last_message_preview,act1_0.last_message_role,act1_0.message_count,act1_0.title,act1_0.updated_at,act1_0.user_id from ai_chat_threads act1_0 join users u1_0 on u1_0.id=act1_0.user_id where u1_0.id=? order by act1_0.updated_at desc limit ?
Hibernate: select us1_0.id,us1_0.created_at,us1_0.expires_at,us1_0.token,us1_0.user_id from user_sessions us1_0 where us1_0.token=?
Hibernate: select u1_0.id,u1_0.created_at,u1_0.email,u1_0.enabled,u1_0.full_name,u1_0.password_hash,u1_0.profile_completed,u1_0.role,u1_0.updated_at,u1_0.verified_at,ws1_0.id,ws1_0.active,ws1_0.address,ws1_0.area,ws1_0.close_time,ws1_0.contact_email,ws1_0.created_at,ws1_0.description,ws1_0.design_signature,ws1_0.franchise_mood,ws1_0.highlight_summary,ws1_0.hours_text,ws1_0.latitude,ws1_0.longitude,ws1_0.name,ws1_0.open_time,ws1_0.personality,ws1_0.phone_number,ws1_0.position_label,ws1_0.slug,ws1_0.specialty,ws1_0.updated_at from users u1_0 left join stores ws1_0 on ws1_0.id=u1_0.working_store_id where u1_0.id=?
Hibernate: select act1_0.id,act1_0.created_at,act1_0.last_message_at,act1_0.last_message_preview,act1_0.last_message_role,act1_0.message_count,act1_0.title,act1_0.updated_at,act1_0.user_id,u1_0.id,u1_0.created_at,u1_0.email,u1_0.enabled,u1_0.full_name,u1_0.password_hash,u1_0.profile_completed,u1_0.role,u1_0.updated_at,u1_0.verified_at,ws1_0.id,ws1_0.active,ws1_0.address,ws1_0.area,ws1_0.close_time,ws1_0.contact_email,ws1_0.created_at,ws1_0.description,ws1_0.design_signature,ws1_0.franchise_mood,ws1_0.highlight_summary,ws1_0.hours_text,ws1_0.latitude,ws1_0.longitude,ws1_0.name,ws1_0.open_time,ws1_0.personality,ws1_0.phone_number,ws1_0.position_label,ws1_0.slug,ws1_0.specialty,ws1_0.updated_at from ai_chat_threads act1_0 join users u1_0 on u1_0.id=act1_0.user_id left join stores ws1_0 on ws1_0.id=u1_0.working_store_id where act1_0.id=?
Hibernate: select acm1_0.id,acm1_0.actions_json,acm1_0.content,acm1_0.created_at,acm1_0.model,acm1_0.references_json,acm1_0.role,acm1_0.thread_id from ai_chat_messages acm1_0 join ai_chat_threads t1_0 on t1_0.id=acm1_0.thread_id where t1_0.id=? order by acm1_0.created_at,acm1_0.id
Hibernate: select us1_0.id,us1_0.created_at,us1_0.expires_at,us1_0.token,us1_0.user_id from user_sessions us1_0 where us1_0.token=?
Hibernate: select u1_0.id,u1_0.created_at,u1_0.email,u1_0.enabled,u1_0.full_name,u1_0.password_hash,u1_0.profile_completed,u1_0.role,u1_0.updated_at,u1_0.verified_at,ws1_0.id,ws1_0.active,ws1_0.address,ws1_0.area,ws1_0.close_time,ws1_0.contact_email,ws1_0.created_at,ws1_0.description,ws1_0.design_signature,ws1_0.franchise_mood,ws1_0.highlight_summary,ws1_0.hours_text,ws1_0.latitude,ws1_0.longitude,ws1_0.name,ws1_0.open_time,ws1_0.personality,ws1_0.phone_number,ws1_0.position_label,ws1_0.slug,ws1_0.specialty,ws1_0.updated_at from users u1_0 left join stores ws1_0 on ws1_0.id=u1_0.working_store_id where u1_0.id=?
Hibernate: select c1_0.id,c1_0.created_at,c1_0.status,c1_0.updated_at,c1_0.user_id from carts c1_0 join users u1_0 on u1_0.id=c1_0.user_id where u1_0.id=? and c1_0.status=?
Hibernate: select sd1_0.id,sd1_0.available,sd1_0.created_at,sd1_0.dish_id,sd1_0.price_override,sd1_0.quantity,sd1_0.store_id,sd1_0.updated_at from store_dishes sd1_0 join stores s1_0 on s1_0.id=sd1_0.store_id join dishes d1_0 on d1_0.id=sd1_0.dish_id where s1_0.id=? and d1_0.id=?
Hibernate: select d1_0.id,d1_0.active,d1_0.available,d1_0.category_id,c1_0.id,c1_0.active,c1_0.created_at,c1_0.description,c1_0.name,c1_0.sort_order,s1_0.id,s1_0.active,s1_0.address,s1_0.area,s1_0.close_time,s1_0.contact_email,s1_0.created_at,s1_0.description,s1_0.design_signature,s1_0.franchise_mood,s1_0.highlight_summary,s1_0.hours_text,s1_0.latitude,s1_0.longitude,s1_0.name,s1_0.open_time,s1_0.personality,s1_0.phone_number,s1_0.position_label,s1_0.slug,s1_0.specialty,s1_0.updated_at,c1_0.updated_at,d1_0.created_at,d1_0.description,d1_0.franchise_note,d1_0.franchise_required,d1_0.highlight_summary,d1_0.name,d1_0.note,d1_0.price,d1_0.status,d1_0.updated_at from dishes d1_0 join categories c1_0 on c1_0.id=d1_0.category_id left join stores s1_0 on s1_0.id=c1_0.store_id where d1_0.id=?
Hibernate: select ci1_0.id,ci1_0.cart_id,ci1_0.created_at,ci1_0.dish_id,ci1_0.quantity,ci1_0.store_id,ci1_0.unit_price,ci1_0.updated_at from cart_items ci1_0 join carts c1_0 on c1_0.id=ci1_0.cart_id join stores s1_0 on s1_0.id=ci1_0.store_id join dishes d1_0 on d1_0.id=ci1_0.dish_id where c1_0.id=? and s1_0.id=? and d1_0.id=?
Hibernate: insert into cart_items (cart_id,created_at,dish_id,quantity,store_id,unit_price,updated_at) values (?,?,?,?,?,?,?)
Hibernate: select ci1_0.id,ci1_0.cart_id,ci1_0.created_at,ci1_0.dish_id,ci1_0.quantity,ci1_0.store_id,ci1_0.unit_price,ci1_0.updated_at from cart_items ci1_0 join carts c1_0 on c1_0.id=ci1_0.cart_id where c1_0.id=?
Hibernate: select d1_0.id,d1_0.active,d1_0.available,d1_0.category_id,c1_0.id,c1_0.active,c1_0.created_at,c1_0.description,c1_0.name,c1_0.sort_order,s1_0.id,s1_0.active,s1_0.address,s1_0.area,s1_0.close_time,s1_0.contact_email,s1_0.created_at,s1_0.description,s1_0.design_signature,s1_0.franchise_mood,s1_0.highlight_summary,s1_0.hours_text,s1_0.latitude,s1_0.longitude,s1_0.name,s1_0.open_time,s1_0.personality,s1_0.phone_number,s1_0.position_label,s1_0.slug,s1_0.specialty,s1_0.updated_at,c1_0.updated_at,d1_0.created_at,d1_0.description,d1_0.franchise_note,d1_0.franchise_required,d1_0.highlight_summary,d1_0.name,d1_0.note,d1_0.price,d1_0.status,d1_0.updated_at from dishes d1_0 join categories c1_0 on c1_0.id=d1_0.category_id left join stores s1_0 on s1_0.id=c1_0.store_id where d1_0.id=?
Hibernate: select d1_0.id,d1_0.active,d1_0.available,d1_0.category_id,c1_0.id,c1_0.active,c1_0.created_at,c1_0.description,c1_0.name,c1_0.sort_order,s1_0.id,s1_0.active,s1_0.address,s1_0.area,s1_0.close_time,s1_0.contact_email,s1_0.created_at,s1_0.description,s1_0.design_signature,s1_0.franchise_mood,s1_0.highlight_summary,s1_0.hours_text,s1_0.latitude,s1_0.longitude,s1_0.name,s1_0.open_time,s1_0.personality,s1_0.phone_number,s1_0.position_label,s1_0.slug,s1_0.specialty,s1_0.updated_at,c1_0.updated_at,d1_0.created_at,d1_0.description,d1_0.franchise_note,d1_0.franchise_required,d1_0.highlight_summary,d1_0.name,d1_0.note,d1_0.price,d1_0.status,d1_0.updated_at from dishes d1_0 join categories c1_0 on c1_0.id=d1_0.category_id left join stores s1_0 on s1_0.id=c1_0.store_id where d1_0.id=?
Hibernate: select sd1_0.id,sd1_0.available,sd1_0.created_at,sd1_0.dish_id,sd1_0.price_override,sd1_0.quantity,sd1_0.store_id,sd1_0.updated_at from store_dishes sd1_0 join stores s1_0 on s1_0.id=sd1_0.store_id join dishes d1_0 on d1_0.id=sd1_0.dish_id where s1_0.id=? and d1_0.id=?
Hibernate: select ip1_0.dish_id,ip1_0.sort_order,ip1_0.image_path from dish_image_paths ip1_0 where ip1_0.dish_id=?
Hibernate: select sd1_0.id,sd1_0.available,sd1_0.created_at,sd1_0.dish_id,sd1_0.price_override,sd1_0.quantity,sd1_0.store_id,sd1_0.updated_at from store_dishes sd1_0 join stores s1_0 on s1_0.id=sd1_0.store_id join dishes d1_0 on d1_0.id=sd1_0.dish_id where s1_0.id=? and d1_0.id=?
Hibernate: select ip1_0.dish_id,ip1_0.sort_order,ip1_0.image_path from dish_image_paths ip1_0 where ip1_0.dish_id=?
Hibernate: select sd1_0.id,sd1_0.available,sd1_0.created_at,sd1_0.dish_id,sd1_0.price_override,sd1_0.quantity,sd1_0.store_id,sd1_0.updated_at from store_dishes sd1_0 join stores s1_0 on s1_0.id=sd1_0.store_id join dishes d1_0 on d1_0.id=sd1_0.dish_id where s1_0.id=? and d1_0.id=?
Hibernate: select ip1_0.dish_id,ip1_0.sort_order,ip1_0.image_path from dish_image_paths ip1_0 where ip1_0.dish_id=?
Hibernate: select us1_0.id,us1_0.created_at,us1_0.expires_at,us1_0.token,us1_0.user_id from user_sessions us1_0 where us1_0.token=?
Hibernate: select u1_0.id,u1_0.created_at,u1_0.email,u1_0.enabled,u1_0.full_name,u1_0.password_hash,u1_0.profile_completed,u1_0.role,u1_0.updated_at,u1_0.verified_at,ws1_0.id,ws1_0.active,ws1_0.address,ws1_0.area,ws1_0.close_time,ws1_0.contact_email,ws1_0.created_at,ws1_0.description,ws1_0.design_signature,ws1_0.franchise_mood,ws1_0.highlight_summary,ws1_0.hours_text,ws1_0.latitude,ws1_0.longitude,ws1_0.name,ws1_0.open_time,ws1_0.personality,ws1_0.phone_number,ws1_0.position_label,ws1_0.slug,ws1_0.specialty,ws1_0.updated_at from users u1_0 left join stores ws1_0 on ws1_0.id=u1_0.working_store_id where u1_0.id=?
Hibernate: select c1_0.id,c1_0.created_at,c1_0.status,c1_0.updated_at,c1_0.user_id from carts c1_0 join users u1_0 on u1_0.id=c1_0.user_id where u1_0.id=? and c1_0.status=?
Hibernate: select ci1_0.id,ci1_0.cart_id,ci1_0.created_at,ci1_0.dish_id,ci1_0.quantity,ci1_0.store_id,ci1_0.unit_price,ci1_0.updated_at from cart_items ci1_0 join carts c1_0 on c1_0.id=ci1_0.cart_id where c1_0.id=?
Hibernate: select d1_0.id,d1_0.active,d1_0.available,d1_0.category_id,c1_0.id,c1_0.active,c1_0.created_at,c1_0.description,c1_0.name,c1_0.sort_order,s1_0.id,s1_0.active,s1_0.address,s1_0.area,s1_0.close_time,s1_0.contact_email,s1_0.created_at,s1_0.description,s1_0.design_signature,s1_0.franchise_mood,s1_0.highlight_summary,s1_0.hours_text,s1_0.latitude,s1_0.longitude,s1_0.name,s1_0.open_time,s1_0.personality,s1_0.phone_number,s1_0.position_label,s1_0.slug,s1_0.specialty,s1_0.updated_at,c1_0.updated_at,d1_0.created_at,d1_0.description,d1_0.franchise_note,d1_0.franchise_required,d1_0.highlight_summary,d1_0.name,d1_0.note,d1_0.price,d1_0.status,d1_0.updated_at from dishes d1_0 join categories c1_0 on c1_0.id=d1_0.category_id left join stores s1_0 on s1_0.id=c1_0.store_id where d1_0.id=?
Hibernate: select d1_0.id,d1_0.active,d1_0.available,d1_0.category_id,c1_0.id,c1_0.active,c1_0.created_at,c1_0.description,c1_0.name,c1_0.sort_order,s1_0.id,s1_0.active,s1_0.address,s1_0.area,s1_0.close_time,s1_0.contact_email,s1_0.created_at,s1_0.description,s1_0.design_signature,s1_0.franchise_mood,s1_0.highlight_summary,s1_0.hours_text,s1_0.latitude,s1_0.longitude,s1_0.name,s1_0.open_time,s1_0.personality,s1_0.phone_number,s1_0.position_label,s1_0.slug,s1_0.specialty,s1_0.updated_at,c1_0.updated_at,d1_0.created_at,d1_0.description,d1_0.franchise_note,d1_0.franchise_required,d1_0.highlight_summary,d1_0.name,d1_0.note,d1_0.price,d1_0.status,d1_0.updated_at from dishes d1_0 join categories c1_0 on c1_0.id=d1_0.category_id left join stores s1_0 on s1_0.id=c1_0.store_id where d1_0.id=?
Hibernate: select d1_0.id,d1_0.active,d1_0.available,d1_0.category_id,c1_0.id,c1_0.active,c1_0.created_at,c1_0.description,c1_0.name,c1_0.sort_order,s1_0.id,s1_0.active,s1_0.address,s1_0.area,s1_0.close_time,s1_0.contact_email,s1_0.created_at,s1_0.description,s1_0.design_signature,s1_0.franchise_mood,s1_0.highlight_summary,s1_0.hours_text,s1_0.latitude,s1_0.longitude,s1_0.name,s1_0.open_time,s1_0.personality,s1_0.phone_number,s1_0.position_label,s1_0.slug,s1_0.specialty,s1_0.updated_at,c1_0.updated_at,d1_0.created_at,d1_0.description,d1_0.franchise_note,d1_0.franchise_required,d1_0.highlight_summary,d1_0.name,d1_0.note,d1_0.price,d1_0.status,d1_0.updated_at from dishes d1_0 join categories c1_0 on c1_0.id=d1_0.category_id left join stores s1_0 on s1_0.id=c1_0.store_id where d1_0.id=?
Hibernate: select sd1_0.id,sd1_0.available,sd1_0.created_at,sd1_0.dish_id,sd1_0.price_override,sd1_0.quantity,sd1_0.store_id,sd1_0.updated_at from store_dishes sd1_0 join stores s1_0 on s1_0.id=sd1_0.store_id join dishes d1_0 on d1_0.id=sd1_0.dish_id where s1_0.id=? and d1_0.id=?
Hibernate: select ip1_0.dish_id,ip1_0.sort_order,ip1_0.image_path from dish_image_paths ip1_0 where ip1_0.dish_id=?
Hibernate: select sd1_0.id,sd1_0.available,sd1_0.created_at,sd1_0.dish_id,sd1_0.price_override,sd1_0.quantity,sd1_0.store_id,sd1_0.updated_at from store_dishes sd1_0 join stores s1_0 on s1_0.id=sd1_0.store_id join dishes d1_0 on d1_0.id=sd1_0.dish_id where s1_0.id=? and d1_0.id=?
Hibernate: select ip1_0.dish_id,ip1_0.sort_order,ip1_0.image_path from dish_image_paths ip1_0 where ip1_0.dish_id=?
Hibernate: select sd1_0.id,sd1_0.available,sd1_0.created_at,sd1_0.dish_id,sd1_0.price_override,sd1_0.quantity,sd1_0.store_id,sd1_0.updated_at from store_dishes sd1_0 join stores s1_0 on s1_0.id=sd1_0.store_id join dishes d1_0 on d1_0.id=sd1_0.dish_id where s1_0.id=? and d1_0.id=?
Hibernate: select ip1_0.dish_id,ip1_0.sort_order,ip1_0.image_path from dish_image_paths ip1_0 where ip1_0.dish_id=?
Hibernate: select us1_0.id,us1_0.created_at,us1_0.expires_at,us1_0.token,us1_0.user_id from user_sessions us1_0 where us1_0.token=?
Hibernate: select u1_0.id,u1_0.created_at,u1_0.email,u1_0.enabled,u1_0.full_name,u1_0.password_hash,u1_0.profile_completed,u1_0.role,u1_0.updated_at,u1_0.verified_at,ws1_0.id,ws1_0.active,ws1_0.address,ws1_0.area,ws1_0.close_time,ws1_0.contact_email,ws1_0.created_at,ws1_0.description,ws1_0.design_signature,ws1_0.franchise_mood,ws1_0.highlight_summary,ws1_0.hours_text,ws1_0.latitude,ws1_0.longitude,ws1_0.name,ws1_0.open_time,ws1_0.personality,ws1_0.phone_number,ws1_0.position_label,ws1_0.slug,ws1_0.specialty,ws1_0.updated_at from users u1_0 left join stores ws1_0 on ws1_0.id=u1_0.working_store_id where u1_0.id=?
Hibernate: select c1_0.id,c1_0.created_at,c1_0.status,c1_0.updated_at,c1_0.user_id from carts c1_0 join users u1_0 on u1_0.id=c1_0.user_id where u1_0.id=? and c1_0.status=?
Hibernate: select sd1_0.id,sd1_0.available,sd1_0.created_at,sd1_0.dish_id,sd1_0.price_override,sd1_0.quantity,sd1_0.store_id,sd1_0.updated_at from store_dishes sd1_0 join stores s1_0 on s1_0.id=sd1_0.store_id join dishes d1_0 on d1_0.id=sd1_0.dish_id where s1_0.id=? and d1_0.id=?
Hibernate: select d1_0.id,d1_0.active,d1_0.available,d1_0.category_id,c1_0.id,c1_0.active,c1_0.created_at,c1_0.description,c1_0.name,c1_0.sort_order,s1_0.id,s1_0.active,s1_0.address,s1_0.area,s1_0.close_time,s1_0.contact_email,s1_0.created_at,s1_0.description,s1_0.design_signature,s1_0.franchise_mood,s1_0.highlight_summary,s1_0.hours_text,s1_0.latitude,s1_0.longitude,s1_0.name,s1_0.open_time,s1_0.personality,s1_0.phone_number,s1_0.position_label,s1_0.slug,s1_0.specialty,s1_0.updated_at,c1_0.updated_at,d1_0.created_at,d1_0.description,d1_0.franchise_note,d1_0.franchise_required,d1_0.highlight_summary,d1_0.name,d1_0.note,d1_0.price,d1_0.status,d1_0.updated_at from dishes d1_0 join categories c1_0 on c1_0.id=d1_0.category_id left join stores s1_0 on s1_0.id=c1_0.store_id where d1_0.id=?
Hibernate: select ci1_0.id,ci1_0.cart_id,ci1_0.created_at,ci1_0.dish_id,ci1_0.quantity,ci1_0.store_id,ci1_0.unit_price,ci1_0.updated_at from cart_items ci1_0 join carts c1_0 on c1_0.id=ci1_0.cart_id join stores s1_0 on s1_0.id=ci1_0.store_id join dishes d1_0 on d1_0.id=ci1_0.dish_id where c1_0.id=? and s1_0.id=? and d1_0.id=?
Hibernate: insert into cart_items (cart_id,created_at,dish_id,quantity,store_id,unit_price,updated_at) values (?,?,?,?,?,?,?)
Hibernate: select ci1_0.id,ci1_0.cart_id,ci1_0.created_at,ci1_0.dish_id,ci1_0.quantity,ci1_0.store_id,ci1_0.unit_price,ci1_0.updated_at from cart_items ci1_0 join carts c1_0 on c1_0.id=ci1_0.cart_id where c1_0.id=?
Hibernate: select d1_0.id,d1_0.active,d1_0.available,d1_0.category_id,c1_0.id,c1_0.active,c1_0.created_at,c1_0.description,c1_0.name,c1_0.sort_order,s1_0.id,s1_0.active,s1_0.address,s1_0.area,s1_0.close_time,s1_0.contact_email,s1_0.created_at,s1_0.description,s1_0.design_signature,s1_0.franchise_mood,s1_0.highlight_summary,s1_0.hours_text,s1_0.latitude,s1_0.longitude,s1_0.name,s1_0.open_time,s1_0.personality,s1_0.phone_number,s1_0.position_label,s1_0.slug,s1_0.specialty,s1_0.updated_at,c1_0.updated_at,d1_0.created_at,d1_0.description,d1_0.franchise_note,d1_0.franchise_required,d1_0.highlight_summary,d1_0.name,d1_0.note,d1_0.price,d1_0.status,d1_0.updated_at from dishes d1_0 join categories c1_0 on c1_0.id=d1_0.category_id left join stores s1_0 on s1_0.id=c1_0.store_id where d1_0.id=?
Hibernate: select d1_0.id,d1_0.active,d1_0.available,d1_0.category_id,c1_0.id,c1_0.active,c1_0.created_at,c1_0.description,c1_0.name,c1_0.sort_order,s1_0.id,s1_0.active,s1_0.address,s1_0.area,s1_0.close_time,s1_0.contact_email,s1_0.created_at,s1_0.description,s1_0.design_signature,s1_0.franchise_mood,s1_0.highlight_summary,s1_0.hours_text,s1_0.latitude,s1_0.longitude,s1_0.name,s1_0.open_time,s1_0.personality,s1_0.phone_number,s1_0.position_label,s1_0.slug,s1_0.specialty,s1_0.updated_at,c1_0.updated_at,d1_0.created_at,d1_0.description,d1_0.franchise_note,d1_0.franchise_required,d1_0.highlight_summary,d1_0.name,d1_0.note,d1_0.price,d1_0.status,d1_0.updated_at from dishes d1_0 join categories c1_0 on c1_0.id=d1_0.category_id left join stores s1_0 on s1_0.id=c1_0.store_id where d1_0.id=?
Hibernate: select d1_0.id,d1_0.active,d1_0.available,d1_0.category_id,c1_0.id,c1_0.active,c1_0.created_at,c1_0.description,c1_0.name,c1_0.sort_order,s1_0.id,s1_0.active,s1_0.address,s1_0.area,s1_0.close_time,s1_0.contact_email,s1_0.created_at,s1_0.description,s1_0.design_signature,s1_0.franchise_mood,s1_0.highlight_summary,s1_0.hours_text,s1_0.latitude,s1_0.longitude,s1_0.name,s1_0.open_time,s1_0.personality,s1_0.phone_number,s1_0.position_label,s1_0.slug,s1_0.specialty,s1_0.updated_at,c1_0.updated_at,d1_0.created_at,d1_0.description,d1_0.franchise_note,d1_0.franchise_required,d1_0.highlight_summary,d1_0.name,d1_0.note,d1_0.price,d1_0.status,d1_0.updated_at from dishes d1_0 join categories c1_0 on c1_0.id=d1_0.category_id left join stores s1_0 on s1_0.id=c1_0.store_id where d1_0.id=?
Hibernate: select sd1_0.id,sd1_0.available,sd1_0.created_at,sd1_0.dish_id,sd1_0.price_override,sd1_0.quantity,sd1_0.store_id,sd1_0.updated_at from store_dishes sd1_0 join stores s1_0 on s1_0.id=sd1_0.store_id join dishes d1_0 on d1_0.id=sd1_0.dish_id where s1_0.id=? and d1_0.id=?
Hibernate: select ip1_0.dish_id,ip1_0.sort_order,ip1_0.image_path from dish_image_paths ip1_0 where ip1_0.dish_id=?
Hibernate: select sd1_0.id,sd1_0.available,sd1_0.created_at,sd1_0.dish_id,sd1_0.price_override,sd1_0.quantity,sd1_0.store_id,sd1_0.updated_at from store_dishes sd1_0 join stores s1_0 on s1_0.id=sd1_0.store_id join dishes d1_0 on d1_0.id=sd1_0.dish_id where s1_0.id=? and d1_0.id=?
Hibernate: select ip1_0.dish_id,ip1_0.sort_order,ip1_0.image_path from dish_image_paths ip1_0 where ip1_0.dish_id=?
Hibernate: select sd1_0.id,sd1_0.available,sd1_0.created_at,sd1_0.dish_id,sd1_0.price_override,sd1_0.quantity,sd1_0.store_id,sd1_0.updated_at from store_dishes sd1_0 join stores s1_0 on s1_0.id=sd1_0.store_id join dishes d1_0 on d1_0.id=sd1_0.dish_id where s1_0.id=? and d1_0.id=?
Hibernate: select ip1_0.dish_id,ip1_0.sort_order,ip1_0.image_path from dish_image_paths ip1_0 where ip1_0.dish_id=?
Hibernate: select sd1_0.id,sd1_0.available,sd1_0.created_at,sd1_0.dish_id,sd1_0.price_override,sd1_0.quantity,sd1_0.store_id,sd1_0.updated_at from store_dishes sd1_0 join stores s1_0 on s1_0.id=sd1_0.store_id join dishes d1_0 on d1_0.id=sd1_0.dish_id where s1_0.id=? and d1_0.id=?
Hibernate: select ip1_0.dish_id,ip1_0.sort_order,ip1_0.image_path from dish_image_paths ip1_0 where ip1_0.dish_id=?
Hibernate: select us1_0.id,us1_0.created_at,us1_0.expires_at,us1_0.token,us1_0.user_id from user_sessions us1_0 where us1_0.token=?
Hibernate: select u1_0.id,u1_0.created_at,u1_0.email,u1_0.enabled,u1_0.full_name,u1_0.password_hash,u1_0.profile_completed,u1_0.role,u1_0.updated_at,u1_0.verified_at,ws1_0.id,ws1_0.active,ws1_0.address,ws1_0.area,ws1_0.close_time,ws1_0.contact_email,ws1_0.created_at,ws1_0.description,ws1_0.design_signature,ws1_0.franchise_mood,ws1_0.highlight_summary,ws1_0.hours_text,ws1_0.latitude,ws1_0.longitude,ws1_0.name,ws1_0.open_time,ws1_0.personality,ws1_0.phone_number,ws1_0.position_label,ws1_0.slug,ws1_0.specialty,ws1_0.updated_at from users u1_0 left join stores ws1_0 on ws1_0.id=u1_0.working_store_id where u1_0.id=?
Hibernate: select c1_0.id,c1_0.created_at,c1_0.status,c1_0.updated_at,c1_0.user_id from carts c1_0 join users u1_0 on u1_0.id=c1_0.user_id where u1_0.id=? and c1_0.status=?
Hibernate: select ci1_0.id,ci1_0.cart_id,ci1_0.created_at,ci1_0.dish_id,ci1_0.quantity,ci1_0.store_id,ci1_0.unit_price,ci1_0.updated_at from cart_items ci1_0 join carts c1_0 on c1_0.id=ci1_0.cart_id where c1_0.id=?
Hibernate: select d1_0.id,d1_0.active,d1_0.available,d1_0.category_id,c1_0.id,c1_0.active,c1_0.created_at,c1_0.description,c1_0.name,c1_0.sort_order,s1_0.id,s1_0.active,s1_0.address,s1_0.area,s1_0.close_time,s1_0.contact_email,s1_0.created_at,s1_0.description,s1_0.design_signature,s1_0.franchise_mood,s1_0.highlight_summary,s1_0.hours_text,s1_0.latitude,s1_0.longitude,s1_0.name,s1_0.open_time,s1_0.personality,s1_0.phone_number,s1_0.position_label,s1_0.slug,s1_0.specialty,s1_0.updated_at,c1_0.updated_at,d1_0.created_at,d1_0.description,d1_0.franchise_note,d1_0.franchise_required,d1_0.highlight_summary,d1_0.name,d1_0.note,d1_0.price,d1_0.status,d1_0.updated_at from dishes d1_0 join categories c1_0 on c1_0.id=d1_0.category_id left join stores s1_0 on s1_0.id=c1_0.store_id where d1_0.id=?
Hibernate: select d1_0.id,d1_0.active,d1_0.available,d1_0.category_id,c1_0.id,c1_0.active,c1_0.created_at,c1_0.description,c1_0.name,c1_0.sort_order,s1_0.id,s1_0.active,s1_0.address,s1_0.area,s1_0.close_time,s1_0.contact_email,s1_0.created_at,s1_0.description,s1_0.design_signature,s1_0.franchise_mood,s1_0.highlight_summary,s1_0.hours_text,s1_0.latitude,s1_0.longitude,s1_0.name,s1_0.open_time,s1_0.personality,s1_0.phone_number,s1_0.position_label,s1_0.slug,s1_0.specialty,s1_0.updated_at,c1_0.updated_at,d1_0.created_at,d1_0.description,d1_0.franchise_note,d1_0.franchise_required,d1_0.highlight_summary,d1_0.name,d1_0.note,d1_0.price,d1_0.status,d1_0.updated_at from dishes d1_0 join categories c1_0 on c1_0.id=d1_0.category_id left join stores s1_0 on s1_0.id=c1_0.store_id where d1_0.id=?
Hibernate: select d1_0.id,d1_0.active,d1_0.available,d1_0.category_id,c1_0.id,c1_0.active,c1_0.created_at,c1_0.description,c1_0.name,c1_0.sort_order,s1_0.id,s1_0.active,s1_0.address,s1_0.area,s1_0.close_time,s1_0.contact_email,s1_0.created_at,s1_0.description,s1_0.design_signature,s1_0.franchise_mood,s1_0.highlight_summary,s1_0.hours_text,s1_0.latitude,s1_0.longitude,s1_0.name,s1_0.open_time,s1_0.personality,s1_0.phone_number,s1_0.position_label,s1_0.slug,s1_0.specialty,s1_0.updated_at,c1_0.updated_at,d1_0.created_at,d1_0.description,d1_0.franchise_note,d1_0.franchise_required,d1_0.highlight_summary,d1_0.name,d1_0.note,d1_0.price,d1_0.status,d1_0.updated_at from dishes d1_0 join categories c1_0 on c1_0.id=d1_0.category_id left join stores s1_0 on s1_0.id=c1_0.store_id where d1_0.id=?
Hibernate: select d1_0.id,d1_0.active,d1_0.available,d1_0.category_id,c1_0.id,c1_0.active,c1_0.created_at,c1_0.description,c1_0.name,c1_0.sort_order,s1_0.id,s1_0.active,s1_0.address,s1_0.area,s1_0.close_time,s1_0.contact_email,s1_0.created_at,s1_0.description,s1_0.design_signature,s1_0.franchise_mood,s1_0.highlight_summary,s1_0.hours_text,s1_0.latitude,s1_0.longitude,s1_0.name,s1_0.open_time,s1_0.personality,s1_0.phone_number,s1_0.position_label,s1_0.slug,s1_0.specialty,s1_0.updated_at,c1_0.updated_at,d1_0.created_at,d1_0.description,d1_0.franchise_note,d1_0.franchise_required,d1_0.highlight_summary,d1_0.name,d1_0.note,d1_0.price,d1_0.status,d1_0.updated_at from dishes d1_0 join categories c1_0 on c1_0.id=d1_0.category_id left join stores s1_0 on s1_0.id=c1_0.store_id where d1_0.id=?
Hibernate: select sd1_0.id,sd1_0.available,sd1_0.created_at,sd1_0.dish_id,sd1_0.price_override,sd1_0.quantity,sd1_0.store_id,sd1_0.updated_at from store_dishes sd1_0 join stores s1_0 on s1_0.id=sd1_0.store_id join dishes d1_0 on d1_0.id=sd1_0.dish_id where s1_0.id=? and d1_0.id=?
Hibernate: select ip1_0.dish_id,ip1_0.sort_order,ip1_0.image_path from dish_image_paths ip1_0 where ip1_0.dish_id=?
Hibernate: select sd1_0.id,sd1_0.available,sd1_0.created_at,sd1_0.dish_id,sd1_0.price_override,sd1_0.quantity,sd1_0.store_id,sd1_0.updated_at from store_dishes sd1_0 join stores s1_0 on s1_0.id=sd1_0.store_id join dishes d1_0 on d1_0.id=sd1_0.dish_id where s1_0.id=? and d1_0.id=?
Hibernate: select ip1_0.dish_id,ip1_0.sort_order,ip1_0.image_path from dish_image_paths ip1_0 where ip1_0.dish_id=?
Hibernate: select sd1_0.id,sd1_0.available,sd1_0.created_at,sd1_0.dish_id,sd1_0.price_override,sd1_0.quantity,sd1_0.store_id,sd1_0.updated_at from store_dishes sd1_0 join stores s1_0 on s1_0.id=sd1_0.store_id join dishes d1_0 on d1_0.id=sd1_0.dish_id where s1_0.id=? and d1_0.id=?
Hibernate: select ip1_0.dish_id,ip1_0.sort_order,ip1_0.image_path from dish_image_paths ip1_0 where ip1_0.dish_id=?
Hibernate: select sd1_0.id,sd1_0.available,sd1_0.created_at,sd1_0.dish_id,sd1_0.price_override,sd1_0.quantity,sd1_0.store_id,sd1_0.updated_at from store_dishes sd1_0 join stores s1_0 on s1_0.id=sd1_0.store_id join dishes d1_0 on d1_0.id=sd1_0.dish_id where s1_0.id=? and d1_0.id=?
Hibernate: select ip1_0.dish_id,ip1_0.sort_order,ip1_0.image_path from dish_image_paths ip1_0 where ip1_0.dish_id=?
Hibernate: select us1_0.id,us1_0.created_at,us1_0.expires_at,us1_0.token,us1_0.user_id from user_sessions us1_0 where us1_0.token=?
Hibernate: select us1_0.id,us1_0.created_at,us1_0.expires_at,us1_0.token,us1_0.user_id from user_sessions us1_0 where us1_0.token=?
Hibernate: select u1_0.id,u1_0.created_at,u1_0.email,u1_0.enabled,u1_0.full_name,u1_0.password_hash,u1_0.profile_completed,u1_0.role,u1_0.updated_at,u1_0.verified_at,ws1_0.id,ws1_0.active,ws1_0.address,ws1_0.area,ws1_0.close_time,ws1_0.contact_email,ws1_0.created_at,ws1_0.description,ws1_0.design_signature,ws1_0.franchise_mood,ws1_0.highlight_summary,ws1_0.hours_text,ws1_0.latitude,ws1_0.longitude,ws1_0.name,ws1_0.open_time,ws1_0.personality,ws1_0.phone_number,ws1_0.position_label,ws1_0.slug,ws1_0.specialty,ws1_0.updated_at from users u1_0 left join stores ws1_0 on ws1_0.id=u1_0.working_store_id where u1_0.id=?
Hibernate: select u1_0.id,u1_0.created_at,u1_0.email,u1_0.enabled,u1_0.full_name,u1_0.password_hash,u1_0.profile_completed,u1_0.role,u1_0.updated_at,u1_0.verified_at,ws1_0.id,ws1_0.active,ws1_0.address,ws1_0.area,ws1_0.close_time,ws1_0.contact_email,ws1_0.created_at,ws1_0.description,ws1_0.design_signature,ws1_0.franchise_mood,ws1_0.highlight_summary,ws1_0.hours_text,ws1_0.latitude,ws1_0.longitude,ws1_0.name,ws1_0.open_time,ws1_0.personality,ws1_0.phone_number,ws1_0.position_label,ws1_0.slug,ws1_0.specialty,ws1_0.updated_at from users u1_0 left join stores ws1_0 on ws1_0.id=u1_0.working_store_id where u1_0.id=?
Hibernate: select un1_0.id,un1_0.action_url,un1_0.created_at,un1_0.message,un1_0.read_at,un1_0.related_event_id,un1_0.related_event_slug,un1_0.related_news_id,un1_0.related_news_slug,un1_0.related_order_id,un1_0.related_store_id,un1_0.related_store_name,un1_0.title,un1_0.type,un1_0.user_id from user_notifications un1_0 join users u1_0 on u1_0.id=un1_0.user_id where u1_0.id=? order by un1_0.created_at desc limit ?
Hibernate: select count(un1_0.id) from user_notifications un1_0 join users u1_0 on u1_0.id=un1_0.user_id where u1_0.id=? and un1_0.read_at is null
Hibernate: select count(un1_0.id) from user_notifications un1_0 join users u1_0 on u1_0.id=un1_0.user_id where u1_0.id=?
Hibernate: select us1_0.id,us1_0.created_at,us1_0.expires_at,us1_0.token,us1_0.user_id from user_sessions us1_0 where us1_0.token=?
Hibernate: select u1_0.id,u1_0.created_at,u1_0.email,u1_0.enabled,u1_0.full_name,u1_0.password_hash,u1_0.profile_completed,u1_0.role,u1_0.updated_at,u1_0.verified_at,ws1_0.id,ws1_0.active,ws1_0.address,ws1_0.area,ws1_0.close_time,ws1_0.contact_email,ws1_0.created_at,ws1_0.description,ws1_0.design_signature,ws1_0.franchise_mood,ws1_0.highlight_summary,ws1_0.hours_text,ws1_0.latitude,ws1_0.longitude,ws1_0.name,ws1_0.open_time,ws1_0.personality,ws1_0.phone_number,ws1_0.position_label,ws1_0.slug,ws1_0.specialty,ws1_0.updated_at from users u1_0 left join stores ws1_0 on ws1_0.id=u1_0.working_store_id where u1_0.id=?
Hibernate: select act1_0.id,act1_0.created_at,act1_0.last_message_at,act1_0.last_message_preview,act1_0.last_message_role,act1_0.message_count,act1_0.title,act1_0.updated_at,act1_0.user_id from ai_chat_threads act1_0 join users u1_0 on u1_0.id=act1_0.user_id where u1_0.id=? order by act1_0.updated_at desc limit ?
Hibernate: select us1_0.id,us1_0.created_at,us1_0.expires_at,us1_0.token,us1_0.user_id from user_sessions us1_0 where us1_0.token=?
Hibernate: select u1_0.id,u1_0.created_at,u1_0.email,u1_0.enabled,u1_0.full_name,u1_0.password_hash,u1_0.profile_completed,u1_0.role,u1_0.updated_at,u1_0.verified_at,ws1_0.id,ws1_0.active,ws1_0.address,ws1_0.area,ws1_0.close_time,ws1_0.contact_email,ws1_0.created_at,ws1_0.description,ws1_0.design_signature,ws1_0.franchise_mood,ws1_0.highlight_summary,ws1_0.hours_text,ws1_0.latitude,ws1_0.longitude,ws1_0.name,ws1_0.open_time,ws1_0.personality,ws1_0.phone_number,ws1_0.position_label,ws1_0.slug,ws1_0.specialty,ws1_0.updated_at from users u1_0 left join stores ws1_0 on ws1_0.id=u1_0.working_store_id where u1_0.id=?
Hibernate: select act1_0.id,act1_0.created_at,act1_0.last_message_at,act1_0.last_message_preview,act1_0.last_message_role,act1_0.message_count,act1_0.title,act1_0.updated_at,act1_0.user_id,u1_0.id,u1_0.created_at,u1_0.email,u1_0.enabled,u1_0.full_name,u1_0.password_hash,u1_0.profile_completed,u1_0.role,u1_0.updated_at,u1_0.verified_at,ws1_0.id,ws1_0.active,ws1_0.address,ws1_0.area,ws1_0.close_time,ws1_0.contact_email,ws1_0.created_at,ws1_0.description,ws1_0.design_signature,ws1_0.franchise_mood,ws1_0.highlight_summary,ws1_0.hours_text,ws1_0.latitude,ws1_0.longitude,ws1_0.name,ws1_0.open_time,ws1_0.personality,ws1_0.phone_number,ws1_0.position_label,ws1_0.slug,ws1_0.specialty,ws1_0.updated_at from ai_chat_threads act1_0 join users u1_0 on u1_0.id=act1_0.user_id left join stores ws1_0 on ws1_0.id=u1_0.working_store_id where act1_0.id=?
Hibernate: select acm1_0.id,acm1_0.actions_json,acm1_0.content,acm1_0.created_at,acm1_0.model,acm1_0.references_json,acm1_0.role,acm1_0.thread_id from ai_chat_messages acm1_0 join ai_chat_threads t1_0 on t1_0.id=acm1_0.thread_id where t1_0.id=? order by acm1_0.created_at,acm1_0.id
Hibernate: select na1_0.id,na1_0.content,na1_0.created_at,na1_0.featured,na1_0.published,na1_0.published_at,na1_0.related_store_id,na1_0.slug,na1_0.summary,na1_0.title,na1_0.updated_at from news_articles na1_0
Hibernate: select s1_0.id,s1_0.active,s1_0.address,s1_0.area,s1_0.close_time,s1_0.contact_email,s1_0.created_at,s1_0.description,s1_0.design_signature,s1_0.franchise_mood,s1_0.highlight_summary,s1_0.hours_text,s1_0.latitude,s1_0.longitude,s1_0.name,s1_0.open_time,s1_0.personality,s1_0.phone_number,s1_0.position_label,s1_0.slug,s1_0.specialty,s1_0.updated_at from stores s1_0 where s1_0.id=?
Hibernate: select t1_0.news_article_id,t1_0.sort_order,t1_0.tag from news_article_tags t1_0 where t1_0.news_article_id=?
Hibernate: select ip1_0.news_article_id,ip1_0.sort_order,ip1_0.image_path from news_article_image_paths ip1_0 where ip1_0.news_article_id=?
Hibernate: select s1_0.id,s1_0.active,s1_0.address,s1_0.area,s1_0.close_time,s1_0.contact_email,s1_0.created_at,s1_0.description,s1_0.design_signature,s1_0.franchise_mood,s1_0.highlight_summary,s1_0.hours_text,s1_0.latitude,s1_0.longitude,s1_0.name,s1_0.open_time,s1_0.personality,s1_0.phone_number,s1_0.position_label,s1_0.slug,s1_0.specialty,s1_0.updated_at from stores s1_0 where s1_0.id=?
Hibernate: select t1_0.news_article_id,t1_0.sort_order,t1_0.tag from news_article_tags t1_0 where t1_0.news_article_id=?
Hibernate: select ip1_0.news_article_id,ip1_0.sort_order,ip1_0.image_path from news_article_image_paths ip1_0 where ip1_0.news_article_id=?
Hibernate: select s1_0.id,s1_0.active,s1_0.address,s1_0.area,s1_0.close_time,s1_0.contact_email,s1_0.created_at,s1_0.description,s1_0.design_signature,s1_0.franchise_mood,s1_0.highlight_summary,s1_0.hours_text,s1_0.latitude,s1_0.longitude,s1_0.name,s1_0.open_time,s1_0.personality,s1_0.phone_number,s1_0.position_label,s1_0.slug,s1_0.specialty,s1_0.updated_at from stores s1_0 where s1_0.id=?
Hibernate: select t1_0.news_article_id,t1_0.sort_order,t1_0.tag from news_article_tags t1_0 where t1_0.news_article_id=?
Hibernate: select ip1_0.news_article_id,ip1_0.sort_order,ip1_0.image_path from news_article_image_paths ip1_0 where ip1_0.news_article_id=?
Hibernate: select s1_0.id,s1_0.active,s1_0.address,s1_0.area,s1_0.close_time,s1_0.contact_email,s1_0.created_at,s1_0.description,s1_0.design_signature,s1_0.franchise_mood,s1_0.highlight_summary,s1_0.hours_text,s1_0.latitude,s1_0.longitude,s1_0.name,s1_0.open_time,s1_0.personality,s1_0.phone_number,s1_0.position_label,s1_0.slug,s1_0.specialty,s1_0.updated_at from stores s1_0 where s1_0.id=?
Hibernate: select t1_0.news_article_id,t1_0.sort_order,t1_0.tag from news_article_tags t1_0 where t1_0.news_article_id=?
Hibernate: select ip1_0.news_article_id,ip1_0.sort_order,ip1_0.image_path from news_article_image_paths ip1_0 where ip1_0.news_article_id=?
Hibernate: select s1_0.id,s1_0.active,s1_0.address,s1_0.area,s1_0.close_time,s1_0.contact_email,s1_0.created_at,s1_0.description,s1_0.design_signature,s1_0.franchise_mood,s1_0.highlight_summary,s1_0.hours_text,s1_0.latitude,s1_0.longitude,s1_0.name,s1_0.open_time,s1_0.personality,s1_0.phone_number,s1_0.position_label,s1_0.slug,s1_0.specialty,s1_0.updated_at from stores s1_0 where s1_0.id=?
Hibernate: select t1_0.news_article_id,t1_0.sort_order,t1_0.tag from news_article_tags t1_0 where t1_0.news_article_id=?
Hibernate: select ip1_0.news_article_id,ip1_0.sort_order,ip1_0.image_path from news_article_image_paths ip1_0 where ip1_0.news_article_id=?
Hibernate: select s1_0.id,s1_0.active,s1_0.address,s1_0.area,s1_0.close_time,s1_0.contact_email,s1_0.created_at,s1_0.description,s1_0.design_signature,s1_0.franchise_mood,s1_0.highlight_summary,s1_0.hours_text,s1_0.latitude,s1_0.longitude,s1_0.name,s1_0.open_time,s1_0.personality,s1_0.phone_number,s1_0.position_label,s1_0.slug,s1_0.specialty,s1_0.updated_at from stores s1_0 where s1_0.id=?
Hibernate: select t1_0.news_article_id,t1_0.sort_order,t1_0.tag from news_article_tags t1_0 where t1_0.news_article_id=?
Hibernate: select ip1_0.news_article_id,ip1_0.sort_order,ip1_0.image_path from news_article_image_paths ip1_0 where ip1_0.news_article_id=?
Hibernate: select s1_0.id,s1_0.active,s1_0.address,s1_0.area,s1_0.close_time,s1_0.contact_email,s1_0.created_at,s1_0.description,s1_0.design_signature,s1_0.franchise_mood,s1_0.highlight_summary,s1_0.hours_text,s1_0.latitude,s1_0.longitude,s1_0.name,s1_0.open_time,s1_0.personality,s1_0.phone_number,s1_0.position_label,s1_0.slug,s1_0.specialty,s1_0.updated_at from stores s1_0 where s1_0.id=?
Hibernate: select t1_0.news_article_id,t1_0.sort_order,t1_0.tag from news_article_tags t1_0 where t1_0.news_article_id=?
Hibernate: select ip1_0.news_article_id,ip1_0.sort_order,ip1_0.image_path from news_article_image_paths ip1_0 where ip1_0.news_article_id=?
Hibernate: select s1_0.id,s1_0.active,s1_0.address,s1_0.area,s1_0.close_time,s1_0.contact_email,s1_0.created_at,s1_0.description,s1_0.design_signature,s1_0.franchise_mood,s1_0.highlight_summary,s1_0.hours_text,s1_0.latitude,s1_0.longitude,s1_0.name,s1_0.open_time,s1_0.personality,s1_0.phone_number,s1_0.position_label,s1_0.slug,s1_0.specialty,s1_0.updated_at from stores s1_0 where s1_0.id=?
Hibernate: select t1_0.news_article_id,t1_0.sort_order,t1_0.tag from news_article_tags t1_0 where t1_0.news_article_id=?
Hibernate: select ip1_0.news_article_id,ip1_0.sort_order,ip1_0.image_path from news_article_image_paths ip1_0 where ip1_0.news_article_id=?
Hibernate: select s1_0.id,s1_0.active,s1_0.address,s1_0.area,s1_0.close_time,s1_0.contact_email,s1_0.created_at,s1_0.description,s1_0.design_signature,s1_0.franchise_mood,s1_0.highlight_summary,s1_0.hours_text,s1_0.latitude,s1_0.longitude,s1_0.name,s1_0.open_time,s1_0.personality,s1_0.phone_number,s1_0.position_label,s1_0.slug,s1_0.specialty,s1_0.updated_at from stores s1_0 where s1_0.id=?
Hibernate: select t1_0.news_article_id,t1_0.sort_order,t1_0.tag from news_article_tags t1_0 where t1_0.news_article_id=?
Hibernate: select ip1_0.news_article_id,ip1_0.sort_order,ip1_0.image_path from news_article_image_paths ip1_0 where ip1_0.news_article_id=?
Hibernate: select s1_0.id,s1_0.active,s1_0.address,s1_0.area,s1_0.close_time,s1_0.contact_email,s1_0.created_at,s1_0.description,s1_0.design_signature,s1_0.franchise_mood,s1_0.highlight_summary,s1_0.hours_text,s1_0.latitude,s1_0.longitude,s1_0.name,s1_0.open_time,s1_0.personality,s1_0.phone_number,s1_0.position_label,s1_0.slug,s1_0.specialty,s1_0.updated_at from stores s1_0 where s1_0.id=?
Hibernate: select t1_0.news_article_id,t1_0.sort_order,t1_0.tag from news_article_tags t1_0 where t1_0.news_article_id=?
Hibernate: select ip1_0.news_article_id,ip1_0.sort_order,ip1_0.image_path from news_article_image_paths ip1_0 where ip1_0.news_article_id=?
Hibernate: select s1_0.id,s1_0.active,s1_0.address,s1_0.area,s1_0.close_time,s1_0.contact_email,s1_0.created_at,s1_0.description,s1_0.design_signature,s1_0.franchise_mood,s1_0.highlight_summary,s1_0.hours_text,s1_0.latitude,s1_0.longitude,s1_0.name,s1_0.open_time,s1_0.personality,s1_0.phone_number,s1_0.position_label,s1_0.slug,s1_0.specialty,s1_0.updated_at from stores s1_0 where s1_0.id=?
Hibernate: select t1_0.news_article_id,t1_0.sort_order,t1_0.tag from news_article_tags t1_0 where t1_0.news_article_id=?
Hibernate: select ip1_0.news_article_id,ip1_0.sort_order,ip1_0.image_path from news_article_image_paths ip1_0 where ip1_0.news_article_id=?
Hibernate: select s1_0.id,s1_0.active,s1_0.address,s1_0.area,s1_0.close_time,s1_0.contact_email,s1_0.created_at,s1_0.description,s1_0.design_signature,s1_0.franchise_mood,s1_0.highlight_summary,s1_0.hours_text,s1_0.latitude,s1_0.longitude,s1_0.name,s1_0.open_time,s1_0.personality,s1_0.phone_number,s1_0.position_label,s1_0.slug,s1_0.specialty,s1_0.updated_at from stores s1_0 where s1_0.id=?
Hibernate: select t1_0.news_article_id,t1_0.sort_order,t1_0.tag from news_article_tags t1_0 where t1_0.news_article_id=?
Hibernate: select ip1_0.news_article_id,ip1_0.sort_order,ip1_0.image_path from news_article_image_paths ip1_0 where ip1_0.news_article_id=?
Hibernate: select s1_0.id,s1_0.active,s1_0.address,s1_0.area,s1_0.close_time,s1_0.contact_email,s1_0.created_at,s1_0.description,s1_0.design_signature,s1_0.franchise_mood,s1_0.highlight_summary,s1_0.hours_text,s1_0.latitude,s1_0.longitude,s1_0.name,s1_0.open_time,s1_0.personality,s1_0.phone_number,s1_0.position_label,s1_0.slug,s1_0.specialty,s1_0.updated_at from stores s1_0 where s1_0.id=?
Hibernate: select t1_0.news_article_id,t1_0.sort_order,t1_0.tag from news_article_tags t1_0 where t1_0.news_article_id=?
Hibernate: select ip1_0.news_article_id,ip1_0.sort_order,ip1_0.image_path from news_article_image_paths ip1_0 where ip1_0.news_article_id=?
Hibernate: select s1_0.id,s1_0.active,s1_0.address,s1_0.area,s1_0.close_time,s1_0.contact_email,s1_0.created_at,s1_0.description,s1_0.design_signature,s1_0.franchise_mood,s1_0.highlight_summary,s1_0.hours_text,s1_0.latitude,s1_0.longitude,s1_0.name,s1_0.open_time,s1_0.personality,s1_0.phone_number,s1_0.position_label,s1_0.slug,s1_0.specialty,s1_0.updated_at from stores s1_0 where s1_0.id=?
Hibernate: select t1_0.news_article_id,t1_0.sort_order,t1_0.tag from news_article_tags t1_0 where t1_0.news_article_id=?
Hibernate: select ip1_0.news_article_id,ip1_0.sort_order,ip1_0.image_path from news_article_image_paths ip1_0 where ip1_0.news_article_id=?
Hibernate: select s1_0.id,s1_0.active,s1_0.address,s1_0.area,s1_0.close_time,s1_0.contact_email,s1_0.created_at,s1_0.description,s1_0.design_signature,s1_0.franchise_mood,s1_0.highlight_summary,s1_0.hours_text,s1_0.latitude,s1_0.longitude,s1_0.name,s1_0.open_time,s1_0.personality,s1_0.phone_number,s1_0.position_label,s1_0.slug,s1_0.specialty,s1_0.updated_at from stores s1_0 where s1_0.id=?
Hibernate: select t1_0.news_article_id,t1_0.sort_order,t1_0.tag from news_article_tags t1_0 where t1_0.news_article_id=?
Hibernate: select ip1_0.news_article_id,ip1_0.sort_order,ip1_0.image_path from news_article_image_paths ip1_0 where ip1_0.news_article_id=?
Hibernate: select s1_0.id,s1_0.active,s1_0.address,s1_0.area,s1_0.close_time,s1_0.contact_email,s1_0.created_at,s1_0.description,s1_0.design_signature,s1_0.franchise_mood,s1_0.highlight_summary,s1_0.hours_text,s1_0.latitude,s1_0.longitude,s1_0.name,s1_0.open_time,s1_0.personality,s1_0.phone_number,s1_0.position_label,s1_0.slug,s1_0.specialty,s1_0.updated_at from stores s1_0 where s1_0.id=?
Hibernate: select t1_0.news_article_id,t1_0.sort_order,t1_0.tag from news_article_tags t1_0 where t1_0.news_article_id=?
Hibernate: select ip1_0.news_article_id,ip1_0.sort_order,ip1_0.image_path from news_article_image_paths ip1_0 where ip1_0.news_article_id=?
Hibernate: select s1_0.id,s1_0.active,s1_0.address,s1_0.area,s1_0.close_time,s1_0.contact_email,s1_0.created_at,s1_0.description,s1_0.design_signature,s1_0.franchise_mood,s1_0.highlight_summary,s1_0.hours_text,s1_0.latitude,s1_0.longitude,s1_0.name,s1_0.open_time,s1_0.personality,s1_0.phone_number,s1_0.position_label,s1_0.slug,s1_0.specialty,s1_0.updated_at from stores s1_0 where s1_0.id=?
Hibernate: select t1_0.news_article_id,t1_0.sort_order,t1_0.tag from news_article_tags t1_0 where t1_0.news_article_id=?
Hibernate: select ip1_0.news_article_id,ip1_0.sort_order,ip1_0.image_path from news_article_image_paths ip1_0 where ip1_0.news_article_id=?
Hibernate: select t1_0.news_article_id,t1_0.sort_order,t1_0.tag from news_article_tags t1_0 where t1_0.news_article_id=?
Hibernate: select ip1_0.news_article_id,ip1_0.sort_order,ip1_0.image_path from news_article_image_paths ip1_0 where ip1_0.news_article_id=?
Hibernate: select r1_0.id,r1_0.approved,r1_0.comment,r1_0.created_at,r1_0.rating,r1_0.target_id,r1_0.target_type,r1_0.title,r1_0.updated_at,r1_0.user_id from reviews r1_0
Hibernate: select u1_0.id,u1_0.created_at,u1_0.email,u1_0.enabled,u1_0.full_name,u1_0.password_hash,u1_0.profile_completed,u1_0.role,u1_0.updated_at,u1_0.verified_at,ws1_0.id,ws1_0.active,ws1_0.address,ws1_0.area,ws1_0.close_time,ws1_0.contact_email,ws1_0.created_at,ws1_0.description,ws1_0.design_signature,ws1_0.franchise_mood,ws1_0.highlight_summary,ws1_0.hours_text,ws1_0.latitude,ws1_0.longitude,ws1_0.name,ws1_0.open_time,ws1_0.personality,ws1_0.phone_number,ws1_0.position_label,ws1_0.slug,ws1_0.specialty,ws1_0.updated_at from users u1_0 left join stores ws1_0 on ws1_0.id=u1_0.working_store_id where u1_0.id=?
Hibernate: select u1_0.id,u1_0.created_at,u1_0.email,u1_0.enabled,u1_0.full_name,u1_0.password_hash,u1_0.profile_completed,u1_0.role,u1_0.updated_at,u1_0.verified_at,ws1_0.id,ws1_0.active,ws1_0.address,ws1_0.area,ws1_0.close_time,ws1_0.contact_email,ws1_0.created_at,ws1_0.description,ws1_0.design_signature,ws1_0.franchise_mood,ws1_0.highlight_summary,ws1_0.hours_text,ws1_0.latitude,ws1_0.longitude,ws1_0.name,ws1_0.open_time,ws1_0.personality,ws1_0.phone_number,ws1_0.position_label,ws1_0.slug,ws1_0.specialty,ws1_0.updated_at from users u1_0 left join stores ws1_0 on ws1_0.id=u1_0.working_store_id where u1_0.id=?
Hibernate: select u1_0.id,u1_0.created_at,u1_0.email,u1_0.enabled,u1_0.full_name,u1_0.password_hash,u1_0.profile_completed,u1_0.role,u1_0.updated_at,u1_0.verified_at,ws1_0.id,ws1_0.active,ws1_0.address,ws1_0.area,ws1_0.close_time,ws1_0.contact_email,ws1_0.created_at,ws1_0.description,ws1_0.design_signature,ws1_0.franchise_mood,ws1_0.highlight_summary,ws1_0.hours_text,ws1_0.latitude,ws1_0.longitude,ws1_0.name,ws1_0.open_time,ws1_0.personality,ws1_0.phone_number,ws1_0.position_label,ws1_0.slug,ws1_0.specialty,ws1_0.updated_at from users u1_0 left join stores ws1_0 on ws1_0.id=u1_0.working_store_id where u1_0.id=?
Hibernate: select u1_0.id,u1_0.created_at,u1_0.email,u1_0.enabled,u1_0.full_name,u1_0.password_hash,u1_0.profile_completed,u1_0.role,u1_0.updated_at,u1_0.verified_at,ws1_0.id,ws1_0.active,ws1_0.address,ws1_0.area,ws1_0.close_time,ws1_0.contact_email,ws1_0.created_at,ws1_0.description,ws1_0.design_signature,ws1_0.franchise_mood,ws1_0.highlight_summary,ws1_0.hours_text,ws1_0.latitude,ws1_0.longitude,ws1_0.name,ws1_0.open_time,ws1_0.personality,ws1_0.phone_number,ws1_0.position_label,ws1_0.slug,ws1_0.specialty,ws1_0.updated_at from users u1_0 left join stores ws1_0 on ws1_0.id=u1_0.working_store_id where u1_0.id=?
Hibernate: select u1_0.id,u1_0.created_at,u1_0.email,u1_0.enabled,u1_0.full_name,u1_0.password_hash,u1_0.profile_completed,u1_0.role,u1_0.updated_at,u1_0.verified_at,ws1_0.id,ws1_0.active,ws1_0.address,ws1_0.area,ws1_0.close_time,ws1_0.contact_email,ws1_0.created_at,ws1_0.description,ws1_0.design_signature,ws1_0.franchise_mood,ws1_0.highlight_summary,ws1_0.hours_text,ws1_0.latitude,ws1_0.longitude,ws1_0.name,ws1_0.open_time,ws1_0.personality,ws1_0.phone_number,ws1_0.position_label,ws1_0.slug,ws1_0.specialty,ws1_0.updated_at from users u1_0 left join stores ws1_0 on ws1_0.id=u1_0.working_store_id where u1_0.id=?
Hibernate: select u1_0.id,u1_0.created_at,u1_0.email,u1_0.enabled,u1_0.full_name,u1_0.password_hash,u1_0.profile_completed,u1_0.role,u1_0.updated_at,u1_0.verified_at,ws1_0.id,ws1_0.active,ws1_0.address,ws1_0.area,ws1_0.close_time,ws1_0.contact_email,ws1_0.created_at,ws1_0.description,ws1_0.design_signature,ws1_0.franchise_mood,ws1_0.highlight_summary,ws1_0.hours_text,ws1_0.latitude,ws1_0.longitude,ws1_0.name,ws1_0.open_time,ws1_0.personality,ws1_0.phone_number,ws1_0.position_label,ws1_0.slug,ws1_0.specialty,ws1_0.updated_at from users u1_0 left join stores ws1_0 on ws1_0.id=u1_0.working_store_id where u1_0.id=?
Hibernate: select u1_0.id,u1_0.created_at,u1_0.email,u1_0.enabled,u1_0.full_name,u1_0.password_hash,u1_0.profile_completed,u1_0.role,u1_0.updated_at,u1_0.verified_at,ws1_0.id,ws1_0.active,ws1_0.address,ws1_0.area,ws1_0.close_time,ws1_0.contact_email,ws1_0.created_at,ws1_0.description,ws1_0.design_signature,ws1_0.franchise_mood,ws1_0.highlight_summary,ws1_0.hours_text,ws1_0.latitude,ws1_0.longitude,ws1_0.name,ws1_0.open_time,ws1_0.personality,ws1_0.phone_number,ws1_0.position_label,ws1_0.slug,ws1_0.specialty,ws1_0.updated_at from users u1_0 left join stores ws1_0 on ws1_0.id=u1_0.working_store_id where u1_0.id=?
Hibernate: select u1_0.id,u1_0.created_at,u1_0.email,u1_0.enabled,u1_0.full_name,u1_0.password_hash,u1_0.profile_completed,u1_0.role,u1_0.updated_at,u1_0.verified_at,ws1_0.id,ws1_0.active,ws1_0.address,ws1_0.area,ws1_0.close_time,ws1_0.contact_email,ws1_0.created_at,ws1_0.description,ws1_0.design_signature,ws1_0.franchise_mood,ws1_0.highlight_summary,ws1_0.hours_text,ws1_0.latitude,ws1_0.longitude,ws1_0.name,ws1_0.open_time,ws1_0.personality,ws1_0.phone_number,ws1_0.position_label,ws1_0.slug,ws1_0.specialty,ws1_0.updated_at from users u1_0 left join stores ws1_0 on ws1_0.id=u1_0.working_store_id where u1_0.id=?
Hibernate: select u1_0.id,u1_0.created_at,u1_0.email,u1_0.enabled,u1_0.full_name,u1_0.password_hash,u1_0.profile_completed,u1_0.role,u1_0.updated_at,u1_0.verified_at,ws1_0.id,ws1_0.active,ws1_0.address,ws1_0.area,ws1_0.close_time,ws1_0.contact_email,ws1_0.created_at,ws1_0.description,ws1_0.design_signature,ws1_0.franchise_mood,ws1_0.highlight_summary,ws1_0.hours_text,ws1_0.latitude,ws1_0.longitude,ws1_0.name,ws1_0.open_time,ws1_0.personality,ws1_0.phone_number,ws1_0.position_label,ws1_0.slug,ws1_0.specialty,ws1_0.updated_at from users u1_0 left join stores ws1_0 on ws1_0.id=u1_0.working_store_id where u1_0.id=?
Hibernate: select u1_0.id,u1_0.created_at,u1_0.email,u1_0.enabled,u1_0.full_name,u1_0.password_hash,u1_0.profile_completed,u1_0.role,u1_0.updated_at,u1_0.verified_at,ws1_0.id,ws1_0.active,ws1_0.address,ws1_0.area,ws1_0.close_time,ws1_0.contact_email,ws1_0.created_at,ws1_0.description,ws1_0.design_signature,ws1_0.franchise_mood,ws1_0.highlight_summary,ws1_0.hours_text,ws1_0.latitude,ws1_0.longitude,ws1_0.name,ws1_0.open_time,ws1_0.personality,ws1_0.phone_number,ws1_0.position_label,ws1_0.slug,ws1_0.specialty,ws1_0.updated_at from users u1_0 left join stores ws1_0 on ws1_0.id=u1_0.working_store_id where u1_0.id=?
Hibernate: select u1_0.id,u1_0.created_at,u1_0.email,u1_0.enabled,u1_0.full_name,u1_0.password_hash,u1_0.profile_completed,u1_0.role,u1_0.updated_at,u1_0.verified_at,ws1_0.id,ws1_0.active,ws1_0.address,ws1_0.area,ws1_0.close_time,ws1_0.contact_email,ws1_0.created_at,ws1_0.description,ws1_0.design_signature,ws1_0.franchise_mood,ws1_0.highlight_summary,ws1_0.hours_text,ws1_0.latitude,ws1_0.longitude,ws1_0.name,ws1_0.open_time,ws1_0.personality,ws1_0.phone_number,ws1_0.position_label,ws1_0.slug,ws1_0.specialty,ws1_0.updated_at from users u1_0 left join stores ws1_0 on ws1_0.id=u1_0.working_store_id where u1_0.id=?
Hibernate: select u1_0.id,u1_0.created_at,u1_0.email,u1_0.enabled,u1_0.full_name,u1_0.password_hash,u1_0.profile_completed,u1_0.role,u1_0.updated_at,u1_0.verified_at,ws1_0.id,ws1_0.active,ws1_0.address,ws1_0.area,ws1_0.close_time,ws1_0.contact_email,ws1_0.created_at,ws1_0.description,ws1_0.design_signature,ws1_0.franchise_mood,ws1_0.highlight_summary,ws1_0.hours_text,ws1_0.latitude,ws1_0.longitude,ws1_0.name,ws1_0.open_time,ws1_0.personality,ws1_0.phone_number,ws1_0.position_label,ws1_0.slug,ws1_0.specialty,ws1_0.updated_at from users u1_0 left join stores ws1_0 on ws1_0.id=u1_0.working_store_id where u1_0.id=?
Hibernate: select u1_0.id,u1_0.created_at,u1_0.email,u1_0.enabled,u1_0.full_name,u1_0.password_hash,u1_0.profile_completed,u1_0.role,u1_0.updated_at,u1_0.verified_at,ws1_0.id,ws1_0.active,ws1_0.address,ws1_0.area,ws1_0.close_time,ws1_0.contact_email,ws1_0.created_at,ws1_0.description,ws1_0.design_signature,ws1_0.franchise_mood,ws1_0.highlight_summary,ws1_0.hours_text,ws1_0.latitude,ws1_0.longitude,ws1_0.name,ws1_0.open_time,ws1_0.personality,ws1_0.phone_number,ws1_0.position_label,ws1_0.slug,ws1_0.specialty,ws1_0.updated_at from users u1_0 left join stores ws1_0 on ws1_0.id=u1_0.working_store_id where u1_0.id=?
Hibernate: select u1_0.id,u1_0.created_at,u1_0.email,u1_0.enabled,u1_0.full_name,u1_0.password_hash,u1_0.profile_completed,u1_0.role,u1_0.updated_at,u1_0.verified_at,ws1_0.id,ws1_0.active,ws1_0.address,ws1_0.area,ws1_0.close_time,ws1_0.contact_email,ws1_0.created_at,ws1_0.description,ws1_0.design_signature,ws1_0.franchise_mood,ws1_0.highlight_summary,ws1_0.hours_text,ws1_0.latitude,ws1_0.longitude,ws1_0.name,ws1_0.open_time,ws1_0.personality,ws1_0.phone_number,ws1_0.position_label,ws1_0.slug,ws1_0.specialty,ws1_0.updated_at from users u1_0 left join stores ws1_0 on ws1_0.id=u1_0.working_store_id where u1_0.id=?
Hibernate: select u1_0.id,u1_0.created_at,u1_0.email,u1_0.enabled,u1_0.full_name,u1_0.password_hash,u1_0.profile_completed,u1_0.role,u1_0.updated_at,u1_0.verified_at,ws1_0.id,ws1_0.active,ws1_0.address,ws1_0.area,ws1_0.close_time,ws1_0.contact_email,ws1_0.created_at,ws1_0.description,ws1_0.design_signature,ws1_0.franchise_mood,ws1_0.highlight_summary,ws1_0.hours_text,ws1_0.latitude,ws1_0.longitude,ws1_0.name,ws1_0.open_time,ws1_0.personality,ws1_0.phone_number,ws1_0.position_label,ws1_0.slug,ws1_0.specialty,ws1_0.updated_at from users u1_0 left join stores ws1_0 on ws1_0.id=u1_0.working_store_id where u1_0.id=?
Hibernate: select u1_0.id,u1_0.created_at,u1_0.email,u1_0.enabled,u1_0.full_name,u1_0.password_hash,u1_0.profile_completed,u1_0.role,u1_0.updated_at,u1_0.verified_at,ws1_0.id,ws1_0.active,ws1_0.address,ws1_0.area,ws1_0.close_time,ws1_0.contact_email,ws1_0.created_at,ws1_0.description,ws1_0.design_signature,ws1_0.franchise_mood,ws1_0.highlight_summary,ws1_0.hours_text,ws1_0.latitude,ws1_0.longitude,ws1_0.name,ws1_0.open_time,ws1_0.personality,ws1_0.phone_number,ws1_0.position_label,ws1_0.slug,ws1_0.specialty,ws1_0.updated_at from users u1_0 left join stores ws1_0 on ws1_0.id=u1_0.working_store_id where u1_0.id=?
Hibernate: select u1_0.id,u1_0.created_at,u1_0.email,u1_0.enabled,u1_0.full_name,u1_0.password_hash,u1_0.profile_completed,u1_0.role,u1_0.updated_at,u1_0.verified_at,ws1_0.id,ws1_0.active,ws1_0.address,ws1_0.area,ws1_0.close_time,ws1_0.contact_email,ws1_0.created_at,ws1_0.description,ws1_0.design_signature,ws1_0.franchise_mood,ws1_0.highlight_summary,ws1_0.hours_text,ws1_0.latitude,ws1_0.longitude,ws1_0.name,ws1_0.open_time,ws1_0.personality,ws1_0.phone_number,ws1_0.position_label,ws1_0.slug,ws1_0.specialty,ws1_0.updated_at from users u1_0 left join stores ws1_0 on ws1_0.id=u1_0.working_store_id where u1_0.id=?
Hibernate: select u1_0.id,u1_0.created_at,u1_0.email,u1_0.enabled,u1_0.full_name,u1_0.password_hash,u1_0.profile_completed,u1_0.role,u1_0.updated_at,u1_0.verified_at,ws1_0.id,ws1_0.active,ws1_0.address,ws1_0.area,ws1_0.close_time,ws1_0.contact_email,ws1_0.created_at,ws1_0.description,ws1_0.design_signature,ws1_0.franchise_mood,ws1_0.highlight_summary,ws1_0.hours_text,ws1_0.latitude,ws1_0.longitude,ws1_0.name,ws1_0.open_time,ws1_0.personality,ws1_0.phone_number,ws1_0.position_label,ws1_0.slug,ws1_0.specialty,ws1_0.updated_at from users u1_0 left join stores ws1_0 on ws1_0.id=u1_0.working_store_id where u1_0.id=?
Hibernate: select u1_0.id,u1_0.created_at,u1_0.email,u1_0.enabled,u1_0.full_name,u1_0.password_hash,u1_0.profile_completed,u1_0.role,u1_0.updated_at,u1_0.verified_at,ws1_0.id,ws1_0.active,ws1_0.address,ws1_0.area,ws1_0.close_time,ws1_0.contact_email,ws1_0.created_at,ws1_0.description,ws1_0.design_signature,ws1_0.franchise_mood,ws1_0.highlight_summary,ws1_0.hours_text,ws1_0.latitude,ws1_0.longitude,ws1_0.name,ws1_0.open_time,ws1_0.personality,ws1_0.phone_number,ws1_0.position_label,ws1_0.slug,ws1_0.specialty,ws1_0.updated_at from users u1_0 left join stores ws1_0 on ws1_0.id=u1_0.working_store_id where u1_0.id=?
Hibernate: select u1_0.id,u1_0.created_at,u1_0.email,u1_0.enabled,u1_0.full_name,u1_0.password_hash,u1_0.profile_completed,u1_0.role,u1_0.updated_at,u1_0.verified_at,ws1_0.id,ws1_0.active,ws1_0.address,ws1_0.area,ws1_0.close_time,ws1_0.contact_email,ws1_0.created_at,ws1_0.description,ws1_0.design_signature,ws1_0.franchise_mood,ws1_0.highlight_summary,ws1_0.hours_text,ws1_0.latitude,ws1_0.longitude,ws1_0.name,ws1_0.open_time,ws1_0.personality,ws1_0.phone_number,ws1_0.position_label,ws1_0.slug,ws1_0.specialty,ws1_0.updated_at from users u1_0 left join stores ws1_0 on ws1_0.id=u1_0.working_store_id where u1_0.id=?
Hibernate: select f1_0.id,f1_0.created_at,f1_0.target_id,f1_0.target_type,f1_0.user_id from favorites f1_0
Hibernate: select oi1_0.id,oi1_0.created_at,oi1_0.dish_id,oi1_0.order_id,oi1_0.quantity,oi1_0.store_id,oi1_0.unit_price,oi1_0.updated_at from order_items oi1_0
Hibernate: select d1_0.id,d1_0.active,d1_0.available,d1_0.category_id,c1_0.id,c1_0.active,c1_0.created_at,c1_0.description,c1_0.name,c1_0.sort_order,s1_0.id,s1_0.active,s1_0.address,s1_0.area,s1_0.close_time,s1_0.contact_email,s1_0.created_at,s1_0.description,s1_0.design_signature,s1_0.franchise_mood,s1_0.highlight_summary,s1_0.hours_text,s1_0.latitude,s1_0.longitude,s1_0.name,s1_0.open_time,s1_0.personality,s1_0.phone_number,s1_0.position_label,s1_0.slug,s1_0.specialty,s1_0.updated_at,c1_0.updated_at,d1_0.created_at,d1_0.description,d1_0.franchise_note,d1_0.franchise_required,d1_0.highlight_summary,d1_0.name,d1_0.note,d1_0.price,d1_0.status,d1_0.updated_at from dishes d1_0 join categories c1_0 on c1_0.id=d1_0.category_id left join stores s1_0 on s1_0.id=c1_0.store_id where d1_0.id=?
Hibernate: select o1_0.id,o1_0.confirmed_at,cbu1_0.id,cbu1_0.created_at,cbu1_0.email,cbu1_0.enabled,cbu1_0.full_name,cbu1_0.password_hash,cbu1_0.profile_completed,cbu1_0.role,cbu1_0.updated_at,cbu1_0.verified_at,ws1_0.id,ws1_0.active,ws1_0.address,ws1_0.area,ws1_0.close_time,ws1_0.contact_email,ws1_0.created_at,ws1_0.description,ws1_0.design_signature,ws1_0.franchise_mood,ws1_0.highlight_summary,ws1_0.hours_text,ws1_0.latitude,ws1_0.longitude,ws1_0.name,ws1_0.open_time,ws1_0.personality,ws1_0.phone_number,ws1_0.position_label,ws1_0.slug,ws1_0.specialty,ws1_0.updated_at,o1_0.created_at,ds1_0.id,ds1_0.created_at,ds1_0.email,ds1_0.enabled,ds1_0.full_name,ds1_0.password_hash,ds1_0.profile_completed,ds1_0.role,ds1_0.updated_at,ds1_0.verified_at,ws2_0.id,ws2_0.active,ws2_0.address,ws2_0.area,ws2_0.close_time,ws2_0.contact_email,ws2_0.created_at,ws2_0.description,ws2_0.design_signature,ws2_0.franchise_mood,ws2_0.highlight_summary,ws2_0.hours_text,ws2_0.latitude,ws2_0.longitude,ws2_0.name,ws2_0.open_time,ws2_0.personality,ws2_0.phone_number,ws2_0.position_label,ws2_0.slug,ws2_0.specialty,ws2_0.updated_at,o1_0.delivery_address,o1_0.delivery_address_id,o1_0.delivery_full_name,o1_0.delivery_phone_number,o1_0.delivery_proof_captured_at,o1_0.delivery_proof_image_path,o1_0.delivery_proof_note,o1_0.delivery_proof_uploaded_at,o1_0.delivery_type,o1_0.discount_amount,o1_0.invoice_issued_at,o1_0.invoice_number,o1_0.invoice_qr_token,o1_0.paid_at,o1_0.payment_cancel_url,o1_0.payment_checkout_url,o1_0.payment_expires_at,o1_0.payment_link_id,o1_0.payment_provider,o1_0.payment_qr_code,o1_0.payment_reference,o1_0.payment_return_url,o1_0.payment_status,o1_0.payos_order_code,ps1_0.id,ps1_0.created_at,ps1_0.email,ps1_0.enabled,ps1_0.full_name,ps1_0.password_hash,ps1_0.profile_completed,ps1_0.role,ps1_0.updated_at,ps1_0.verified_at,ws3_0.id,ws3_0.active,ws3_0.address,ws3_0.area,ws3_0.close_time,ws3_0.contact_email,ws3_0.created_at,ws3_0.description,ws3_0.design_signature,ws3_0.franchise_mood,ws3_0.highlight_summary,ws3_0.hours_text,ws3_0.latitude,ws3_0.longitude,ws3_0.name,ws3_0.open_time,ws3_0.personality,ws3_0.phone_number,ws3_0.position_label,ws3_0.slug,ws3_0.specialty,ws3_0.updated_at,o1_0.promotion_code,o1_0.promotion_eligible_amount,o1_0.promotion_scope,o1_0.scheduled_delivery_at,o1_0.status,o1_0.subtotal_amount,o1_0.total_amount,o1_0.updated_at,o1_0.user_id,u1_0.id,u1_0.created_at,u1_0.email,u1_0.enabled,u1_0.full_name,u1_0.password_hash,u1_0.profile_completed,u1_0.role,u1_0.updated_at,u1_0.verified_at,ws4_0.id,ws4_0.active,ws4_0.address,ws4_0.area,ws4_0.close_time,ws4_0.contact_email,ws4_0.created_at,ws4_0.description,ws4_0.design_signature,ws4_0.franchise_mood,ws4_0.highlight_summary,ws4_0.hours_text,ws4_0.latitude,ws4_0.longitude,ws4_0.name,ws4_0.open_time,ws4_0.personality,ws4_0.phone_number,ws4_0.position_label,ws4_0.slug,ws4_0.specialty,ws4_0.updated_at from orders o1_0 left join users cbu1_0 on cbu1_0.id=o1_0.confirmed_by_user_id left join stores ws1_0 on ws1_0.id=cbu1_0.working_store_id left join users ds1_0 on ds1_0.id=o1_0.delivering_shipper_id left join stores ws2_0 on ws2_0.id=ds1_0.working_store_id left join users ps1_0 on ps1_0.id=o1_0.preparing_staff_id left join stores ws3_0 on ws3_0.id=ps1_0.working_store_id join users u1_0 on u1_0.id=o1_0.user_id left join stores ws4_0 on ws4_0.id=u1_0.working_store_id where o1_0.id=?
Hibernate: select d1_0.id,d1_0.active,d1_0.available,d1_0.category_id,c1_0.id,c1_0.active,c1_0.created_at,c1_0.description,c1_0.name,c1_0.sort_order,s1_0.id,s1_0.active,s1_0.address,s1_0.area,s1_0.close_time,s1_0.contact_email,s1_0.created_at,s1_0.description,s1_0.design_signature,s1_0.franchise_mood,s1_0.highlight_summary,s1_0.hours_text,s1_0.latitude,s1_0.longitude,s1_0.name,s1_0.open_time,s1_0.personality,s1_0.phone_number,s1_0.position_label,s1_0.slug,s1_0.specialty,s1_0.updated_at,c1_0.updated_at,d1_0.created_at,d1_0.description,d1_0.franchise_note,d1_0.franchise_required,d1_0.highlight_summary,d1_0.name,d1_0.note,d1_0.price,d1_0.status,d1_0.updated_at from dishes d1_0 join categories c1_0 on c1_0.id=d1_0.category_id left join stores s1_0 on s1_0.id=c1_0.store_id where d1_0.id=?
Hibernate: select o1_0.id,o1_0.confirmed_at,cbu1_0.id,cbu1_0.created_at,cbu1_0.email,cbu1_0.enabled,cbu1_0.full_name,cbu1_0.password_hash,cbu1_0.profile_completed,cbu1_0.role,cbu1_0.updated_at,cbu1_0.verified_at,ws1_0.id,ws1_0.active,ws1_0.address,ws1_0.area,ws1_0.close_time,ws1_0.contact_email,ws1_0.created_at,ws1_0.description,ws1_0.design_signature,ws1_0.franchise_mood,ws1_0.highlight_summary,ws1_0.hours_text,ws1_0.latitude,ws1_0.longitude,ws1_0.name,ws1_0.open_time,ws1_0.personality,ws1_0.phone_number,ws1_0.position_label,ws1_0.slug,ws1_0.specialty,ws1_0.updated_at,o1_0.created_at,ds1_0.id,ds1_0.created_at,ds1_0.email,ds1_0.enabled,ds1_0.full_name,ds1_0.password_hash,ds1_0.profile_completed,ds1_0.role,ds1_0.updated_at,ds1_0.verified_at,ws2_0.id,ws2_0.active,ws2_0.address,ws2_0.area,ws2_0.close_time,ws2_0.contact_email,ws2_0.created_at,ws2_0.description,ws2_0.design_signature,ws2_0.franchise_mood,ws2_0.highlight_summary,ws2_0.hours_text,ws2_0.latitude,ws2_0.longitude,ws2_0.name,ws2_0.open_time,ws2_0.personality,ws2_0.phone_number,ws2_0.position_label,ws2_0.slug,ws2_0.specialty,ws2_0.updated_at,o1_0.delivery_address,o1_0.delivery_address_id,o1_0.delivery_full_name,o1_0.delivery_phone_number,o1_0.delivery_proof_captured_at,o1_0.delivery_proof_image_path,o1_0.delivery_proof_note,o1_0.delivery_proof_uploaded_at,o1_0.delivery_type,o1_0.discount_amount,o1_0.invoice_issued_at,o1_0.invoice_number,o1_0.invoice_qr_token,o1_0.paid_at,o1_0.payment_cancel_url,o1_0.payment_checkout_url,o1_0.payment_expires_at,o1_0.payment_link_id,o1_0.payment_provider,o1_0.payment_qr_code,o1_0.payment_reference,o1_0.payment_return_url,o1_0.payment_status,o1_0.payos_order_code,ps1_0.id,ps1_0.created_at,ps1_0.email,ps1_0.enabled,ps1_0.full_name,ps1_0.password_hash,ps1_0.profile_completed,ps1_0.role,ps1_0.updated_at,ps1_0.verified_at,ws3_0.id,ws3_0.active,ws3_0.address,ws3_0.area,ws3_0.close_time,ws3_0.contact_email,ws3_0.created_at,ws3_0.description,ws3_0.design_signature,ws3_0.franchise_mood,ws3_0.highlight_summary,ws3_0.hours_text,ws3_0.latitude,ws3_0.longitude,ws3_0.name,ws3_0.open_time,ws3_0.personality,ws3_0.phone_number,ws3_0.position_label,ws3_0.slug,ws3_0.specialty,ws3_0.updated_at,o1_0.promotion_code,o1_0.promotion_eligible_amount,o1_0.promotion_scope,o1_0.scheduled_delivery_at,o1_0.status,o1_0.subtotal_amount,o1_0.total_amount,o1_0.updated_at,o1_0.user_id,u1_0.id,u1_0.created_at,u1_0.email,u1_0.enabled,u1_0.full_name,u1_0.password_hash,u1_0.profile_completed,u1_0.role,u1_0.updated_at,u1_0.verified_at,ws4_0.id,ws4_0.active,ws4_0.address,ws4_0.area,ws4_0.close_time,ws4_0.contact_email,ws4_0.created_at,ws4_0.description,ws4_0.design_signature,ws4_0.franchise_mood,ws4_0.highlight_summary,ws4_0.hours_text,ws4_0.latitude,ws4_0.longitude,ws4_0.name,ws4_0.open_time,ws4_0.personality,ws4_0.phone_number,ws4_0.position_label,ws4_0.slug,ws4_0.specialty,ws4_0.updated_at from orders o1_0 left join users cbu1_0 on cbu1_0.id=o1_0.confirmed_by_user_id left join stores ws1_0 on ws1_0.id=cbu1_0.working_store_id left join users ds1_0 on ds1_0.id=o1_0.delivering_shipper_id left join stores ws2_0 on ws2_0.id=ds1_0.working_store_id left join users ps1_0 on ps1_0.id=o1_0.preparing_staff_id left join stores ws3_0 on ws3_0.id=ps1_0.working_store_id join users u1_0 on u1_0.id=o1_0.user_id left join stores ws4_0 on ws4_0.id=u1_0.working_store_id where o1_0.id=?
Hibernate: select d1_0.id,d1_0.active,d1_0.available,d1_0.category_id,c1_0.id,c1_0.active,c1_0.created_at,c1_0.description,c1_0.name,c1_0.sort_order,s1_0.id,s1_0.active,s1_0.address,s1_0.area,s1_0.close_time,s1_0.contact_email,s1_0.created_at,s1_0.description,s1_0.design_signature,s1_0.franchise_mood,s1_0.highlight_summary,s1_0.hours_text,s1_0.latitude,s1_0.longitude,s1_0.name,s1_0.open_time,s1_0.personality,s1_0.phone_number,s1_0.position_label,s1_0.slug,s1_0.specialty,s1_0.updated_at,c1_0.updated_at,d1_0.created_at,d1_0.description,d1_0.franchise_note,d1_0.franchise_required,d1_0.highlight_summary,d1_0.name,d1_0.note,d1_0.price,d1_0.status,d1_0.updated_at from dishes d1_0 join categories c1_0 on c1_0.id=d1_0.category_id left join stores s1_0 on s1_0.id=c1_0.store_id where d1_0.id=?
Hibernate: select o1_0.id,o1_0.confirmed_at,cbu1_0.id,cbu1_0.created_at,cbu1_0.email,cbu1_0.enabled,cbu1_0.full_name,cbu1_0.password_hash,cbu1_0.profile_completed,cbu1_0.role,cbu1_0.updated_at,cbu1_0.verified_at,ws1_0.id,ws1_0.active,ws1_0.address,ws1_0.area,ws1_0.close_time,ws1_0.contact_email,ws1_0.created_at,ws1_0.description,ws1_0.design_signature,ws1_0.franchise_mood,ws1_0.highlight_summary,ws1_0.hours_text,ws1_0.latitude,ws1_0.longitude,ws1_0.name,ws1_0.open_time,ws1_0.personality,ws1_0.phone_number,ws1_0.position_label,ws1_0.slug,ws1_0.specialty,ws1_0.updated_at,o1_0.created_at,ds1_0.id,ds1_0.created_at,ds1_0.email,ds1_0.enabled,ds1_0.full_name,ds1_0.password_hash,ds1_0.profile_completed,ds1_0.role,ds1_0.updated_at,ds1_0.verified_at,ws2_0.id,ws2_0.active,ws2_0.address,ws2_0.area,ws2_0.close_time,ws2_0.contact_email,ws2_0.created_at,ws2_0.description,ws2_0.design_signature,ws2_0.franchise_mood,ws2_0.highlight_summary,ws2_0.hours_text,ws2_0.latitude,ws2_0.longitude,ws2_0.name,ws2_0.open_time,ws2_0.personality,ws2_0.phone_number,ws2_0.position_label,ws2_0.slug,ws2_0.specialty,ws2_0.updated_at,o1_0.delivery_address,o1_0.delivery_address_id,o1_0.delivery_full_name,o1_0.delivery_phone_number,o1_0.delivery_proof_captured_at,o1_0.delivery_proof_image_path,o1_0.delivery_proof_note,o1_0.delivery_proof_uploaded_at,o1_0.delivery_type,o1_0.discount_amount,o1_0.invoice_issued_at,o1_0.invoice_number,o1_0.invoice_qr_token,o1_0.paid_at,o1_0.payment_cancel_url,o1_0.payment_checkout_url,o1_0.payment_expires_at,o1_0.payment_link_id,o1_0.payment_provider,o1_0.payment_qr_code,o1_0.payment_reference,o1_0.payment_return_url,o1_0.payment_status,o1_0.payos_order_code,ps1_0.id,ps1_0.created_at,ps1_0.email,ps1_0.enabled,ps1_0.full_name,ps1_0.password_hash,ps1_0.profile_completed,ps1_0.role,ps1_0.updated_at,ps1_0.verified_at,ws3_0.id,ws3_0.active,ws3_0.address,ws3_0.area,ws3_0.close_time,ws3_0.contact_email,ws3_0.created_at,ws3_0.description,ws3_0.design_signature,ws3_0.franchise_mood,ws3_0.highlight_summary,ws3_0.hours_text,ws3_0.latitude,ws3_0.longitude,ws3_0.name,ws3_0.open_time,ws3_0.personality,ws3_0.phone_number,ws3_0.position_label,ws3_0.slug,ws3_0.specialty,ws3_0.updated_at,o1_0.promotion_code,o1_0.promotion_eligible_amount,o1_0.promotion_scope,o1_0.scheduled_delivery_at,o1_0.status,o1_0.subtotal_amount,o1_0.total_amount,o1_0.updated_at,o1_0.user_id,u1_0.id,u1_0.created_at,u1_0.email,u1_0.enabled,u1_0.full_name,u1_0.password_hash,u1_0.profile_completed,u1_0.role,u1_0.updated_at,u1_0.verified_at,ws4_0.id,ws4_0.active,ws4_0.address,ws4_0.area,ws4_0.close_time,ws4_0.contact_email,ws4_0.created_at,ws4_0.description,ws4_0.design_signature,ws4_0.franchise_mood,ws4_0.highlight_summary,ws4_0.hours_text,ws4_0.latitude,ws4_0.longitude,ws4_0.name,ws4_0.open_time,ws4_0.personality,ws4_0.phone_number,ws4_0.position_label,ws4_0.slug,ws4_0.specialty,ws4_0.updated_at from orders o1_0 left join users cbu1_0 on cbu1_0.id=o1_0.confirmed_by_user_id left join stores ws1_0 on ws1_0.id=cbu1_0.working_store_id left join users ds1_0 on ds1_0.id=o1_0.delivering_shipper_id left join stores ws2_0 on ws2_0.id=ds1_0.working_store_id left join users ps1_0 on ps1_0.id=o1_0.preparing_staff_id left join stores ws3_0 on ws3_0.id=ps1_0.working_store_id join users u1_0 on u1_0.id=o1_0.user_id left join stores ws4_0 on ws4_0.id=u1_0.working_store_id where o1_0.id=?
Hibernate: select d1_0.id,d1_0.active,d1_0.available,d1_0.category_id,c1_0.id,c1_0.active,c1_0.created_at,c1_0.description,c1_0.name,c1_0.sort_order,s1_0.id,s1_0.active,s1_0.address,s1_0.area,s1_0.close_time,s1_0.contact_email,s1_0.created_at,s1_0.description,s1_0.design_signature,s1_0.franchise_mood,s1_0.highlight_summary,s1_0.hours_text,s1_0.latitude,s1_0.longitude,s1_0.name,s1_0.open_time,s1_0.personality,s1_0.phone_number,s1_0.position_label,s1_0.slug,s1_0.specialty,s1_0.updated_at,c1_0.updated_at,d1_0.created_at,d1_0.description,d1_0.franchise_note,d1_0.franchise_required,d1_0.highlight_summary,d1_0.name,d1_0.note,d1_0.price,d1_0.status,d1_0.updated_at from dishes d1_0 join categories c1_0 on c1_0.id=d1_0.category_id left join stores s1_0 on s1_0.id=c1_0.store_id where d1_0.id=?
Hibernate: select o1_0.id,o1_0.confirmed_at,cbu1_0.id,cbu1_0.created_at,cbu1_0.email,cbu1_0.enabled,cbu1_0.full_name,cbu1_0.password_hash,cbu1_0.profile_completed,cbu1_0.role,cbu1_0.updated_at,cbu1_0.verified_at,ws1_0.id,ws1_0.active,ws1_0.address,ws1_0.area,ws1_0.close_time,ws1_0.contact_email,ws1_0.created_at,ws1_0.description,ws1_0.design_signature,ws1_0.franchise_mood,ws1_0.highlight_summary,ws1_0.hours_text,ws1_0.latitude,ws1_0.longitude,ws1_0.name,ws1_0.open_time,ws1_0.personality,ws1_0.phone_number,ws1_0.position_label,ws1_0.slug,ws1_0.specialty,ws1_0.updated_at,o1_0.created_at,ds1_0.id,ds1_0.created_at,ds1_0.email,ds1_0.enabled,ds1_0.full_name,ds1_0.password_hash,ds1_0.profile_completed,ds1_0.role,ds1_0.updated_at,ds1_0.verified_at,ws2_0.id,ws2_0.active,ws2_0.address,ws2_0.area,ws2_0.close_time,ws2_0.contact_email,ws2_0.created_at,ws2_0.description,ws2_0.design_signature,ws2_0.franchise_mood,ws2_0.highlight_summary,ws2_0.hours_text,ws2_0.latitude,ws2_0.longitude,ws2_0.name,ws2_0.open_time,ws2_0.personality,ws2_0.phone_number,ws2_0.position_label,ws2_0.slug,ws2_0.specialty,ws2_0.updated_at,o1_0.delivery_address,o1_0.delivery_address_id,o1_0.delivery_full_name,o1_0.delivery_phone_number,o1_0.delivery_proof_captured_at,o1_0.delivery_proof_image_path,o1_0.delivery_proof_note,o1_0.delivery_proof_uploaded_at,o1_0.delivery_type,o1_0.discount_amount,o1_0.invoice_issued_at,o1_0.invoice_number,o1_0.invoice_qr_token,o1_0.paid_at,o1_0.payment_cancel_url,o1_0.payment_checkout_url,o1_0.payment_expires_at,o1_0.payment_link_id,o1_0.payment_provider,o1_0.payment_qr_code,o1_0.payment_reference,o1_0.payment_return_url,o1_0.payment_status,o1_0.payos_order_code,ps1_0.id,ps1_0.created_at,ps1_0.email,ps1_0.enabled,ps1_0.full_name,ps1_0.password_hash,ps1_0.profile_completed,ps1_0.role,ps1_0.updated_at,ps1_0.verified_at,ws3_0.id,ws3_0.active,ws3_0.address,ws3_0.area,ws3_0.close_time,ws3_0.contact_email,ws3_0.created_at,ws3_0.description,ws3_0.design_signature,ws3_0.franchise_mood,ws3_0.highlight_summary,ws3_0.hours_text,ws3_0.latitude,ws3_0.longitude,ws3_0.name,ws3_0.open_time,ws3_0.personality,ws3_0.phone_number,ws3_0.position_label,ws3_0.slug,ws3_0.specialty,ws3_0.updated_at,o1_0.promotion_code,o1_0.promotion_eligible_amount,o1_0.promotion_scope,o1_0.scheduled_delivery_at,o1_0.status,o1_0.subtotal_amount,o1_0.total_amount,o1_0.updated_at,o1_0.user_id,u1_0.id,u1_0.created_at,u1_0.email,u1_0.enabled,u1_0.full_name,u1_0.password_hash,u1_0.profile_completed,u1_0.role,u1_0.updated_at,u1_0.verified_at,ws4_0.id,ws4_0.active,ws4_0.address,ws4_0.area,ws4_0.close_time,ws4_0.contact_email,ws4_0.created_at,ws4_0.description,ws4_0.design_signature,ws4_0.franchise_mood,ws4_0.highlight_summary,ws4_0.hours_text,ws4_0.latitude,ws4_0.longitude,ws4_0.name,ws4_0.open_time,ws4_0.personality,ws4_0.phone_number,ws4_0.position_label,ws4_0.slug,ws4_0.specialty,ws4_0.updated_at from orders o1_0 left join users cbu1_0 on cbu1_0.id=o1_0.confirmed_by_user_id left join stores ws1_0 on ws1_0.id=cbu1_0.working_store_id left join users ds1_0 on ds1_0.id=o1_0.delivering_shipper_id left join stores ws2_0 on ws2_0.id=ds1_0.working_store_id left join users ps1_0 on ps1_0.id=o1_0.preparing_staff_id left join stores ws3_0 on ws3_0.id=ps1_0.working_store_id join users u1_0 on u1_0.id=o1_0.user_id left join stores ws4_0 on ws4_0.id=u1_0.working_store_id where o1_0.id=?
Hibernate: select d1_0.id,d1_0.active,d1_0.available,d1_0.category_id,c1_0.id,c1_0.active,c1_0.created_at,c1_0.description,c1_0.name,c1_0.sort_order,s1_0.id,s1_0.active,s1_0.address,s1_0.area,s1_0.close_time,s1_0.contact_email,s1_0.created_at,s1_0.description,s1_0.design_signature,s1_0.franchise_mood,s1_0.highlight_summary,s1_0.hours_text,s1_0.latitude,s1_0.longitude,s1_0.name,s1_0.open_time,s1_0.personality,s1_0.phone_number,s1_0.position_label,s1_0.slug,s1_0.specialty,s1_0.updated_at,c1_0.updated_at,d1_0.created_at,d1_0.description,d1_0.franchise_note,d1_0.franchise_required,d1_0.highlight_summary,d1_0.name,d1_0.note,d1_0.price,d1_0.status,d1_0.updated_at from dishes d1_0 join categories c1_0 on c1_0.id=d1_0.category_id left join stores s1_0 on s1_0.id=c1_0.store_id where d1_0.id=?
Hibernate: select o1_0.id,o1_0.confirmed_at,cbu1_0.id,cbu1_0.created_at,cbu1_0.email,cbu1_0.enabled,cbu1_0.full_name,cbu1_0.password_hash,cbu1_0.profile_completed,cbu1_0.role,cbu1_0.updated_at,cbu1_0.verified_at,ws1_0.id,ws1_0.active,ws1_0.address,ws1_0.area,ws1_0.close_time,ws1_0.contact_email,ws1_0.created_at,ws1_0.description,ws1_0.design_signature,ws1_0.franchise_mood,ws1_0.highlight_summary,ws1_0.hours_text,ws1_0.latitude,ws1_0.longitude,ws1_0.name,ws1_0.open_time,ws1_0.personality,ws1_0.phone_number,ws1_0.position_label,ws1_0.slug,ws1_0.specialty,ws1_0.updated_at,o1_0.created_at,ds1_0.id,ds1_0.created_at,ds1_0.email,ds1_0.enabled,ds1_0.full_name,ds1_0.password_hash,ds1_0.profile_completed,ds1_0.role,ds1_0.updated_at,ds1_0.verified_at,ws2_0.id,ws2_0.active,ws2_0.address,ws2_0.area,ws2_0.close_time,ws2_0.contact_email,ws2_0.created_at,ws2_0.description,ws2_0.design_signature,ws2_0.franchise_mood,ws2_0.highlight_summary,ws2_0.hours_text,ws2_0.latitude,ws2_0.longitude,ws2_0.name,ws2_0.open_time,ws2_0.personality,ws2_0.phone_number,ws2_0.position_label,ws2_0.slug,ws2_0.specialty,ws2_0.updated_at,o1_0.delivery_address,o1_0.delivery_address_id,o1_0.delivery_full_name,o1_0.delivery_phone_number,o1_0.delivery_proof_captured_at,o1_0.delivery_proof_image_path,o1_0.delivery_proof_note,o1_0.delivery_proof_uploaded_at,o1_0.delivery_type,o1_0.discount_amount,o1_0.invoice_issued_at,o1_0.invoice_number,o1_0.invoice_qr_token,o1_0.paid_at,o1_0.payment_cancel_url,o1_0.payment_checkout_url,o1_0.payment_expires_at,o1_0.payment_link_id,o1_0.payment_provider,o1_0.payment_qr_code,o1_0.payment_reference,o1_0.payment_return_url,o1_0.payment_status,o1_0.payos_order_code,ps1_0.id,ps1_0.created_at,ps1_0.email,ps1_0.enabled,ps1_0.full_name,ps1_0.password_hash,ps1_0.profile_completed,ps1_0.role,ps1_0.updated_at,ps1_0.verified_at,ws3_0.id,ws3_0.active,ws3_0.address,ws3_0.area,ws3_0.close_time,ws3_0.contact_email,ws3_0.created_at,ws3_0.description,ws3_0.design_signature,ws3_0.franchise_mood,ws3_0.highlight_summary,ws3_0.hours_text,ws3_0.latitude,ws3_0.longitude,ws3_0.name,ws3_0.open_time,ws3_0.personality,ws3_0.phone_number,ws3_0.position_label,ws3_0.slug,ws3_0.specialty,ws3_0.updated_at,o1_0.promotion_code,o1_0.promotion_eligible_amount,o1_0.promotion_scope,o1_0.scheduled_delivery_at,o1_0.status,o1_0.subtotal_amount,o1_0.total_amount,o1_0.updated_at,o1_0.user_id,u1_0.id,u1_0.created_at,u1_0.email,u1_0.enabled,u1_0.full_name,u1_0.password_hash,u1_0.profile_completed,u1_0.role,u1_0.updated_at,u1_0.verified_at,ws4_0.id,ws4_0.active,ws4_0.address,ws4_0.area,ws4_0.close_time,ws4_0.contact_email,ws4_0.created_at,ws4_0.description,ws4_0.design_signature,ws4_0.franchise_mood,ws4_0.highlight_summary,ws4_0.hours_text,ws4_0.latitude,ws4_0.longitude,ws4_0.name,ws4_0.open_time,ws4_0.personality,ws4_0.phone_number,ws4_0.position_label,ws4_0.slug,ws4_0.specialty,ws4_0.updated_at from orders o1_0 left join users cbu1_0 on cbu1_0.id=o1_0.confirmed_by_user_id left join stores ws1_0 on ws1_0.id=cbu1_0.working_store_id left join users ds1_0 on ds1_0.id=o1_0.delivering_shipper_id left join stores ws2_0 on ws2_0.id=ds1_0.working_store_id left join users ps1_0 on ps1_0.id=o1_0.preparing_staff_id left join stores ws3_0 on ws3_0.id=ps1_0.working_store_id join users u1_0 on u1_0.id=o1_0.user_id left join stores ws4_0 on ws4_0.id=u1_0.working_store_id where o1_0.id=?
Hibernate: select d1_0.id,d1_0.active,d1_0.available,d1_0.category_id,c1_0.id,c1_0.active,c1_0.created_at,c1_0.description,c1_0.name,c1_0.sort_order,s1_0.id,s1_0.active,s1_0.address,s1_0.area,s1_0.close_time,s1_0.contact_email,s1_0.created_at,s1_0.description,s1_0.design_signature,s1_0.franchise_mood,s1_0.highlight_summary,s1_0.hours_text,s1_0.latitude,s1_0.longitude,s1_0.name,s1_0.open_time,s1_0.personality,s1_0.phone_number,s1_0.position_label,s1_0.slug,s1_0.specialty,s1_0.updated_at,c1_0.updated_at,d1_0.created_at,d1_0.description,d1_0.franchise_note,d1_0.franchise_required,d1_0.highlight_summary,d1_0.name,d1_0.note,d1_0.price,d1_0.status,d1_0.updated_at from dishes d1_0 join categories c1_0 on c1_0.id=d1_0.category_id left join stores s1_0 on s1_0.id=c1_0.store_id where d1_0.id=?
Hibernate: select o1_0.id,o1_0.confirmed_at,cbu1_0.id,cbu1_0.created_at,cbu1_0.email,cbu1_0.enabled,cbu1_0.full_name,cbu1_0.password_hash,cbu1_0.profile_completed,cbu1_0.role,cbu1_0.updated_at,cbu1_0.verified_at,ws1_0.id,ws1_0.active,ws1_0.address,ws1_0.area,ws1_0.close_time,ws1_0.contact_email,ws1_0.created_at,ws1_0.description,ws1_0.design_signature,ws1_0.franchise_mood,ws1_0.highlight_summary,ws1_0.hours_text,ws1_0.latitude,ws1_0.longitude,ws1_0.name,ws1_0.open_time,ws1_0.personality,ws1_0.phone_number,ws1_0.position_label,ws1_0.slug,ws1_0.specialty,ws1_0.updated_at,o1_0.created_at,ds1_0.id,ds1_0.created_at,ds1_0.email,ds1_0.enabled,ds1_0.full_name,ds1_0.password_hash,ds1_0.profile_completed,ds1_0.role,ds1_0.updated_at,ds1_0.verified_at,ws2_0.id,ws2_0.active,ws2_0.address,ws2_0.area,ws2_0.close_time,ws2_0.contact_email,ws2_0.created_at,ws2_0.description,ws2_0.design_signature,ws2_0.franchise_mood,ws2_0.highlight_summary,ws2_0.hours_text,ws2_0.latitude,ws2_0.longitude,ws2_0.name,ws2_0.open_time,ws2_0.personality,ws2_0.phone_number,ws2_0.position_label,ws2_0.slug,ws2_0.specialty,ws2_0.updated_at,o1_0.delivery_address,o1_0.delivery_address_id,o1_0.delivery_full_name,o1_0.delivery_phone_number,o1_0.delivery_proof_captured_at,o1_0.delivery_proof_image_path,o1_0.delivery_proof_note,o1_0.delivery_proof_uploaded_at,o1_0.delivery_type,o1_0.discount_amount,o1_0.invoice_issued_at,o1_0.invoice_number,o1_0.invoice_qr_token,o1_0.paid_at,o1_0.payment_cancel_url,o1_0.payment_checkout_url,o1_0.payment_expires_at,o1_0.payment_link_id,o1_0.payment_provider,o1_0.payment_qr_code,o1_0.payment_reference,o1_0.payment_return_url,o1_0.payment_status,o1_0.payos_order_code,ps1_0.id,ps1_0.created_at,ps1_0.email,ps1_0.enabled,ps1_0.full_name,ps1_0.password_hash,ps1_0.profile_completed,ps1_0.role,ps1_0.updated_at,ps1_0.verified_at,ws3_0.id,ws3_0.active,ws3_0.address,ws3_0.area,ws3_0.close_time,ws3_0.contact_email,ws3_0.created_at,ws3_0.description,ws3_0.design_signature,ws3_0.franchise_mood,ws3_0.highlight_summary,ws3_0.hours_text,ws3_0.latitude,ws3_0.longitude,ws3_0.name,ws3_0.open_time,ws3_0.personality,ws3_0.phone_number,ws3_0.position_label,ws3_0.slug,ws3_0.specialty,ws3_0.updated_at,o1_0.promotion_code,o1_0.promotion_eligible_amount,o1_0.promotion_scope,o1_0.scheduled_delivery_at,o1_0.status,o1_0.subtotal_amount,o1_0.total_amount,o1_0.updated_at,o1_0.user_id,u1_0.id,u1_0.created_at,u1_0.email,u1_0.enabled,u1_0.full_name,u1_0.password_hash,u1_0.profile_completed,u1_0.role,u1_0.updated_at,u1_0.verified_at,ws4_0.id,ws4_0.active,ws4_0.address,ws4_0.area,ws4_0.close_time,ws4_0.contact_email,ws4_0.created_at,ws4_0.description,ws4_0.design_signature,ws4_0.franchise_mood,ws4_0.highlight_summary,ws4_0.hours_text,ws4_0.latitude,ws4_0.longitude,ws4_0.name,ws4_0.open_time,ws4_0.personality,ws4_0.phone_number,ws4_0.position_label,ws4_0.slug,ws4_0.specialty,ws4_0.updated_at from orders o1_0 left join users cbu1_0 on cbu1_0.id=o1_0.confirmed_by_user_id left join stores ws1_0 on ws1_0.id=cbu1_0.working_store_id left join users ds1_0 on ds1_0.id=o1_0.delivering_shipper_id left join stores ws2_0 on ws2_0.id=ds1_0.working_store_id left join users ps1_0 on ps1_0.id=o1_0.preparing_staff_id left join stores ws3_0 on ws3_0.id=ps1_0.working_store_id join users u1_0 on u1_0.id=o1_0.user_id left join stores ws4_0 on ws4_0.id=u1_0.working_store_id where o1_0.id=?
Hibernate: select d1_0.id,d1_0.active,d1_0.available,d1_0.category_id,c1_0.id,c1_0.active,c1_0.created_at,c1_0.description,c1_0.name,c1_0.sort_order,s1_0.id,s1_0.active,s1_0.address,s1_0.area,s1_0.close_time,s1_0.contact_email,s1_0.created_at,s1_0.description,s1_0.design_signature,s1_0.franchise_mood,s1_0.highlight_summary,s1_0.hours_text,s1_0.latitude,s1_0.longitude,s1_0.name,s1_0.open_time,s1_0.personality,s1_0.phone_number,s1_0.position_label,s1_0.slug,s1_0.specialty,s1_0.updated_at,c1_0.updated_at,d1_0.created_at,d1_0.description,d1_0.franchise_note,d1_0.franchise_required,d1_0.highlight_summary,d1_0.name,d1_0.note,d1_0.price,d1_0.status,d1_0.updated_at from dishes d1_0 join categories c1_0 on c1_0.id=d1_0.category_id left join stores s1_0 on s1_0.id=c1_0.store_id where d1_0.id=?
Hibernate: select o1_0.id,o1_0.confirmed_at,cbu1_0.id,cbu1_0.created_at,cbu1_0.email,cbu1_0.enabled,cbu1_0.full_name,cbu1_0.password_hash,cbu1_0.profile_completed,cbu1_0.role,cbu1_0.updated_at,cbu1_0.verified_at,ws1_0.id,ws1_0.active,ws1_0.address,ws1_0.area,ws1_0.close_time,ws1_0.contact_email,ws1_0.created_at,ws1_0.description,ws1_0.design_signature,ws1_0.franchise_mood,ws1_0.highlight_summary,ws1_0.hours_text,ws1_0.latitude,ws1_0.longitude,ws1_0.name,ws1_0.open_time,ws1_0.personality,ws1_0.phone_number,ws1_0.position_label,ws1_0.slug,ws1_0.specialty,ws1_0.updated_at,o1_0.created_at,ds1_0.id,ds1_0.created_at,ds1_0.email,ds1_0.enabled,ds1_0.full_name,ds1_0.password_hash,ds1_0.profile_completed,ds1_0.role,ds1_0.updated_at,ds1_0.verified_at,ws2_0.id,ws2_0.active,ws2_0.address,ws2_0.area,ws2_0.close_time,ws2_0.contact_email,ws2_0.created_at,ws2_0.description,ws2_0.design_signature,ws2_0.franchise_mood,ws2_0.highlight_summary,ws2_0.hours_text,ws2_0.latitude,ws2_0.longitude,ws2_0.name,ws2_0.open_time,ws2_0.personality,ws2_0.phone_number,ws2_0.position_label,ws2_0.slug,ws2_0.specialty,ws2_0.updated_at,o1_0.delivery_address,o1_0.delivery_address_id,o1_0.delivery_full_name,o1_0.delivery_phone_number,o1_0.delivery_proof_captured_at,o1_0.delivery_proof_image_path,o1_0.delivery_proof_note,o1_0.delivery_proof_uploaded_at,o1_0.delivery_type,o1_0.discount_amount,o1_0.invoice_issued_at,o1_0.invoice_number,o1_0.invoice_qr_token,o1_0.paid_at,o1_0.payment_cancel_url,o1_0.payment_checkout_url,o1_0.payment_expires_at,o1_0.payment_link_id,o1_0.payment_provider,o1_0.payment_qr_code,o1_0.payment_reference,o1_0.payment_return_url,o1_0.payment_status,o1_0.payos_order_code,ps1_0.id,ps1_0.created_at,ps1_0.email,ps1_0.enabled,ps1_0.full_name,ps1_0.password_hash,ps1_0.profile_completed,ps1_0.role,ps1_0.updated_at,ps1_0.verified_at,ws3_0.id,ws3_0.active,ws3_0.address,ws3_0.area,ws3_0.close_time,ws3_0.contact_email,ws3_0.created_at,ws3_0.description,ws3_0.design_signature,ws3_0.franchise_mood,ws3_0.highlight_summary,ws3_0.hours_text,ws3_0.latitude,ws3_0.longitude,ws3_0.name,ws3_0.open_time,ws3_0.personality,ws3_0.phone_number,ws3_0.position_label,ws3_0.slug,ws3_0.specialty,ws3_0.updated_at,o1_0.promotion_code,o1_0.promotion_eligible_amount,o1_0.promotion_scope,o1_0.scheduled_delivery_at,o1_0.status,o1_0.subtotal_amount,o1_0.total_amount,o1_0.updated_at,o1_0.user_id,u1_0.id,u1_0.created_at,u1_0.email,u1_0.enabled,u1_0.full_name,u1_0.password_hash,u1_0.profile_completed,u1_0.role,u1_0.updated_at,u1_0.verified_at,ws4_0.id,ws4_0.active,ws4_0.address,ws4_0.area,ws4_0.close_time,ws4_0.contact_email,ws4_0.created_at,ws4_0.description,ws4_0.design_signature,ws4_0.franchise_mood,ws4_0.highlight_summary,ws4_0.hours_text,ws4_0.latitude,ws4_0.longitude,ws4_0.name,ws4_0.open_time,ws4_0.personality,ws4_0.phone_number,ws4_0.position_label,ws4_0.slug,ws4_0.specialty,ws4_0.updated_at from orders o1_0 left join users cbu1_0 on cbu1_0.id=o1_0.confirmed_by_user_id left join stores ws1_0 on ws1_0.id=cbu1_0.working_store_id left join users ds1_0 on ds1_0.id=o1_0.delivering_shipper_id left join stores ws2_0 on ws2_0.id=ds1_0.working_store_id left join users ps1_0 on ps1_0.id=o1_0.preparing_staff_id left join stores ws3_0 on ws3_0.id=ps1_0.working_store_id join users u1_0 on u1_0.id=o1_0.user_id left join stores ws4_0 on ws4_0.id=u1_0.working_store_id where o1_0.id=?
Hibernate: select d1_0.id,d1_0.active,d1_0.available,d1_0.category_id,c1_0.id,c1_0.active,c1_0.created_at,c1_0.description,c1_0.name,c1_0.sort_order,s1_0.id,s1_0.active,s1_0.address,s1_0.area,s1_0.close_time,s1_0.contact_email,s1_0.created_at,s1_0.description,s1_0.design_signature,s1_0.franchise_mood,s1_0.highlight_summary,s1_0.hours_text,s1_0.latitude,s1_0.longitude,s1_0.name,s1_0.open_time,s1_0.personality,s1_0.phone_number,s1_0.position_label,s1_0.slug,s1_0.specialty,s1_0.updated_at,c1_0.updated_at,d1_0.created_at,d1_0.description,d1_0.franchise_note,d1_0.franchise_required,d1_0.highlight_summary,d1_0.name,d1_0.note,d1_0.price,d1_0.status,d1_0.updated_at from dishes d1_0 join categories c1_0 on c1_0.id=d1_0.category_id left join stores s1_0 on s1_0.id=c1_0.store_id where d1_0.id=?
Hibernate: select o1_0.id,o1_0.confirmed_at,cbu1_0.id,cbu1_0.created_at,cbu1_0.email,cbu1_0.enabled,cbu1_0.full_name,cbu1_0.password_hash,cbu1_0.profile_completed,cbu1_0.role,cbu1_0.updated_at,cbu1_0.verified_at,ws1_0.id,ws1_0.active,ws1_0.address,ws1_0.area,ws1_0.close_time,ws1_0.contact_email,ws1_0.created_at,ws1_0.description,ws1_0.design_signature,ws1_0.franchise_mood,ws1_0.highlight_summary,ws1_0.hours_text,ws1_0.latitude,ws1_0.longitude,ws1_0.name,ws1_0.open_time,ws1_0.personality,ws1_0.phone_number,ws1_0.position_label,ws1_0.slug,ws1_0.specialty,ws1_0.updated_at,o1_0.created_at,ds1_0.id,ds1_0.created_at,ds1_0.email,ds1_0.enabled,ds1_0.full_name,ds1_0.password_hash,ds1_0.profile_completed,ds1_0.role,ds1_0.updated_at,ds1_0.verified_at,ws2_0.id,ws2_0.active,ws2_0.address,ws2_0.area,ws2_0.close_time,ws2_0.contact_email,ws2_0.created_at,ws2_0.description,ws2_0.design_signature,ws2_0.franchise_mood,ws2_0.highlight_summary,ws2_0.hours_text,ws2_0.latitude,ws2_0.longitude,ws2_0.name,ws2_0.open_time,ws2_0.personality,ws2_0.phone_number,ws2_0.position_label,ws2_0.slug,ws2_0.specialty,ws2_0.updated_at,o1_0.delivery_address,o1_0.delivery_address_id,o1_0.delivery_full_name,o1_0.delivery_phone_number,o1_0.delivery_proof_captured_at,o1_0.delivery_proof_image_path,o1_0.delivery_proof_note,o1_0.delivery_proof_uploaded_at,o1_0.delivery_type,o1_0.discount_amount,o1_0.invoice_issued_at,o1_0.invoice_number,o1_0.invoice_qr_token,o1_0.paid_at,o1_0.payment_cancel_url,o1_0.payment_checkout_url,o1_0.payment_expires_at,o1_0.payment_link_id,o1_0.payment_provider,o1_0.payment_qr_code,o1_0.payment_reference,o1_0.payment_return_url,o1_0.payment_status,o1_0.payos_order_code,ps1_0.id,ps1_0.created_at,ps1_0.email,ps1_0.enabled,ps1_0.full_name,ps1_0.password_hash,ps1_0.profile_completed,ps1_0.role,ps1_0.updated_at,ps1_0.verified_at,ws3_0.id,ws3_0.active,ws3_0.address,ws3_0.area,ws3_0.close_time,ws3_0.contact_email,ws3_0.created_at,ws3_0.description,ws3_0.design_signature,ws3_0.franchise_mood,ws3_0.highlight_summary,ws3_0.hours_text,ws3_0.latitude,ws3_0.longitude,ws3_0.name,ws3_0.open_time,ws3_0.personality,ws3_0.phone_number,ws3_0.position_label,ws3_0.slug,ws3_0.specialty,ws3_0.updated_at,o1_0.promotion_code,o1_0.promotion_eligible_amount,o1_0.promotion_scope,o1_0.scheduled_delivery_at,o1_0.status,o1_0.subtotal_amount,o1_0.total_amount,o1_0.updated_at,o1_0.user_id,u1_0.id,u1_0.created_at,u1_0.email,u1_0.enabled,u1_0.full_name,u1_0.password_hash,u1_0.profile_completed,u1_0.role,u1_0.updated_at,u1_0.verified_at,ws4_0.id,ws4_0.active,ws4_0.address,ws4_0.area,ws4_0.close_time,ws4_0.contact_email,ws4_0.created_at,ws4_0.description,ws4_0.design_signature,ws4_0.franchise_mood,ws4_0.highlight_summary,ws4_0.hours_text,ws4_0.latitude,ws4_0.longitude,ws4_0.name,ws4_0.open_time,ws4_0.personality,ws4_0.phone_number,ws4_0.position_label,ws4_0.slug,ws4_0.specialty,ws4_0.updated_at from orders o1_0 left join users cbu1_0 on cbu1_0.id=o1_0.confirmed_by_user_id left join stores ws1_0 on ws1_0.id=cbu1_0.working_store_id left join users ds1_0 on ds1_0.id=o1_0.delivering_shipper_id left join stores ws2_0 on ws2_0.id=ds1_0.working_store_id left join users ps1_0 on ps1_0.id=o1_0.preparing_staff_id left join stores ws3_0 on ws3_0.id=ps1_0.working_store_id join users u1_0 on u1_0.id=o1_0.user_id left join stores ws4_0 on ws4_0.id=u1_0.working_store_id where o1_0.id=?
Hibernate: select d1_0.id,d1_0.active,d1_0.available,d1_0.category_id,c1_0.id,c1_0.active,c1_0.created_at,c1_0.description,c1_0.name,c1_0.sort_order,s1_0.id,s1_0.active,s1_0.address,s1_0.area,s1_0.close_time,s1_0.contact_email,s1_0.created_at,s1_0.description,s1_0.design_signature,s1_0.franchise_mood,s1_0.highlight_summary,s1_0.hours_text,s1_0.latitude,s1_0.longitude,s1_0.name,s1_0.open_time,s1_0.personality,s1_0.phone_number,s1_0.position_label,s1_0.slug,s1_0.specialty,s1_0.updated_at,c1_0.updated_at,d1_0.created_at,d1_0.description,d1_0.franchise_note,d1_0.franchise_required,d1_0.highlight_summary,d1_0.name,d1_0.note,d1_0.price,d1_0.status,d1_0.updated_at from dishes d1_0 join categories c1_0 on c1_0.id=d1_0.category_id left join stores s1_0 on s1_0.id=c1_0.store_id where d1_0.id=?
Hibernate: select o1_0.id,o1_0.confirmed_at,cbu1_0.id,cbu1_0.created_at,cbu1_0.email,cbu1_0.enabled,cbu1_0.full_name,cbu1_0.password_hash,cbu1_0.profile_completed,cbu1_0.role,cbu1_0.updated_at,cbu1_0.verified_at,ws1_0.id,ws1_0.active,ws1_0.address,ws1_0.area,ws1_0.close_time,ws1_0.contact_email,ws1_0.created_at,ws1_0.description,ws1_0.design_signature,ws1_0.franchise_mood,ws1_0.highlight_summary,ws1_0.hours_text,ws1_0.latitude,ws1_0.longitude,ws1_0.name,ws1_0.open_time,ws1_0.personality,ws1_0.phone_number,ws1_0.position_label,ws1_0.slug,ws1_0.specialty,ws1_0.updated_at,o1_0.created_at,ds1_0.id,ds1_0.created_at,ds1_0.email,ds1_0.enabled,ds1_0.full_name,ds1_0.password_hash,ds1_0.profile_completed,ds1_0.role,ds1_0.updated_at,ds1_0.verified_at,ws2_0.id,ws2_0.active,ws2_0.address,ws2_0.area,ws2_0.close_time,ws2_0.contact_email,ws2_0.created_at,ws2_0.description,ws2_0.design_signature,ws2_0.franchise_mood,ws2_0.highlight_summary,ws2_0.hours_text,ws2_0.latitude,ws2_0.longitude,ws2_0.name,ws2_0.open_time,ws2_0.personality,ws2_0.phone_number,ws2_0.position_label,ws2_0.slug,ws2_0.specialty,ws2_0.updated_at,o1_0.delivery_address,o1_0.delivery_address_id,o1_0.delivery_full_name,o1_0.delivery_phone_number,o1_0.delivery_proof_captured_at,o1_0.delivery_proof_image_path,o1_0.delivery_proof_note,o1_0.delivery_proof_uploaded_at,o1_0.delivery_type,o1_0.discount_amount,o1_0.invoice_issued_at,o1_0.invoice_number,o1_0.invoice_qr_token,o1_0.paid_at,o1_0.payment_cancel_url,o1_0.payment_checkout_url,o1_0.payment_expires_at,o1_0.payment_link_id,o1_0.payment_provider,o1_0.payment_qr_code,o1_0.payment_reference,o1_0.payment_return_url,o1_0.payment_status,o1_0.payos_order_code,ps1_0.id,ps1_0.created_at,ps1_0.email,ps1_0.enabled,ps1_0.full_name,ps1_0.password_hash,ps1_0.profile_completed,ps1_0.role,ps1_0.updated_at,ps1_0.verified_at,ws3_0.id,ws3_0.active,ws3_0.address,ws3_0.area,ws3_0.close_time,ws3_0.contact_email,ws3_0.created_at,ws3_0.description,ws3_0.design_signature,ws3_0.franchise_mood,ws3_0.highlight_summary,ws3_0.hours_text,ws3_0.latitude,ws3_0.longitude,ws3_0.name,ws3_0.open_time,ws3_0.personality,ws3_0.phone_number,ws3_0.position_label,ws3_0.slug,ws3_0.specialty,ws3_0.updated_at,o1_0.promotion_code,o1_0.promotion_eligible_amount,o1_0.promotion_scope,o1_0.scheduled_delivery_at,o1_0.status,o1_0.subtotal_amount,o1_0.total_amount,o1_0.updated_at,o1_0.user_id,u1_0.id,u1_0.created_at,u1_0.email,u1_0.enabled,u1_0.full_name,u1_0.password_hash,u1_0.profile_completed,u1_0.role,u1_0.updated_at,u1_0.verified_at,ws4_0.id,ws4_0.active,ws4_0.address,ws4_0.area,ws4_0.close_time,ws4_0.contact_email,ws4_0.created_at,ws4_0.description,ws4_0.design_signature,ws4_0.franchise_mood,ws4_0.highlight_summary,ws4_0.hours_text,ws4_0.latitude,ws4_0.longitude,ws4_0.name,ws4_0.open_time,ws4_0.personality,ws4_0.phone_number,ws4_0.position_label,ws4_0.slug,ws4_0.specialty,ws4_0.updated_at from orders o1_0 left join users cbu1_0 on cbu1_0.id=o1_0.confirmed_by_user_id left join stores ws1_0 on ws1_0.id=cbu1_0.working_store_id left join users ds1_0 on ds1_0.id=o1_0.delivering_shipper_id left join stores ws2_0 on ws2_0.id=ds1_0.working_store_id left join users ps1_0 on ps1_0.id=o1_0.preparing_staff_id left join stores ws3_0 on ws3_0.id=ps1_0.working_store_id join users u1_0 on u1_0.id=o1_0.user_id left join stores ws4_0 on ws4_0.id=u1_0.working_store_id where o1_0.id=?
Hibernate: select d1_0.id,d1_0.active,d1_0.available,d1_0.category_id,c1_0.id,c1_0.active,c1_0.created_at,c1_0.description,c1_0.name,c1_0.sort_order,s1_0.id,s1_0.active,s1_0.address,s1_0.area,s1_0.close_time,s1_0.contact_email,s1_0.created_at,s1_0.description,s1_0.design_signature,s1_0.franchise_mood,s1_0.highlight_summary,s1_0.hours_text,s1_0.latitude,s1_0.longitude,s1_0.name,s1_0.open_time,s1_0.personality,s1_0.phone_number,s1_0.position_label,s1_0.slug,s1_0.specialty,s1_0.updated_at,c1_0.updated_at,d1_0.created_at,d1_0.description,d1_0.franchise_note,d1_0.franchise_required,d1_0.highlight_summary,d1_0.name,d1_0.note,d1_0.price,d1_0.status,d1_0.updated_at from dishes d1_0 join categories c1_0 on c1_0.id=d1_0.category_id left join stores s1_0 on s1_0.id=c1_0.store_id where d1_0.id=?
Hibernate: select o1_0.id,o1_0.confirmed_at,cbu1_0.id,cbu1_0.created_at,cbu1_0.email,cbu1_0.enabled,cbu1_0.full_name,cbu1_0.password_hash,cbu1_0.profile_completed,cbu1_0.role,cbu1_0.updated_at,cbu1_0.verified_at,ws1_0.id,ws1_0.active,ws1_0.address,ws1_0.area,ws1_0.close_time,ws1_0.contact_email,ws1_0.created_at,ws1_0.description,ws1_0.design_signature,ws1_0.franchise_mood,ws1_0.highlight_summary,ws1_0.hours_text,ws1_0.latitude,ws1_0.longitude,ws1_0.name,ws1_0.open_time,ws1_0.personality,ws1_0.phone_number,ws1_0.position_label,ws1_0.slug,ws1_0.specialty,ws1_0.updated_at,o1_0.created_at,ds1_0.id,ds1_0.created_at,ds1_0.email,ds1_0.enabled,ds1_0.full_name,ds1_0.password_hash,ds1_0.profile_completed,ds1_0.role,ds1_0.updated_at,ds1_0.verified_at,ws2_0.id,ws2_0.active,ws2_0.address,ws2_0.area,ws2_0.close_time,ws2_0.contact_email,ws2_0.created_at,ws2_0.description,ws2_0.design_signature,ws2_0.franchise_mood,ws2_0.highlight_summary,ws2_0.hours_text,ws2_0.latitude,ws2_0.longitude,ws2_0.name,ws2_0.open_time,ws2_0.personality,ws2_0.phone_number,ws2_0.position_label,ws2_0.slug,ws2_0.specialty,ws2_0.updated_at,o1_0.delivery_address,o1_0.delivery_address_id,o1_0.delivery_full_name,o1_0.delivery_phone_number,o1_0.delivery_proof_captured_at,o1_0.delivery_proof_image_path,o1_0.delivery_proof_note,o1_0.delivery_proof_uploaded_at,o1_0.delivery_type,o1_0.discount_amount,o1_0.invoice_issued_at,o1_0.invoice_number,o1_0.invoice_qr_token,o1_0.paid_at,o1_0.payment_cancel_url,o1_0.payment_checkout_url,o1_0.payment_expires_at,o1_0.payment_link_id,o1_0.payment_provider,o1_0.payment_qr_code,o1_0.payment_reference,o1_0.payment_return_url,o1_0.payment_status,o1_0.payos_order_code,ps1_0.id,ps1_0.created_at,ps1_0.email,ps1_0.enabled,ps1_0.full_name,ps1_0.password_hash,ps1_0.profile_completed,ps1_0.role,ps1_0.updated_at,ps1_0.verified_at,ws3_0.id,ws3_0.active,ws3_0.address,ws3_0.area,ws3_0.close_time,ws3_0.contact_email,ws3_0.created_at,ws3_0.description,ws3_0.design_signature,ws3_0.franchise_mood,ws3_0.highlight_summary,ws3_0.hours_text,ws3_0.latitude,ws3_0.longitude,ws3_0.name,ws3_0.open_time,ws3_0.personality,ws3_0.phone_number,ws3_0.position_label,ws3_0.slug,ws3_0.specialty,ws3_0.updated_at,o1_0.promotion_code,o1_0.promotion_eligible_amount,o1_0.promotion_scope,o1_0.scheduled_delivery_at,o1_0.status,o1_0.subtotal_amount,o1_0.total_amount,o1_0.updated_at,o1_0.user_id,u1_0.id,u1_0.created_at,u1_0.email,u1_0.enabled,u1_0.full_name,u1_0.password_hash,u1_0.profile_completed,u1_0.role,u1_0.updated_at,u1_0.verified_at,ws4_0.id,ws4_0.active,ws4_0.address,ws4_0.area,ws4_0.close_time,ws4_0.contact_email,ws4_0.created_at,ws4_0.description,ws4_0.design_signature,ws4_0.franchise_mood,ws4_0.highlight_summary,ws4_0.hours_text,ws4_0.latitude,ws4_0.longitude,ws4_0.name,ws4_0.open_time,ws4_0.personality,ws4_0.phone_number,ws4_0.position_label,ws4_0.slug,ws4_0.specialty,ws4_0.updated_at from orders o1_0 left join users cbu1_0 on cbu1_0.id=o1_0.confirmed_by_user_id left join stores ws1_0 on ws1_0.id=cbu1_0.working_store_id left join users ds1_0 on ds1_0.id=o1_0.delivering_shipper_id left join stores ws2_0 on ws2_0.id=ds1_0.working_store_id left join users ps1_0 on ps1_0.id=o1_0.preparing_staff_id left join stores ws3_0 on ws3_0.id=ps1_0.working_store_id join users u1_0 on u1_0.id=o1_0.user_id left join stores ws4_0 on ws4_0.id=u1_0.working_store_id where o1_0.id=?
Hibernate: select d1_0.id,d1_0.active,d1_0.available,d1_0.category_id,c1_0.id,c1_0.active,c1_0.created_at,c1_0.description,c1_0.name,c1_0.sort_order,s1_0.id,s1_0.active,s1_0.address,s1_0.area,s1_0.close_time,s1_0.contact_email,s1_0.created_at,s1_0.description,s1_0.design_signature,s1_0.franchise_mood,s1_0.highlight_summary,s1_0.hours_text,s1_0.latitude,s1_0.longitude,s1_0.name,s1_0.open_time,s1_0.personality,s1_0.phone_number,s1_0.position_label,s1_0.slug,s1_0.specialty,s1_0.updated_at,c1_0.updated_at,d1_0.created_at,d1_0.description,d1_0.franchise_note,d1_0.franchise_required,d1_0.highlight_summary,d1_0.name,d1_0.note,d1_0.price,d1_0.status,d1_0.updated_at from dishes d1_0 join categories c1_0 on c1_0.id=d1_0.category_id left join stores s1_0 on s1_0.id=c1_0.store_id where d1_0.id=?
Hibernate: select o1_0.id,o1_0.confirmed_at,cbu1_0.id,cbu1_0.created_at,cbu1_0.email,cbu1_0.enabled,cbu1_0.full_name,cbu1_0.password_hash,cbu1_0.profile_completed,cbu1_0.role,cbu1_0.updated_at,cbu1_0.verified_at,ws1_0.id,ws1_0.active,ws1_0.address,ws1_0.area,ws1_0.close_time,ws1_0.contact_email,ws1_0.created_at,ws1_0.description,ws1_0.design_signature,ws1_0.franchise_mood,ws1_0.highlight_summary,ws1_0.hours_text,ws1_0.latitude,ws1_0.longitude,ws1_0.name,ws1_0.open_time,ws1_0.personality,ws1_0.phone_number,ws1_0.position_label,ws1_0.slug,ws1_0.specialty,ws1_0.updated_at,o1_0.created_at,ds1_0.id,ds1_0.created_at,ds1_0.email,ds1_0.enabled,ds1_0.full_name,ds1_0.password_hash,ds1_0.profile_completed,ds1_0.role,ds1_0.updated_at,ds1_0.verified_at,ws2_0.id,ws2_0.active,ws2_0.address,ws2_0.area,ws2_0.close_time,ws2_0.contact_email,ws2_0.created_at,ws2_0.description,ws2_0.design_signature,ws2_0.franchise_mood,ws2_0.highlight_summary,ws2_0.hours_text,ws2_0.latitude,ws2_0.longitude,ws2_0.name,ws2_0.open_time,ws2_0.personality,ws2_0.phone_number,ws2_0.position_label,ws2_0.slug,ws2_0.specialty,ws2_0.updated_at,o1_0.delivery_address,o1_0.delivery_address_id,o1_0.delivery_full_name,o1_0.delivery_phone_number,o1_0.delivery_proof_captured_at,o1_0.delivery_proof_image_path,o1_0.delivery_proof_note,o1_0.delivery_proof_uploaded_at,o1_0.delivery_type,o1_0.discount_amount,o1_0.invoice_issued_at,o1_0.invoice_number,o1_0.invoice_qr_token,o1_0.paid_at,o1_0.payment_cancel_url,o1_0.payment_checkout_url,o1_0.payment_expires_at,o1_0.payment_link_id,o1_0.payment_provider,o1_0.payment_qr_code,o1_0.payment_reference,o1_0.payment_return_url,o1_0.payment_status,o1_0.payos_order_code,ps1_0.id,ps1_0.created_at,ps1_0.email,ps1_0.enabled,ps1_0.full_name,ps1_0.password_hash,ps1_0.profile_completed,ps1_0.role,ps1_0.updated_at,ps1_0.verified_at,ws3_0.id,ws3_0.active,ws3_0.address,ws3_0.area,ws3_0.close_time,ws3_0.contact_email,ws3_0.created_at,ws3_0.description,ws3_0.design_signature,ws3_0.franchise_mood,ws3_0.highlight_summary,ws3_0.hours_text,ws3_0.latitude,ws3_0.longitude,ws3_0.name,ws3_0.open_time,ws3_0.personality,ws3_0.phone_number,ws3_0.position_label,ws3_0.slug,ws3_0.specialty,ws3_0.updated_at,o1_0.promotion_code,o1_0.promotion_eligible_amount,o1_0.promotion_scope,o1_0.scheduled_delivery_at,o1_0.status,o1_0.subtotal_amount,o1_0.total_amount,o1_0.updated_at,o1_0.user_id,u1_0.id,u1_0.created_at,u1_0.email,u1_0.enabled,u1_0.full_name,u1_0.password_hash,u1_0.profile_completed,u1_0.role,u1_0.updated_at,u1_0.verified_at,ws4_0.id,ws4_0.active,ws4_0.address,ws4_0.area,ws4_0.close_time,ws4_0.contact_email,ws4_0.created_at,ws4_0.description,ws4_0.design_signature,ws4_0.franchise_mood,ws4_0.highlight_summary,ws4_0.hours_text,ws4_0.latitude,ws4_0.longitude,ws4_0.name,ws4_0.open_time,ws4_0.personality,ws4_0.phone_number,ws4_0.position_label,ws4_0.slug,ws4_0.specialty,ws4_0.updated_at from orders o1_0 left join users cbu1_0 on cbu1_0.id=o1_0.confirmed_by_user_id left join stores ws1_0 on ws1_0.id=cbu1_0.working_store_id left join users ds1_0 on ds1_0.id=o1_0.delivering_shipper_id left join stores ws2_0 on ws2_0.id=ds1_0.working_store_id left join users ps1_0 on ps1_0.id=o1_0.preparing_staff_id left join stores ws3_0 on ws3_0.id=ps1_0.working_store_id join users u1_0 on u1_0.id=o1_0.user_id left join stores ws4_0 on ws4_0.id=u1_0.working_store_id where o1_0.id=?
Hibernate: select d1_0.id,d1_0.active,d1_0.available,d1_0.category_id,c1_0.id,c1_0.active,c1_0.created_at,c1_0.description,c1_0.name,c1_0.sort_order,s1_0.id,s1_0.active,s1_0.address,s1_0.area,s1_0.close_time,s1_0.contact_email,s1_0.created_at,s1_0.description,s1_0.design_signature,s1_0.franchise_mood,s1_0.highlight_summary,s1_0.hours_text,s1_0.latitude,s1_0.longitude,s1_0.name,s1_0.open_time,s1_0.personality,s1_0.phone_number,s1_0.position_label,s1_0.slug,s1_0.specialty,s1_0.updated_at,c1_0.updated_at,d1_0.created_at,d1_0.description,d1_0.franchise_note,d1_0.franchise_required,d1_0.highlight_summary,d1_0.name,d1_0.note,d1_0.price,d1_0.status,d1_0.updated_at from dishes d1_0 join categories c1_0 on c1_0.id=d1_0.category_id left join stores s1_0 on s1_0.id=c1_0.store_id where d1_0.id=?
Hibernate: select o1_0.id,o1_0.confirmed_at,cbu1_0.id,cbu1_0.created_at,cbu1_0.email,cbu1_0.enabled,cbu1_0.full_name,cbu1_0.password_hash,cbu1_0.profile_completed,cbu1_0.role,cbu1_0.updated_at,cbu1_0.verified_at,ws1_0.id,ws1_0.active,ws1_0.address,ws1_0.area,ws1_0.close_time,ws1_0.contact_email,ws1_0.created_at,ws1_0.description,ws1_0.design_signature,ws1_0.franchise_mood,ws1_0.highlight_summary,ws1_0.hours_text,ws1_0.latitude,ws1_0.longitude,ws1_0.name,ws1_0.open_time,ws1_0.personality,ws1_0.phone_number,ws1_0.position_label,ws1_0.slug,ws1_0.specialty,ws1_0.updated_at,o1_0.created_at,ds1_0.id,ds1_0.created_at,ds1_0.email,ds1_0.enabled,ds1_0.full_name,ds1_0.password_hash,ds1_0.profile_completed,ds1_0.role,ds1_0.updated_at,ds1_0.verified_at,ws2_0.id,ws2_0.active,ws2_0.address,ws2_0.area,ws2_0.close_time,ws2_0.contact_email,ws2_0.created_at,ws2_0.description,ws2_0.design_signature,ws2_0.franchise_mood,ws2_0.highlight_summary,ws2_0.hours_text,ws2_0.latitude,ws2_0.longitude,ws2_0.name,ws2_0.open_time,ws2_0.personality,ws2_0.phone_number,ws2_0.position_label,ws2_0.slug,ws2_0.specialty,ws2_0.updated_at,o1_0.delivery_address,o1_0.delivery_address_id,o1_0.delivery_full_name,o1_0.delivery_phone_number,o1_0.delivery_proof_captured_at,o1_0.delivery_proof_image_path,o1_0.delivery_proof_note,o1_0.delivery_proof_uploaded_at,o1_0.delivery_type,o1_0.discount_amount,o1_0.invoice_issued_at,o1_0.invoice_number,o1_0.invoice_qr_token,o1_0.paid_at,o1_0.payment_cancel_url,o1_0.payment_checkout_url,o1_0.payment_expires_at,o1_0.payment_link_id,o1_0.payment_provider,o1_0.payment_qr_code,o1_0.payment_reference,o1_0.payment_return_url,o1_0.payment_status,o1_0.payos_order_code,ps1_0.id,ps1_0.created_at,ps1_0.email,ps1_0.enabled,ps1_0.full_name,ps1_0.password_hash,ps1_0.profile_completed,ps1_0.role,ps1_0.updated_at,ps1_0.verified_at,ws3_0.id,ws3_0.active,ws3_0.address,ws3_0.area,ws3_0.close_time,ws3_0.contact_email,ws3_0.created_at,ws3_0.description,ws3_0.design_signature,ws3_0.franchise_mood,ws3_0.highlight_summary,ws3_0.hours_text,ws3_0.latitude,ws3_0.longitude,ws3_0.name,ws3_0.open_time,ws3_0.personality,ws3_0.phone_number,ws3_0.position_label,ws3_0.slug,ws3_0.specialty,ws3_0.updated_at,o1_0.promotion_code,o1_0.promotion_eligible_amount,o1_0.promotion_scope,o1_0.scheduled_delivery_at,o1_0.status,o1_0.subtotal_amount,o1_0.total_amount,o1_0.updated_at,o1_0.user_id,u1_0.id,u1_0.created_at,u1_0.email,u1_0.enabled,u1_0.full_name,u1_0.password_hash,u1_0.profile_completed,u1_0.role,u1_0.updated_at,u1_0.verified_at,ws4_0.id,ws4_0.active,ws4_0.address,ws4_0.area,ws4_0.close_time,ws4_0.contact_email,ws4_0.created_at,ws4_0.description,ws4_0.design_signature,ws4_0.franchise_mood,ws4_0.highlight_summary,ws4_0.hours_text,ws4_0.latitude,ws4_0.longitude,ws4_0.name,ws4_0.open_time,ws4_0.personality,ws4_0.phone_number,ws4_0.position_label,ws4_0.slug,ws4_0.specialty,ws4_0.updated_at from orders o1_0 left join users cbu1_0 on cbu1_0.id=o1_0.confirmed_by_user_id left join stores ws1_0 on ws1_0.id=cbu1_0.working_store_id left join users ds1_0 on ds1_0.id=o1_0.delivering_shipper_id left join stores ws2_0 on ws2_0.id=ds1_0.working_store_id left join users ps1_0 on ps1_0.id=o1_0.preparing_staff_id left join stores ws3_0 on ws3_0.id=ps1_0.working_store_id join users u1_0 on u1_0.id=o1_0.user_id left join stores ws4_0 on ws4_0.id=u1_0.working_store_id where o1_0.id=?
Hibernate: select d1_0.id,d1_0.active,d1_0.available,d1_0.category_id,c1_0.id,c1_0.active,c1_0.created_at,c1_0.description,c1_0.name,c1_0.sort_order,s1_0.id,s1_0.active,s1_0.address,s1_0.area,s1_0.close_time,s1_0.contact_email,s1_0.created_at,s1_0.description,s1_0.design_signature,s1_0.franchise_mood,s1_0.highlight_summary,s1_0.hours_text,s1_0.latitude,s1_0.longitude,s1_0.name,s1_0.open_time,s1_0.personality,s1_0.phone_number,s1_0.position_label,s1_0.slug,s1_0.specialty,s1_0.updated_at,c1_0.updated_at,d1_0.created_at,d1_0.description,d1_0.franchise_note,d1_0.franchise_required,d1_0.highlight_summary,d1_0.name,d1_0.note,d1_0.price,d1_0.status,d1_0.updated_at from dishes d1_0 join categories c1_0 on c1_0.id=d1_0.category_id left join stores s1_0 on s1_0.id=c1_0.store_id where d1_0.id=?
Hibernate: select o1_0.id,o1_0.confirmed_at,cbu1_0.id,cbu1_0.created_at,cbu1_0.email,cbu1_0.enabled,cbu1_0.full_name,cbu1_0.password_hash,cbu1_0.profile_completed,cbu1_0.role,cbu1_0.updated_at,cbu1_0.verified_at,ws1_0.id,ws1_0.active,ws1_0.address,ws1_0.area,ws1_0.close_time,ws1_0.contact_email,ws1_0.created_at,ws1_0.description,ws1_0.design_signature,ws1_0.franchise_mood,ws1_0.highlight_summary,ws1_0.hours_text,ws1_0.latitude,ws1_0.longitude,ws1_0.name,ws1_0.open_time,ws1_0.personality,ws1_0.phone_number,ws1_0.position_label,ws1_0.slug,ws1_0.specialty,ws1_0.updated_at,o1_0.created_at,ds1_0.id,ds1_0.created_at,ds1_0.email,ds1_0.enabled,ds1_0.full_name,ds1_0.password_hash,ds1_0.profile_completed,ds1_0.role,ds1_0.updated_at,ds1_0.verified_at,ws2_0.id,ws2_0.active,ws2_0.address,ws2_0.area,ws2_0.close_time,ws2_0.contact_email,ws2_0.created_at,ws2_0.description,ws2_0.design_signature,ws2_0.franchise_mood,ws2_0.highlight_summary,ws2_0.hours_text,ws2_0.latitude,ws2_0.longitude,ws2_0.name,ws2_0.open_time,ws2_0.personality,ws2_0.phone_number,ws2_0.position_label,ws2_0.slug,ws2_0.specialty,ws2_0.updated_at,o1_0.delivery_address,o1_0.delivery_address_id,o1_0.delivery_full_name,o1_0.delivery_phone_number,o1_0.delivery_proof_captured_at,o1_0.delivery_proof_image_path,o1_0.delivery_proof_note,o1_0.delivery_proof_uploaded_at,o1_0.delivery_type,o1_0.discount_amount,o1_0.invoice_issued_at,o1_0.invoice_number,o1_0.invoice_qr_token,o1_0.paid_at,o1_0.payment_cancel_url,o1_0.payment_checkout_url,o1_0.payment_expires_at,o1_0.payment_link_id,o1_0.payment_provider,o1_0.payment_qr_code,o1_0.payment_reference,o1_0.payment_return_url,o1_0.payment_status,o1_0.payos_order_code,ps1_0.id,ps1_0.created_at,ps1_0.email,ps1_0.enabled,ps1_0.full_name,ps1_0.password_hash,ps1_0.profile_completed,ps1_0.role,ps1_0.updated_at,ps1_0.verified_at,ws3_0.id,ws3_0.active,ws3_0.address,ws3_0.area,ws3_0.close_time,ws3_0.contact_email,ws3_0.created_at,ws3_0.description,ws3_0.design_signature,ws3_0.franchise_mood,ws3_0.highlight_summary,ws3_0.hours_text,ws3_0.latitude,ws3_0.longitude,ws3_0.name,ws3_0.open_time,ws3_0.personality,ws3_0.phone_number,ws3_0.position_label,ws3_0.slug,ws3_0.specialty,ws3_0.updated_at,o1_0.promotion_code,o1_0.promotion_eligible_amount,o1_0.promotion_scope,o1_0.scheduled_delivery_at,o1_0.status,o1_0.subtotal_amount,o1_0.total_amount,o1_0.updated_at,o1_0.user_id,u1_0.id,u1_0.created_at,u1_0.email,u1_0.enabled,u1_0.full_name,u1_0.password_hash,u1_0.profile_completed,u1_0.role,u1_0.updated_at,u1_0.verified_at,ws4_0.id,ws4_0.active,ws4_0.address,ws4_0.area,ws4_0.close_time,ws4_0.contact_email,ws4_0.created_at,ws4_0.description,ws4_0.design_signature,ws4_0.franchise_mood,ws4_0.highlight_summary,ws4_0.hours_text,ws4_0.latitude,ws4_0.longitude,ws4_0.name,ws4_0.open_time,ws4_0.personality,ws4_0.phone_number,ws4_0.position_label,ws4_0.slug,ws4_0.specialty,ws4_0.updated_at from orders o1_0 left join users cbu1_0 on cbu1_0.id=o1_0.confirmed_by_user_id left join stores ws1_0 on ws1_0.id=cbu1_0.working_store_id left join users ds1_0 on ds1_0.id=o1_0.delivering_shipper_id left join stores ws2_0 on ws2_0.id=ds1_0.working_store_id left join users ps1_0 on ps1_0.id=o1_0.preparing_staff_id left join stores ws3_0 on ws3_0.id=ps1_0.working_store_id join users u1_0 on u1_0.id=o1_0.user_id left join stores ws4_0 on ws4_0.id=u1_0.working_store_id where o1_0.id=?
Hibernate: select d1_0.id,d1_0.active,d1_0.available,d1_0.category_id,c1_0.id,c1_0.active,c1_0.created_at,c1_0.description,c1_0.name,c1_0.sort_order,s1_0.id,s1_0.active,s1_0.address,s1_0.area,s1_0.close_time,s1_0.contact_email,s1_0.created_at,s1_0.description,s1_0.design_signature,s1_0.franchise_mood,s1_0.highlight_summary,s1_0.hours_text,s1_0.latitude,s1_0.longitude,s1_0.name,s1_0.open_time,s1_0.personality,s1_0.phone_number,s1_0.position_label,s1_0.slug,s1_0.specialty,s1_0.updated_at,c1_0.updated_at,d1_0.created_at,d1_0.description,d1_0.franchise_note,d1_0.franchise_required,d1_0.highlight_summary,d1_0.name,d1_0.note,d1_0.price,d1_0.status,d1_0.updated_at from dishes d1_0 join categories c1_0 on c1_0.id=d1_0.category_id left join stores s1_0 on s1_0.id=c1_0.store_id where d1_0.id=?
Hibernate: select o1_0.id,o1_0.confirmed_at,cbu1_0.id,cbu1_0.created_at,cbu1_0.email,cbu1_0.enabled,cbu1_0.full_name,cbu1_0.password_hash,cbu1_0.profile_completed,cbu1_0.role,cbu1_0.updated_at,cbu1_0.verified_at,ws1_0.id,ws1_0.active,ws1_0.address,ws1_0.area,ws1_0.close_time,ws1_0.contact_email,ws1_0.created_at,ws1_0.description,ws1_0.design_signature,ws1_0.franchise_mood,ws1_0.highlight_summary,ws1_0.hours_text,ws1_0.latitude,ws1_0.longitude,ws1_0.name,ws1_0.open_time,ws1_0.personality,ws1_0.phone_number,ws1_0.position_label,ws1_0.slug,ws1_0.specialty,ws1_0.updated_at,o1_0.created_at,ds1_0.id,ds1_0.created_at,ds1_0.email,ds1_0.enabled,ds1_0.full_name,ds1_0.password_hash,ds1_0.profile_completed,ds1_0.role,ds1_0.updated_at,ds1_0.verified_at,ws2_0.id,ws2_0.active,ws2_0.address,ws2_0.area,ws2_0.close_time,ws2_0.contact_email,ws2_0.created_at,ws2_0.description,ws2_0.design_signature,ws2_0.franchise_mood,ws2_0.highlight_summary,ws2_0.hours_text,ws2_0.latitude,ws2_0.longitude,ws2_0.name,ws2_0.open_time,ws2_0.personality,ws2_0.phone_number,ws2_0.position_label,ws2_0.slug,ws2_0.specialty,ws2_0.updated_at,o1_0.delivery_address,o1_0.delivery_address_id,o1_0.delivery_full_name,o1_0.delivery_phone_number,o1_0.delivery_proof_captured_at,o1_0.delivery_proof_image_path,o1_0.delivery_proof_note,o1_0.delivery_proof_uploaded_at,o1_0.delivery_type,o1_0.discount_amount,o1_0.invoice_issued_at,o1_0.invoice_number,o1_0.invoice_qr_token,o1_0.paid_at,o1_0.payment_cancel_url,o1_0.payment_checkout_url,o1_0.payment_expires_at,o1_0.payment_link_id,o1_0.payment_provider,o1_0.payment_qr_code,o1_0.payment_reference,o1_0.payment_return_url,o1_0.payment_status,o1_0.payos_order_code,ps1_0.id,ps1_0.created_at,ps1_0.email,ps1_0.enabled,ps1_0.full_name,ps1_0.password_hash,ps1_0.profile_completed,ps1_0.role,ps1_0.updated_at,ps1_0.verified_at,ws3_0.id,ws3_0.active,ws3_0.address,ws3_0.area,ws3_0.close_time,ws3_0.contact_email,ws3_0.created_at,ws3_0.description,ws3_0.design_signature,ws3_0.franchise_mood,ws3_0.highlight_summary,ws3_0.hours_text,ws3_0.latitude,ws3_0.longitude,ws3_0.name,ws3_0.open_time,ws3_0.personality,ws3_0.phone_number,ws3_0.position_label,ws3_0.slug,ws3_0.specialty,ws3_0.updated_at,o1_0.promotion_code,o1_0.promotion_eligible_amount,o1_0.promotion_scope,o1_0.scheduled_delivery_at,o1_0.status,o1_0.subtotal_amount,o1_0.total_amount,o1_0.updated_at,o1_0.user_id,u1_0.id,u1_0.created_at,u1_0.email,u1_0.enabled,u1_0.full_name,u1_0.password_hash,u1_0.profile_completed,u1_0.role,u1_0.updated_at,u1_0.verified_at,ws4_0.id,ws4_0.active,ws4_0.address,ws4_0.area,ws4_0.close_time,ws4_0.contact_email,ws4_0.created_at,ws4_0.description,ws4_0.design_signature,ws4_0.franchise_mood,ws4_0.highlight_summary,ws4_0.hours_text,ws4_0.latitude,ws4_0.longitude,ws4_0.name,ws4_0.open_time,ws4_0.personality,ws4_0.phone_number,ws4_0.position_label,ws4_0.slug,ws4_0.specialty,ws4_0.updated_at from orders o1_0 left join users cbu1_0 on cbu1_0.id=o1_0.confirmed_by_user_id left join stores ws1_0 on ws1_0.id=cbu1_0.working_store_id left join users ds1_0 on ds1_0.id=o1_0.delivering_shipper_id left join stores ws2_0 on ws2_0.id=ds1_0.working_store_id left join users ps1_0 on ps1_0.id=o1_0.preparing_staff_id left join stores ws3_0 on ws3_0.id=ps1_0.working_store_id join users u1_0 on u1_0.id=o1_0.user_id left join stores ws4_0 on ws4_0.id=u1_0.working_store_id where o1_0.id=?
Hibernate: select d1_0.id,d1_0.active,d1_0.available,d1_0.category_id,c1_0.id,c1_0.active,c1_0.created_at,c1_0.description,c1_0.name,c1_0.sort_order,s1_0.id,s1_0.active,s1_0.address,s1_0.area,s1_0.close_time,s1_0.contact_email,s1_0.created_at,s1_0.description,s1_0.design_signature,s1_0.franchise_mood,s1_0.highlight_summary,s1_0.hours_text,s1_0.latitude,s1_0.longitude,s1_0.name,s1_0.open_time,s1_0.personality,s1_0.phone_number,s1_0.position_label,s1_0.slug,s1_0.specialty,s1_0.updated_at,c1_0.updated_at,d1_0.created_at,d1_0.description,d1_0.franchise_note,d1_0.franchise_required,d1_0.highlight_summary,d1_0.name,d1_0.note,d1_0.price,d1_0.status,d1_0.updated_at from dishes d1_0 join categories c1_0 on c1_0.id=d1_0.category_id left join stores s1_0 on s1_0.id=c1_0.store_id where d1_0.id=?
Hibernate: select o1_0.id,o1_0.confirmed_at,cbu1_0.id,cbu1_0.created_at,cbu1_0.email,cbu1_0.enabled,cbu1_0.full_name,cbu1_0.password_hash,cbu1_0.profile_completed,cbu1_0.role,cbu1_0.updated_at,cbu1_0.verified_at,ws1_0.id,ws1_0.active,ws1_0.address,ws1_0.area,ws1_0.close_time,ws1_0.contact_email,ws1_0.created_at,ws1_0.description,ws1_0.design_signature,ws1_0.franchise_mood,ws1_0.highlight_summary,ws1_0.hours_text,ws1_0.latitude,ws1_0.longitude,ws1_0.name,ws1_0.open_time,ws1_0.personality,ws1_0.phone_number,ws1_0.position_label,ws1_0.slug,ws1_0.specialty,ws1_0.updated_at,o1_0.created_at,ds1_0.id,ds1_0.created_at,ds1_0.email,ds1_0.enabled,ds1_0.full_name,ds1_0.password_hash,ds1_0.profile_completed,ds1_0.role,ds1_0.updated_at,ds1_0.verified_at,ws2_0.id,ws2_0.active,ws2_0.address,ws2_0.area,ws2_0.close_time,ws2_0.contact_email,ws2_0.created_at,ws2_0.description,ws2_0.design_signature,ws2_0.franchise_mood,ws2_0.highlight_summary,ws2_0.hours_text,ws2_0.latitude,ws2_0.longitude,ws2_0.name,ws2_0.open_time,ws2_0.personality,ws2_0.phone_number,ws2_0.position_label,ws2_0.slug,ws2_0.specialty,ws2_0.updated_at,o1_0.delivery_address,o1_0.delivery_address_id,o1_0.delivery_full_name,o1_0.delivery_phone_number,o1_0.delivery_proof_captured_at,o1_0.delivery_proof_image_path,o1_0.delivery_proof_note,o1_0.delivery_proof_uploaded_at,o1_0.delivery_type,o1_0.discount_amount,o1_0.invoice_issued_at,o1_0.invoice_number,o1_0.invoice_qr_token,o1_0.paid_at,o1_0.payment_cancel_url,o1_0.payment_checkout_url,o1_0.payment_expires_at,o1_0.payment_link_id,o1_0.payment_provider,o1_0.payment_qr_code,o1_0.payment_reference,o1_0.payment_return_url,o1_0.payment_status,o1_0.payos_order_code,ps1_0.id,ps1_0.created_at,ps1_0.email,ps1_0.enabled,ps1_0.full_name,ps1_0.password_hash,ps1_0.profile_completed,ps1_0.role,ps1_0.updated_at,ps1_0.verified_at,ws3_0.id,ws3_0.active,ws3_0.address,ws3_0.area,ws3_0.close_time,ws3_0.contact_email,ws3_0.created_at,ws3_0.description,ws3_0.design_signature,ws3_0.franchise_mood,ws3_0.highlight_summary,ws3_0.hours_text,ws3_0.latitude,ws3_0.longitude,ws3_0.name,ws3_0.open_time,ws3_0.personality,ws3_0.phone_number,ws3_0.position_label,ws3_0.slug,ws3_0.specialty,ws3_0.updated_at,o1_0.promotion_code,o1_0.promotion_eligible_amount,o1_0.promotion_scope,o1_0.scheduled_delivery_at,o1_0.status,o1_0.subtotal_amount,o1_0.total_amount,o1_0.updated_at,o1_0.user_id,u1_0.id,u1_0.created_at,u1_0.email,u1_0.enabled,u1_0.full_name,u1_0.password_hash,u1_0.profile_completed,u1_0.role,u1_0.updated_at,u1_0.verified_at,ws4_0.id,ws4_0.active,ws4_0.address,ws4_0.area,ws4_0.close_time,ws4_0.contact_email,ws4_0.created_at,ws4_0.description,ws4_0.design_signature,ws4_0.franchise_mood,ws4_0.highlight_summary,ws4_0.hours_text,ws4_0.latitude,ws4_0.longitude,ws4_0.name,ws4_0.open_time,ws4_0.personality,ws4_0.phone_number,ws4_0.position_label,ws4_0.slug,ws4_0.specialty,ws4_0.updated_at from orders o1_0 left join users cbu1_0 on cbu1_0.id=o1_0.confirmed_by_user_id left join stores ws1_0 on ws1_0.id=cbu1_0.working_store_id left join users ds1_0 on ds1_0.id=o1_0.delivering_shipper_id left join stores ws2_0 on ws2_0.id=ds1_0.working_store_id left join users ps1_0 on ps1_0.id=o1_0.preparing_staff_id left join stores ws3_0 on ws3_0.id=ps1_0.working_store_id join users u1_0 on u1_0.id=o1_0.user_id left join stores ws4_0 on ws4_0.id=u1_0.working_store_id where o1_0.id=?
Hibernate: select d1_0.id,d1_0.active,d1_0.available,d1_0.category_id,c1_0.id,c1_0.active,c1_0.created_at,c1_0.description,c1_0.name,c1_0.sort_order,s1_0.id,s1_0.active,s1_0.address,s1_0.area,s1_0.close_time,s1_0.contact_email,s1_0.created_at,s1_0.description,s1_0.design_signature,s1_0.franchise_mood,s1_0.highlight_summary,s1_0.hours_text,s1_0.latitude,s1_0.longitude,s1_0.name,s1_0.open_time,s1_0.personality,s1_0.phone_number,s1_0.position_label,s1_0.slug,s1_0.specialty,s1_0.updated_at,c1_0.updated_at,d1_0.created_at,d1_0.description,d1_0.franchise_note,d1_0.franchise_required,d1_0.highlight_summary,d1_0.name,d1_0.note,d1_0.price,d1_0.status,d1_0.updated_at from dishes d1_0 join categories c1_0 on c1_0.id=d1_0.category_id left join stores s1_0 on s1_0.id=c1_0.store_id where d1_0.id=?
Hibernate: select o1_0.id,o1_0.confirmed_at,cbu1_0.id,cbu1_0.created_at,cbu1_0.email,cbu1_0.enabled,cbu1_0.full_name,cbu1_0.password_hash,cbu1_0.profile_completed,cbu1_0.role,cbu1_0.updated_at,cbu1_0.verified_at,ws1_0.id,ws1_0.active,ws1_0.address,ws1_0.area,ws1_0.close_time,ws1_0.contact_email,ws1_0.created_at,ws1_0.description,ws1_0.design_signature,ws1_0.franchise_mood,ws1_0.highlight_summary,ws1_0.hours_text,ws1_0.latitude,ws1_0.longitude,ws1_0.name,ws1_0.open_time,ws1_0.personality,ws1_0.phone_number,ws1_0.position_label,ws1_0.slug,ws1_0.specialty,ws1_0.updated_at,o1_0.created_at,ds1_0.id,ds1_0.created_at,ds1_0.email,ds1_0.enabled,ds1_0.full_name,ds1_0.password_hash,ds1_0.profile_completed,ds1_0.role,ds1_0.updated_at,ds1_0.verified_at,ws2_0.id,ws2_0.active,ws2_0.address,ws2_0.area,ws2_0.close_time,ws2_0.contact_email,ws2_0.created_at,ws2_0.description,ws2_0.design_signature,ws2_0.franchise_mood,ws2_0.highlight_summary,ws2_0.hours_text,ws2_0.latitude,ws2_0.longitude,ws2_0.name,ws2_0.open_time,ws2_0.personality,ws2_0.phone_number,ws2_0.position_label,ws2_0.slug,ws2_0.specialty,ws2_0.updated_at,o1_0.delivery_address,o1_0.delivery_address_id,o1_0.delivery_full_name,o1_0.delivery_phone_number,o1_0.delivery_proof_captured_at,o1_0.delivery_proof_image_path,o1_0.delivery_proof_note,o1_0.delivery_proof_uploaded_at,o1_0.delivery_type,o1_0.discount_amount,o1_0.invoice_issued_at,o1_0.invoice_number,o1_0.invoice_qr_token,o1_0.paid_at,o1_0.payment_cancel_url,o1_0.payment_checkout_url,o1_0.payment_expires_at,o1_0.payment_link_id,o1_0.payment_provider,o1_0.payment_qr_code,o1_0.payment_reference,o1_0.payment_return_url,o1_0.payment_status,o1_0.payos_order_code,ps1_0.id,ps1_0.created_at,ps1_0.email,ps1_0.enabled,ps1_0.full_name,ps1_0.password_hash,ps1_0.profile_completed,ps1_0.role,ps1_0.updated_at,ps1_0.verified_at,ws3_0.id,ws3_0.active,ws3_0.address,ws3_0.area,ws3_0.close_time,ws3_0.contact_email,ws3_0.created_at,ws3_0.description,ws3_0.design_signature,ws3_0.franchise_mood,ws3_0.highlight_summary,ws3_0.hours_text,ws3_0.latitude,ws3_0.longitude,ws3_0.name,ws3_0.open_time,ws3_0.personality,ws3_0.phone_number,ws3_0.position_label,ws3_0.slug,ws3_0.specialty,ws3_0.updated_at,o1_0.promotion_code,o1_0.promotion_eligible_amount,o1_0.promotion_scope,o1_0.scheduled_delivery_at,o1_0.status,o1_0.subtotal_amount,o1_0.total_amount,o1_0.updated_at,o1_0.user_id,u1_0.id,u1_0.created_at,u1_0.email,u1_0.enabled,u1_0.full_name,u1_0.password_hash,u1_0.profile_completed,u1_0.role,u1_0.updated_at,u1_0.verified_at,ws4_0.id,ws4_0.active,ws4_0.address,ws4_0.area,ws4_0.close_time,ws4_0.contact_email,ws4_0.created_at,ws4_0.description,ws4_0.design_signature,ws4_0.franchise_mood,ws4_0.highlight_summary,ws4_0.hours_text,ws4_0.latitude,ws4_0.longitude,ws4_0.name,ws4_0.open_time,ws4_0.personality,ws4_0.phone_number,ws4_0.position_label,ws4_0.slug,ws4_0.specialty,ws4_0.updated_at from orders o1_0 left join users cbu1_0 on cbu1_0.id=o1_0.confirmed_by_user_id left join stores ws1_0 on ws1_0.id=cbu1_0.working_store_id left join users ds1_0 on ds1_0.id=o1_0.delivering_shipper_id left join stores ws2_0 on ws2_0.id=ds1_0.working_store_id left join users ps1_0 on ps1_0.id=o1_0.preparing_staff_id left join stores ws3_0 on ws3_0.id=ps1_0.working_store_id join users u1_0 on u1_0.id=o1_0.user_id left join stores ws4_0 on ws4_0.id=u1_0.working_store_id where o1_0.id=?
Hibernate: select d1_0.id,d1_0.active,d1_0.available,d1_0.category_id,c1_0.id,c1_0.active,c1_0.created_at,c1_0.description,c1_0.name,c1_0.sort_order,s1_0.id,s1_0.active,s1_0.address,s1_0.area,s1_0.close_time,s1_0.contact_email,s1_0.created_at,s1_0.description,s1_0.design_signature,s1_0.franchise_mood,s1_0.highlight_summary,s1_0.hours_text,s1_0.latitude,s1_0.longitude,s1_0.name,s1_0.open_time,s1_0.personality,s1_0.phone_number,s1_0.position_label,s1_0.slug,s1_0.specialty,s1_0.updated_at,c1_0.updated_at,d1_0.created_at,d1_0.description,d1_0.franchise_note,d1_0.franchise_required,d1_0.highlight_summary,d1_0.name,d1_0.note,d1_0.price,d1_0.status,d1_0.updated_at from dishes d1_0 join categories c1_0 on c1_0.id=d1_0.category_id left join stores s1_0 on s1_0.id=c1_0.store_id where d1_0.id=?
Hibernate: select o1_0.id,o1_0.confirmed_at,cbu1_0.id,cbu1_0.created_at,cbu1_0.email,cbu1_0.enabled,cbu1_0.full_name,cbu1_0.password_hash,cbu1_0.profile_completed,cbu1_0.role,cbu1_0.updated_at,cbu1_0.verified_at,ws1_0.id,ws1_0.active,ws1_0.address,ws1_0.area,ws1_0.close_time,ws1_0.contact_email,ws1_0.created_at,ws1_0.description,ws1_0.design_signature,ws1_0.franchise_mood,ws1_0.highlight_summary,ws1_0.hours_text,ws1_0.latitude,ws1_0.longitude,ws1_0.name,ws1_0.open_time,ws1_0.personality,ws1_0.phone_number,ws1_0.position_label,ws1_0.slug,ws1_0.specialty,ws1_0.updated_at,o1_0.created_at,ds1_0.id,ds1_0.created_at,ds1_0.email,ds1_0.enabled,ds1_0.full_name,ds1_0.password_hash,ds1_0.profile_completed,ds1_0.role,ds1_0.updated_at,ds1_0.verified_at,ws2_0.id,ws2_0.active,ws2_0.address,ws2_0.area,ws2_0.close_time,ws2_0.contact_email,ws2_0.created_at,ws2_0.description,ws2_0.design_signature,ws2_0.franchise_mood,ws2_0.highlight_summary,ws2_0.hours_text,ws2_0.latitude,ws2_0.longitude,ws2_0.name,ws2_0.open_time,ws2_0.personality,ws2_0.phone_number,ws2_0.position_label,ws2_0.slug,ws2_0.specialty,ws2_0.updated_at,o1_0.delivery_address,o1_0.delivery_address_id,o1_0.delivery_full_name,o1_0.delivery_phone_number,o1_0.delivery_proof_captured_at,o1_0.delivery_proof_image_path,o1_0.delivery_proof_note,o1_0.delivery_proof_uploaded_at,o1_0.delivery_type,o1_0.discount_amount,o1_0.invoice_issued_at,o1_0.invoice_number,o1_0.invoice_qr_token,o1_0.paid_at,o1_0.payment_cancel_url,o1_0.payment_checkout_url,o1_0.payment_expires_at,o1_0.payment_link_id,o1_0.payment_provider,o1_0.payment_qr_code,o1_0.payment_reference,o1_0.payment_return_url,o1_0.payment_status,o1_0.payos_order_code,ps1_0.id,ps1_0.created_at,ps1_0.email,ps1_0.enabled,ps1_0.full_name,ps1_0.password_hash,ps1_0.profile_completed,ps1_0.role,ps1_0.updated_at,ps1_0.verified_at,ws3_0.id,ws3_0.active,ws3_0.address,ws3_0.area,ws3_0.close_time,ws3_0.contact_email,ws3_0.created_at,ws3_0.description,ws3_0.design_signature,ws3_0.franchise_mood,ws3_0.highlight_summary,ws3_0.hours_text,ws3_0.latitude,ws3_0.longitude,ws3_0.name,ws3_0.open_time,ws3_0.personality,ws3_0.phone_number,ws3_0.position_label,ws3_0.slug,ws3_0.specialty,ws3_0.updated_at,o1_0.promotion_code,o1_0.promotion_eligible_amount,o1_0.promotion_scope,o1_0.scheduled_delivery_at,o1_0.status,o1_0.subtotal_amount,o1_0.total_amount,o1_0.updated_at,o1_0.user_id,u1_0.id,u1_0.created_at,u1_0.email,u1_0.enabled,u1_0.full_name,u1_0.password_hash,u1_0.profile_completed,u1_0.role,u1_0.updated_at,u1_0.verified_at,ws4_0.id,ws4_0.active,ws4_0.address,ws4_0.area,ws4_0.close_time,ws4_0.contact_email,ws4_0.created_at,ws4_0.description,ws4_0.design_signature,ws4_0.franchise_mood,ws4_0.highlight_summary,ws4_0.hours_text,ws4_0.latitude,ws4_0.longitude,ws4_0.name,ws4_0.open_time,ws4_0.personality,ws4_0.phone_number,ws4_0.position_label,ws4_0.slug,ws4_0.specialty,ws4_0.updated_at from orders o1_0 left join users cbu1_0 on cbu1_0.id=o1_0.confirmed_by_user_id left join stores ws1_0 on ws1_0.id=cbu1_0.working_store_id left join users ds1_0 on ds1_0.id=o1_0.delivering_shipper_id left join stores ws2_0 on ws2_0.id=ds1_0.working_store_id left join users ps1_0 on ps1_0.id=o1_0.preparing_staff_id left join stores ws3_0 on ws3_0.id=ps1_0.working_store_id join users u1_0 on u1_0.id=o1_0.user_id left join stores ws4_0 on ws4_0.id=u1_0.working_store_id where o1_0.id=?
Hibernate: select d1_0.id,d1_0.active,d1_0.available,d1_0.category_id,c1_0.id,c1_0.active,c1_0.created_at,c1_0.description,c1_0.name,c1_0.sort_order,s1_0.id,s1_0.active,s1_0.address,s1_0.area,s1_0.close_time,s1_0.contact_email,s1_0.created_at,s1_0.description,s1_0.design_signature,s1_0.franchise_mood,s1_0.highlight_summary,s1_0.hours_text,s1_0.latitude,s1_0.longitude,s1_0.name,s1_0.open_time,s1_0.personality,s1_0.phone_number,s1_0.position_label,s1_0.slug,s1_0.specialty,s1_0.updated_at,c1_0.updated_at,d1_0.created_at,d1_0.description,d1_0.franchise_note,d1_0.franchise_required,d1_0.highlight_summary,d1_0.name,d1_0.note,d1_0.price,d1_0.status,d1_0.updated_at from dishes d1_0 join categories c1_0 on c1_0.id=d1_0.category_id left join stores s1_0 on s1_0.id=c1_0.store_id where d1_0.id=?
Hibernate: select o1_0.id,o1_0.confirmed_at,cbu1_0.id,cbu1_0.created_at,cbu1_0.email,cbu1_0.enabled,cbu1_0.full_name,cbu1_0.password_hash,cbu1_0.profile_completed,cbu1_0.role,cbu1_0.updated_at,cbu1_0.verified_at,ws1_0.id,ws1_0.active,ws1_0.address,ws1_0.area,ws1_0.close_time,ws1_0.contact_email,ws1_0.created_at,ws1_0.description,ws1_0.design_signature,ws1_0.franchise_mood,ws1_0.highlight_summary,ws1_0.hours_text,ws1_0.latitude,ws1_0.longitude,ws1_0.name,ws1_0.open_time,ws1_0.personality,ws1_0.phone_number,ws1_0.position_label,ws1_0.slug,ws1_0.specialty,ws1_0.updated_at,o1_0.created_at,ds1_0.id,ds1_0.created_at,ds1_0.email,ds1_0.enabled,ds1_0.full_name,ds1_0.password_hash,ds1_0.profile_completed,ds1_0.role,ds1_0.updated_at,ds1_0.verified_at,ws2_0.id,ws2_0.active,ws2_0.address,ws2_0.area,ws2_0.close_time,ws2_0.contact_email,ws2_0.created_at,ws2_0.description,ws2_0.design_signature,ws2_0.franchise_mood,ws2_0.highlight_summary,ws2_0.hours_text,ws2_0.latitude,ws2_0.longitude,ws2_0.name,ws2_0.open_time,ws2_0.personality,ws2_0.phone_number,ws2_0.position_label,ws2_0.slug,ws2_0.specialty,ws2_0.updated_at,o1_0.delivery_address,o1_0.delivery_address_id,o1_0.delivery_full_name,o1_0.delivery_phone_number,o1_0.delivery_proof_captured_at,o1_0.delivery_proof_image_path,o1_0.delivery_proof_note,o1_0.delivery_proof_uploaded_at,o1_0.delivery_type,o1_0.discount_amount,o1_0.invoice_issued_at,o1_0.invoice_number,o1_0.invoice_qr_token,o1_0.paid_at,o1_0.payment_cancel_url,o1_0.payment_checkout_url,o1_0.payment_expires_at,o1_0.payment_link_id,o1_0.payment_provider,o1_0.payment_qr_code,o1_0.payment_reference,o1_0.payment_return_url,o1_0.payment_status,o1_0.payos_order_code,ps1_0.id,ps1_0.created_at,ps1_0.email,ps1_0.enabled,ps1_0.full_name,ps1_0.password_hash,ps1_0.profile_completed,ps1_0.role,ps1_0.updated_at,ps1_0.verified_at,ws3_0.id,ws3_0.active,ws3_0.address,ws3_0.area,ws3_0.close_time,ws3_0.contact_email,ws3_0.created_at,ws3_0.description,ws3_0.design_signature,ws3_0.franchise_mood,ws3_0.highlight_summary,ws3_0.hours_text,ws3_0.latitude,ws3_0.longitude,ws3_0.name,ws3_0.open_time,ws3_0.personality,ws3_0.phone_number,ws3_0.position_label,ws3_0.slug,ws3_0.specialty,ws3_0.updated_at,o1_0.promotion_code,o1_0.promotion_eligible_amount,o1_0.promotion_scope,o1_0.scheduled_delivery_at,o1_0.status,o1_0.subtotal_amount,o1_0.total_amount,o1_0.updated_at,o1_0.user_id,u1_0.id,u1_0.created_at,u1_0.email,u1_0.enabled,u1_0.full_name,u1_0.password_hash,u1_0.profile_completed,u1_0.role,u1_0.updated_at,u1_0.verified_at,ws4_0.id,ws4_0.active,ws4_0.address,ws4_0.area,ws4_0.close_time,ws4_0.contact_email,ws4_0.created_at,ws4_0.description,ws4_0.design_signature,ws4_0.franchise_mood,ws4_0.highlight_summary,ws4_0.hours_text,ws4_0.latitude,ws4_0.longitude,ws4_0.name,ws4_0.open_time,ws4_0.personality,ws4_0.phone_number,ws4_0.position_label,ws4_0.slug,ws4_0.specialty,ws4_0.updated_at from orders o1_0 left join users cbu1_0 on cbu1_0.id=o1_0.confirmed_by_user_id left join stores ws1_0 on ws1_0.id=cbu1_0.working_store_id left join users ds1_0 on ds1_0.id=o1_0.delivering_shipper_id left join stores ws2_0 on ws2_0.id=ds1_0.working_store_id left join users ps1_0 on ps1_0.id=o1_0.preparing_staff_id left join stores ws3_0 on ws3_0.id=ps1_0.working_store_id join users u1_0 on u1_0.id=o1_0.user_id left join stores ws4_0 on ws4_0.id=u1_0.working_store_id where o1_0.id=?
Hibernate: select d1_0.id,d1_0.active,d1_0.available,d1_0.category_id,c1_0.id,c1_0.active,c1_0.created_at,c1_0.description,c1_0.name,c1_0.sort_order,s1_0.id,s1_0.active,s1_0.address,s1_0.area,s1_0.close_time,s1_0.contact_email,s1_0.created_at,s1_0.description,s1_0.design_signature,s1_0.franchise_mood,s1_0.highlight_summary,s1_0.hours_text,s1_0.latitude,s1_0.longitude,s1_0.name,s1_0.open_time,s1_0.personality,s1_0.phone_number,s1_0.position_label,s1_0.slug,s1_0.specialty,s1_0.updated_at,c1_0.updated_at,d1_0.created_at,d1_0.description,d1_0.franchise_note,d1_0.franchise_required,d1_0.highlight_summary,d1_0.name,d1_0.note,d1_0.price,d1_0.status,d1_0.updated_at from dishes d1_0 join categories c1_0 on c1_0.id=d1_0.category_id left join stores s1_0 on s1_0.id=c1_0.store_id where d1_0.id=?
Hibernate: select o1_0.id,o1_0.confirmed_at,cbu1_0.id,cbu1_0.created_at,cbu1_0.email,cbu1_0.enabled,cbu1_0.full_name,cbu1_0.password_hash,cbu1_0.profile_completed,cbu1_0.role,cbu1_0.updated_at,cbu1_0.verified_at,ws1_0.id,ws1_0.active,ws1_0.address,ws1_0.area,ws1_0.close_time,ws1_0.contact_email,ws1_0.created_at,ws1_0.description,ws1_0.design_signature,ws1_0.franchise_mood,ws1_0.highlight_summary,ws1_0.hours_text,ws1_0.latitude,ws1_0.longitude,ws1_0.name,ws1_0.open_time,ws1_0.personality,ws1_0.phone_number,ws1_0.position_label,ws1_0.slug,ws1_0.specialty,ws1_0.updated_at,o1_0.created_at,ds1_0.id,ds1_0.created_at,ds1_0.email,ds1_0.enabled,ds1_0.full_name,ds1_0.password_hash,ds1_0.profile_completed,ds1_0.role,ds1_0.updated_at,ds1_0.verified_at,ws2_0.id,ws2_0.active,ws2_0.address,ws2_0.area,ws2_0.close_time,ws2_0.contact_email,ws2_0.created_at,ws2_0.description,ws2_0.design_signature,ws2_0.franchise_mood,ws2_0.highlight_summary,ws2_0.hours_text,ws2_0.latitude,ws2_0.longitude,ws2_0.name,ws2_0.open_time,ws2_0.personality,ws2_0.phone_number,ws2_0.position_label,ws2_0.slug,ws2_0.specialty,ws2_0.updated_at,o1_0.delivery_address,o1_0.delivery_address_id,o1_0.delivery_full_name,o1_0.delivery_phone_number,o1_0.delivery_proof_captured_at,o1_0.delivery_proof_image_path,o1_0.delivery_proof_note,o1_0.delivery_proof_uploaded_at,o1_0.delivery_type,o1_0.discount_amount,o1_0.invoice_issued_at,o1_0.invoice_number,o1_0.invoice_qr_token,o1_0.paid_at,o1_0.payment_cancel_url,o1_0.payment_checkout_url,o1_0.payment_expires_at,o1_0.payment_link_id,o1_0.payment_provider,o1_0.payment_qr_code,o1_0.payment_reference,o1_0.payment_return_url,o1_0.payment_status,o1_0.payos_order_code,ps1_0.id,ps1_0.created_at,ps1_0.email,ps1_0.enabled,ps1_0.full_name,ps1_0.password_hash,ps1_0.profile_completed,ps1_0.role,ps1_0.updated_at,ps1_0.verified_at,ws3_0.id,ws3_0.active,ws3_0.address,ws3_0.area,ws3_0.close_time,ws3_0.contact_email,ws3_0.created_at,ws3_0.description,ws3_0.design_signature,ws3_0.franchise_mood,ws3_0.highlight_summary,ws3_0.hours_text,ws3_0.latitude,ws3_0.longitude,ws3_0.name,ws3_0.open_time,ws3_0.personality,ws3_0.phone_number,ws3_0.position_label,ws3_0.slug,ws3_0.specialty,ws3_0.updated_at,o1_0.promotion_code,o1_0.promotion_eligible_amount,o1_0.promotion_scope,o1_0.scheduled_delivery_at,o1_0.status,o1_0.subtotal_amount,o1_0.total_amount,o1_0.updated_at,o1_0.user_id,u1_0.id,u1_0.created_at,u1_0.email,u1_0.enabled,u1_0.full_name,u1_0.password_hash,u1_0.profile_completed,u1_0.role,u1_0.updated_at,u1_0.verified_at,ws4_0.id,ws4_0.active,ws4_0.address,ws4_0.area,ws4_0.close_time,ws4_0.contact_email,ws4_0.created_at,ws4_0.description,ws4_0.design_signature,ws4_0.franchise_mood,ws4_0.highlight_summary,ws4_0.hours_text,ws4_0.latitude,ws4_0.longitude,ws4_0.name,ws4_0.open_time,ws4_0.personality,ws4_0.phone_number,ws4_0.position_label,ws4_0.slug,ws4_0.specialty,ws4_0.updated_at from orders o1_0 left join users cbu1_0 on cbu1_0.id=o1_0.confirmed_by_user_id left join stores ws1_0 on ws1_0.id=cbu1_0.working_store_id left join users ds1_0 on ds1_0.id=o1_0.delivering_shipper_id left join stores ws2_0 on ws2_0.id=ds1_0.working_store_id left join users ps1_0 on ps1_0.id=o1_0.preparing_staff_id left join stores ws3_0 on ws3_0.id=ps1_0.working_store_id join users u1_0 on u1_0.id=o1_0.user_id left join stores ws4_0 on ws4_0.id=u1_0.working_store_id where o1_0.id=?
Hibernate: select d1_0.id,d1_0.active,d1_0.available,d1_0.category_id,c1_0.id,c1_0.active,c1_0.created_at,c1_0.description,c1_0.name,c1_0.sort_order,s1_0.id,s1_0.active,s1_0.address,s1_0.area,s1_0.close_time,s1_0.contact_email,s1_0.created_at,s1_0.description,s1_0.design_signature,s1_0.franchise_mood,s1_0.highlight_summary,s1_0.hours_text,s1_0.latitude,s1_0.longitude,s1_0.name,s1_0.open_time,s1_0.personality,s1_0.phone_number,s1_0.position_label,s1_0.slug,s1_0.specialty,s1_0.updated_at,c1_0.updated_at,d1_0.created_at,d1_0.description,d1_0.franchise_note,d1_0.franchise_required,d1_0.highlight_summary,d1_0.name,d1_0.note,d1_0.price,d1_0.status,d1_0.updated_at from dishes d1_0 join categories c1_0 on c1_0.id=d1_0.category_id left join stores s1_0 on s1_0.id=c1_0.store_id where d1_0.id=?
Hibernate: select o1_0.id,o1_0.confirmed_at,cbu1_0.id,cbu1_0.created_at,cbu1_0.email,cbu1_0.enabled,cbu1_0.full_name,cbu1_0.password_hash,cbu1_0.profile_completed,cbu1_0.role,cbu1_0.updated_at,cbu1_0.verified_at,ws1_0.id,ws1_0.active,ws1_0.address,ws1_0.area,ws1_0.close_time,ws1_0.contact_email,ws1_0.created_at,ws1_0.description,ws1_0.design_signature,ws1_0.franchise_mood,ws1_0.highlight_summary,ws1_0.hours_text,ws1_0.latitude,ws1_0.longitude,ws1_0.name,ws1_0.open_time,ws1_0.personality,ws1_0.phone_number,ws1_0.position_label,ws1_0.slug,ws1_0.specialty,ws1_0.updated_at,o1_0.created_at,ds1_0.id,ds1_0.created_at,ds1_0.email,ds1_0.enabled,ds1_0.full_name,ds1_0.password_hash,ds1_0.profile_completed,ds1_0.role,ds1_0.updated_at,ds1_0.verified_at,ws2_0.id,ws2_0.active,ws2_0.address,ws2_0.area,ws2_0.close_time,ws2_0.contact_email,ws2_0.created_at,ws2_0.description,ws2_0.design_signature,ws2_0.franchise_mood,ws2_0.highlight_summary,ws2_0.hours_text,ws2_0.latitude,ws2_0.longitude,ws2_0.name,ws2_0.open_time,ws2_0.personality,ws2_0.phone_number,ws2_0.position_label,ws2_0.slug,ws2_0.specialty,ws2_0.updated_at,o1_0.delivery_address,o1_0.delivery_address_id,o1_0.delivery_full_name,o1_0.delivery_phone_number,o1_0.delivery_proof_captured_at,o1_0.delivery_proof_image_path,o1_0.delivery_proof_note,o1_0.delivery_proof_uploaded_at,o1_0.delivery_type,o1_0.discount_amount,o1_0.invoice_issued_at,o1_0.invoice_number,o1_0.invoice_qr_token,o1_0.paid_at,o1_0.payment_cancel_url,o1_0.payment_checkout_url,o1_0.payment_expires_at,o1_0.payment_link_id,o1_0.payment_provider,o1_0.payment_qr_code,o1_0.payment_reference,o1_0.payment_return_url,o1_0.payment_status,o1_0.payos_order_code,ps1_0.id,ps1_0.created_at,ps1_0.email,ps1_0.enabled,ps1_0.full_name,ps1_0.password_hash,ps1_0.profile_completed,ps1_0.role,ps1_0.updated_at,ps1_0.verified_at,ws3_0.id,ws3_0.active,ws3_0.address,ws3_0.area,ws3_0.close_time,ws3_0.contact_email,ws3_0.created_at,ws3_0.description,ws3_0.design_signature,ws3_0.franchise_mood,ws3_0.highlight_summary,ws3_0.hours_text,ws3_0.latitude,ws3_0.longitude,ws3_0.name,ws3_0.open_time,ws3_0.personality,ws3_0.phone_number,ws3_0.position_label,ws3_0.slug,ws3_0.specialty,ws3_0.updated_at,o1_0.promotion_code,o1_0.promotion_eligible_amount,o1_0.promotion_scope,o1_0.scheduled_delivery_at,o1_0.status,o1_0.subtotal_amount,o1_0.total_amount,o1_0.updated_at,o1_0.user_id,u1_0.id,u1_0.created_at,u1_0.email,u1_0.enabled,u1_0.full_name,u1_0.password_hash,u1_0.profile_completed,u1_0.role,u1_0.updated_at,u1_0.verified_at,ws4_0.id,ws4_0.active,ws4_0.address,ws4_0.area,ws4_0.close_time,ws4_0.contact_email,ws4_0.created_at,ws4_0.description,ws4_0.design_signature,ws4_0.franchise_mood,ws4_0.highlight_summary,ws4_0.hours_text,ws4_0.latitude,ws4_0.longitude,ws4_0.name,ws4_0.open_time,ws4_0.personality,ws4_0.phone_number,ws4_0.position_label,ws4_0.slug,ws4_0.specialty,ws4_0.updated_at from orders o1_0 left join users cbu1_0 on cbu1_0.id=o1_0.confirmed_by_user_id left join stores ws1_0 on ws1_0.id=cbu1_0.working_store_id left join users ds1_0 on ds1_0.id=o1_0.delivering_shipper_id left join stores ws2_0 on ws2_0.id=ds1_0.working_store_id left join users ps1_0 on ps1_0.id=o1_0.preparing_staff_id left join stores ws3_0 on ws3_0.id=ps1_0.working_store_id join users u1_0 on u1_0.id=o1_0.user_id left join stores ws4_0 on ws4_0.id=u1_0.working_store_id where o1_0.id=?
Hibernate: select o1_0.id,o1_0.confirmed_at,cbu1_0.id,cbu1_0.created_at,cbu1_0.email,cbu1_0.enabled,cbu1_0.full_name,cbu1_0.password_hash,cbu1_0.profile_completed,cbu1_0.role,cbu1_0.updated_at,cbu1_0.verified_at,ws1_0.id,ws1_0.active,ws1_0.address,ws1_0.area,ws1_0.close_time,ws1_0.contact_email,ws1_0.created_at,ws1_0.description,ws1_0.design_signature,ws1_0.franchise_mood,ws1_0.highlight_summary,ws1_0.hours_text,ws1_0.latitude,ws1_0.longitude,ws1_0.name,ws1_0.open_time,ws1_0.personality,ws1_0.phone_number,ws1_0.position_label,ws1_0.slug,ws1_0.specialty,ws1_0.updated_at,o1_0.created_at,ds1_0.id,ds1_0.created_at,ds1_0.email,ds1_0.enabled,ds1_0.full_name,ds1_0.password_hash,ds1_0.profile_completed,ds1_0.role,ds1_0.updated_at,ds1_0.verified_at,ws2_0.id,ws2_0.active,ws2_0.address,ws2_0.area,ws2_0.close_time,ws2_0.contact_email,ws2_0.created_at,ws2_0.description,ws2_0.design_signature,ws2_0.franchise_mood,ws2_0.highlight_summary,ws2_0.hours_text,ws2_0.latitude,ws2_0.longitude,ws2_0.name,ws2_0.open_time,ws2_0.personality,ws2_0.phone_number,ws2_0.position_label,ws2_0.slug,ws2_0.specialty,ws2_0.updated_at,o1_0.delivery_address,o1_0.delivery_address_id,o1_0.delivery_full_name,o1_0.delivery_phone_number,o1_0.delivery_proof_captured_at,o1_0.delivery_proof_image_path,o1_0.delivery_proof_note,o1_0.delivery_proof_uploaded_at,o1_0.delivery_type,o1_0.discount_amount,o1_0.invoice_issued_at,o1_0.invoice_number,o1_0.invoice_qr_token,o1_0.paid_at,o1_0.payment_cancel_url,o1_0.payment_checkout_url,o1_0.payment_expires_at,o1_0.payment_link_id,o1_0.payment_provider,o1_0.payment_qr_code,o1_0.payment_reference,o1_0.payment_return_url,o1_0.payment_status,o1_0.payos_order_code,ps1_0.id,ps1_0.created_at,ps1_0.email,ps1_0.enabled,ps1_0.full_name,ps1_0.password_hash,ps1_0.profile_completed,ps1_0.role,ps1_0.updated_at,ps1_0.verified_at,ws3_0.id,ws3_0.active,ws3_0.address,ws3_0.area,ws3_0.close_time,ws3_0.contact_email,ws3_0.created_at,ws3_0.description,ws3_0.design_signature,ws3_0.franchise_mood,ws3_0.highlight_summary,ws3_0.hours_text,ws3_0.latitude,ws3_0.longitude,ws3_0.name,ws3_0.open_time,ws3_0.personality,ws3_0.phone_number,ws3_0.position_label,ws3_0.slug,ws3_0.specialty,ws3_0.updated_at,o1_0.promotion_code,o1_0.promotion_eligible_amount,o1_0.promotion_scope,o1_0.scheduled_delivery_at,o1_0.status,o1_0.subtotal_amount,o1_0.total_amount,o1_0.updated_at,o1_0.user_id,u1_0.id,u1_0.created_at,u1_0.email,u1_0.enabled,u1_0.full_name,u1_0.password_hash,u1_0.profile_completed,u1_0.role,u1_0.updated_at,u1_0.verified_at,ws4_0.id,ws4_0.active,ws4_0.address,ws4_0.area,ws4_0.close_time,ws4_0.contact_email,ws4_0.created_at,ws4_0.description,ws4_0.design_signature,ws4_0.franchise_mood,ws4_0.highlight_summary,ws4_0.hours_text,ws4_0.latitude,ws4_0.longitude,ws4_0.name,ws4_0.open_time,ws4_0.personality,ws4_0.phone_number,ws4_0.position_label,ws4_0.slug,ws4_0.specialty,ws4_0.updated_at from orders o1_0 left join users cbu1_0 on cbu1_0.id=o1_0.confirmed_by_user_id left join stores ws1_0 on ws1_0.id=cbu1_0.working_store_id left join users ds1_0 on ds1_0.id=o1_0.delivering_shipper_id left join stores ws2_0 on ws2_0.id=ds1_0.working_store_id left join users ps1_0 on ps1_0.id=o1_0.preparing_staff_id left join stores ws3_0 on ws3_0.id=ps1_0.working_store_id join users u1_0 on u1_0.id=o1_0.user_id left join stores ws4_0 on ws4_0.id=u1_0.working_store_id where o1_0.id=?
Hibernate: select o1_0.id,o1_0.confirmed_at,cbu1_0.id,cbu1_0.created_at,cbu1_0.email,cbu1_0.enabled,cbu1_0.full_name,cbu1_0.password_hash,cbu1_0.profile_completed,cbu1_0.role,cbu1_0.updated_at,cbu1_0.verified_at,ws1_0.id,ws1_0.active,ws1_0.address,ws1_0.area,ws1_0.close_time,ws1_0.contact_email,ws1_0.created_at,ws1_0.description,ws1_0.design_signature,ws1_0.franchise_mood,ws1_0.highlight_summary,ws1_0.hours_text,ws1_0.latitude,ws1_0.longitude,ws1_0.name,ws1_0.open_time,ws1_0.personality,ws1_0.phone_number,ws1_0.position_label,ws1_0.slug,ws1_0.specialty,ws1_0.updated_at,o1_0.created_at,ds1_0.id,ds1_0.created_at,ds1_0.email,ds1_0.enabled,ds1_0.full_name,ds1_0.password_hash,ds1_0.profile_completed,ds1_0.role,ds1_0.updated_at,ds1_0.verified_at,ws2_0.id,ws2_0.active,ws2_0.address,ws2_0.area,ws2_0.close_time,ws2_0.contact_email,ws2_0.created_at,ws2_0.description,ws2_0.design_signature,ws2_0.franchise_mood,ws2_0.highlight_summary,ws2_0.hours_text,ws2_0.latitude,ws2_0.longitude,ws2_0.name,ws2_0.open_time,ws2_0.personality,ws2_0.phone_number,ws2_0.position_label,ws2_0.slug,ws2_0.specialty,ws2_0.updated_at,o1_0.delivery_address,o1_0.delivery_address_id,o1_0.delivery_full_name,o1_0.delivery_phone_number,o1_0.delivery_proof_captured_at,o1_0.delivery_proof_image_path,o1_0.delivery_proof_note,o1_0.delivery_proof_uploaded_at,o1_0.delivery_type,o1_0.discount_amount,o1_0.invoice_issued_at,o1_0.invoice_number,o1_0.invoice_qr_token,o1_0.paid_at,o1_0.payment_cancel_url,o1_0.payment_checkout_url,o1_0.payment_expires_at,o1_0.payment_link_id,o1_0.payment_provider,o1_0.payment_qr_code,o1_0.payment_reference,o1_0.payment_return_url,o1_0.payment_status,o1_0.payos_order_code,ps1_0.id,ps1_0.created_at,ps1_0.email,ps1_0.enabled,ps1_0.full_name,ps1_0.password_hash,ps1_0.profile_completed,ps1_0.role,ps1_0.updated_at,ps1_0.verified_at,ws3_0.id,ws3_0.active,ws3_0.address,ws3_0.area,ws3_0.close_time,ws3_0.contact_email,ws3_0.created_at,ws3_0.description,ws3_0.design_signature,ws3_0.franchise_mood,ws3_0.highlight_summary,ws3_0.hours_text,ws3_0.latitude,ws3_0.longitude,ws3_0.name,ws3_0.open_time,ws3_0.personality,ws3_0.phone_number,ws3_0.position_label,ws3_0.slug,ws3_0.specialty,ws3_0.updated_at,o1_0.promotion_code,o1_0.promotion_eligible_amount,o1_0.promotion_scope,o1_0.scheduled_delivery_at,o1_0.status,o1_0.subtotal_amount,o1_0.total_amount,o1_0.updated_at,o1_0.user_id,u1_0.id,u1_0.created_at,u1_0.email,u1_0.enabled,u1_0.full_name,u1_0.password_hash,u1_0.profile_completed,u1_0.role,u1_0.updated_at,u1_0.verified_at,ws4_0.id,ws4_0.active,ws4_0.address,ws4_0.area,ws4_0.close_time,ws4_0.contact_email,ws4_0.created_at,ws4_0.description,ws4_0.design_signature,ws4_0.franchise_mood,ws4_0.highlight_summary,ws4_0.hours_text,ws4_0.latitude,ws4_0.longitude,ws4_0.name,ws4_0.open_time,ws4_0.personality,ws4_0.phone_number,ws4_0.position_label,ws4_0.slug,ws4_0.specialty,ws4_0.updated_at from orders o1_0 left join users cbu1_0 on cbu1_0.id=o1_0.confirmed_by_user_id left join stores ws1_0 on ws1_0.id=cbu1_0.working_store_id left join users ds1_0 on ds1_0.id=o1_0.delivering_shipper_id left join stores ws2_0 on ws2_0.id=ds1_0.working_store_id left join users ps1_0 on ps1_0.id=o1_0.preparing_staff_id left join stores ws3_0 on ws3_0.id=ps1_0.working_store_id join users u1_0 on u1_0.id=o1_0.user_id left join stores ws4_0 on ws4_0.id=u1_0.working_store_id where o1_0.id=?
Hibernate: select o1_0.id,o1_0.confirmed_at,cbu1_0.id,cbu1_0.created_at,cbu1_0.email,cbu1_0.enabled,cbu1_0.full_name,cbu1_0.password_hash,cbu1_0.profile_completed,cbu1_0.role,cbu1_0.updated_at,cbu1_0.verified_at,ws1_0.id,ws1_0.active,ws1_0.address,ws1_0.area,ws1_0.close_time,ws1_0.contact_email,ws1_0.created_at,ws1_0.description,ws1_0.design_signature,ws1_0.franchise_mood,ws1_0.highlight_summary,ws1_0.hours_text,ws1_0.latitude,ws1_0.longitude,ws1_0.name,ws1_0.open_time,ws1_0.personality,ws1_0.phone_number,ws1_0.position_label,ws1_0.slug,ws1_0.specialty,ws1_0.updated_at,o1_0.created_at,ds1_0.id,ds1_0.created_at,ds1_0.email,ds1_0.enabled,ds1_0.full_name,ds1_0.password_hash,ds1_0.profile_completed,ds1_0.role,ds1_0.updated_at,ds1_0.verified_at,ws2_0.id,ws2_0.active,ws2_0.address,ws2_0.area,ws2_0.close_time,ws2_0.contact_email,ws2_0.created_at,ws2_0.description,ws2_0.design_signature,ws2_0.franchise_mood,ws2_0.highlight_summary,ws2_0.hours_text,ws2_0.latitude,ws2_0.longitude,ws2_0.name,ws2_0.open_time,ws2_0.personality,ws2_0.phone_number,ws2_0.position_label,ws2_0.slug,ws2_0.specialty,ws2_0.updated_at,o1_0.delivery_address,o1_0.delivery_address_id,o1_0.delivery_full_name,o1_0.delivery_phone_number,o1_0.delivery_proof_captured_at,o1_0.delivery_proof_image_path,o1_0.delivery_proof_note,o1_0.delivery_proof_uploaded_at,o1_0.delivery_type,o1_0.discount_amount,o1_0.invoice_issued_at,o1_0.invoice_number,o1_0.invoice_qr_token,o1_0.paid_at,o1_0.payment_cancel_url,o1_0.payment_checkout_url,o1_0.payment_expires_at,o1_0.payment_link_id,o1_0.payment_provider,o1_0.payment_qr_code,o1_0.payment_reference,o1_0.payment_return_url,o1_0.payment_status,o1_0.payos_order_code,ps1_0.id,ps1_0.created_at,ps1_0.email,ps1_0.enabled,ps1_0.full_name,ps1_0.password_hash,ps1_0.profile_completed,ps1_0.role,ps1_0.updated_at,ps1_0.verified_at,ws3_0.id,ws3_0.active,ws3_0.address,ws3_0.area,ws3_0.close_time,ws3_0.contact_email,ws3_0.created_at,ws3_0.description,ws3_0.design_signature,ws3_0.franchise_mood,ws3_0.highlight_summary,ws3_0.hours_text,ws3_0.latitude,ws3_0.longitude,ws3_0.name,ws3_0.open_time,ws3_0.personality,ws3_0.phone_number,ws3_0.position_label,ws3_0.slug,ws3_0.specialty,ws3_0.updated_at,o1_0.promotion_code,o1_0.promotion_eligible_amount,o1_0.promotion_scope,o1_0.scheduled_delivery_at,o1_0.status,o1_0.subtotal_amount,o1_0.total_amount,o1_0.updated_at,o1_0.user_id,u1_0.id,u1_0.created_at,u1_0.email,u1_0.enabled,u1_0.full_name,u1_0.password_hash,u1_0.profile_completed,u1_0.role,u1_0.updated_at,u1_0.verified_at,ws4_0.id,ws4_0.active,ws4_0.address,ws4_0.area,ws4_0.close_time,ws4_0.contact_email,ws4_0.created_at,ws4_0.description,ws4_0.design_signature,ws4_0.franchise_mood,ws4_0.highlight_summary,ws4_0.hours_text,ws4_0.latitude,ws4_0.longitude,ws4_0.name,ws4_0.open_time,ws4_0.personality,ws4_0.phone_number,ws4_0.position_label,ws4_0.slug,ws4_0.specialty,ws4_0.updated_at from orders o1_0 left join users cbu1_0 on cbu1_0.id=o1_0.confirmed_by_user_id left join stores ws1_0 on ws1_0.id=cbu1_0.working_store_id left join users ds1_0 on ds1_0.id=o1_0.delivering_shipper_id left join stores ws2_0 on ws2_0.id=ds1_0.working_store_id left join users ps1_0 on ps1_0.id=o1_0.preparing_staff_id left join stores ws3_0 on ws3_0.id=ps1_0.working_store_id join users u1_0 on u1_0.id=o1_0.user_id left join stores ws4_0 on ws4_0.id=u1_0.working_store_id where o1_0.id=?
Hibernate: select o1_0.id,o1_0.confirmed_at,cbu1_0.id,cbu1_0.created_at,cbu1_0.email,cbu1_0.enabled,cbu1_0.full_name,cbu1_0.password_hash,cbu1_0.profile_completed,cbu1_0.role,cbu1_0.updated_at,cbu1_0.verified_at,ws1_0.id,ws1_0.active,ws1_0.address,ws1_0.area,ws1_0.close_time,ws1_0.contact_email,ws1_0.created_at,ws1_0.description,ws1_0.design_signature,ws1_0.franchise_mood,ws1_0.highlight_summary,ws1_0.hours_text,ws1_0.latitude,ws1_0.longitude,ws1_0.name,ws1_0.open_time,ws1_0.personality,ws1_0.phone_number,ws1_0.position_label,ws1_0.slug,ws1_0.specialty,ws1_0.updated_at,o1_0.created_at,ds1_0.id,ds1_0.created_at,ds1_0.email,ds1_0.enabled,ds1_0.full_name,ds1_0.password_hash,ds1_0.profile_completed,ds1_0.role,ds1_0.updated_at,ds1_0.verified_at,ws2_0.id,ws2_0.active,ws2_0.address,ws2_0.area,ws2_0.close_time,ws2_0.contact_email,ws2_0.created_at,ws2_0.description,ws2_0.design_signature,ws2_0.franchise_mood,ws2_0.highlight_summary,ws2_0.hours_text,ws2_0.latitude,ws2_0.longitude,ws2_0.name,ws2_0.open_time,ws2_0.personality,ws2_0.phone_number,ws2_0.position_label,ws2_0.slug,ws2_0.specialty,ws2_0.updated_at,o1_0.delivery_address,o1_0.delivery_address_id,o1_0.delivery_full_name,o1_0.delivery_phone_number,o1_0.delivery_proof_captured_at,o1_0.delivery_proof_image_path,o1_0.delivery_proof_note,o1_0.delivery_proof_uploaded_at,o1_0.delivery_type,o1_0.discount_amount,o1_0.invoice_issued_at,o1_0.invoice_number,o1_0.invoice_qr_token,o1_0.paid_at,o1_0.payment_cancel_url,o1_0.payment_checkout_url,o1_0.payment_expires_at,o1_0.payment_link_id,o1_0.payment_provider,o1_0.payment_qr_code,o1_0.payment_reference,o1_0.payment_return_url,o1_0.payment_status,o1_0.payos_order_code,ps1_0.id,ps1_0.created_at,ps1_0.email,ps1_0.enabled,ps1_0.full_name,ps1_0.password_hash,ps1_0.profile_completed,ps1_0.role,ps1_0.updated_at,ps1_0.verified_at,ws3_0.id,ws3_0.active,ws3_0.address,ws3_0.area,ws3_0.close_time,ws3_0.contact_email,ws3_0.created_at,ws3_0.description,ws3_0.design_signature,ws3_0.franchise_mood,ws3_0.highlight_summary,ws3_0.hours_text,ws3_0.latitude,ws3_0.longitude,ws3_0.name,ws3_0.open_time,ws3_0.personality,ws3_0.phone_number,ws3_0.position_label,ws3_0.slug,ws3_0.specialty,ws3_0.updated_at,o1_0.promotion_code,o1_0.promotion_eligible_amount,o1_0.promotion_scope,o1_0.scheduled_delivery_at,o1_0.status,o1_0.subtotal_amount,o1_0.total_amount,o1_0.updated_at,o1_0.user_id,u1_0.id,u1_0.created_at,u1_0.email,u1_0.enabled,u1_0.full_name,u1_0.password_hash,u1_0.profile_completed,u1_0.role,u1_0.updated_at,u1_0.verified_at,ws4_0.id,ws4_0.active,ws4_0.address,ws4_0.area,ws4_0.close_time,ws4_0.contact_email,ws4_0.created_at,ws4_0.description,ws4_0.design_signature,ws4_0.franchise_mood,ws4_0.highlight_summary,ws4_0.hours_text,ws4_0.latitude,ws4_0.longitude,ws4_0.name,ws4_0.open_time,ws4_0.personality,ws4_0.phone_number,ws4_0.position_label,ws4_0.slug,ws4_0.specialty,ws4_0.updated_at from orders o1_0 left join users cbu1_0 on cbu1_0.id=o1_0.confirmed_by_user_id left join stores ws1_0 on ws1_0.id=cbu1_0.working_store_id left join users ds1_0 on ds1_0.id=o1_0.delivering_shipper_id left join stores ws2_0 on ws2_0.id=ds1_0.working_store_id left join users ps1_0 on ps1_0.id=o1_0.preparing_staff_id left join stores ws3_0 on ws3_0.id=ps1_0.working_store_id join users u1_0 on u1_0.id=o1_0.user_id left join stores ws4_0 on ws4_0.id=u1_0.working_store_id where o1_0.id=?
Hibernate: select o1_0.id,o1_0.confirmed_at,cbu1_0.id,cbu1_0.created_at,cbu1_0.email,cbu1_0.enabled,cbu1_0.full_name,cbu1_0.password_hash,cbu1_0.profile_completed,cbu1_0.role,cbu1_0.updated_at,cbu1_0.verified_at,ws1_0.id,ws1_0.active,ws1_0.address,ws1_0.area,ws1_0.close_time,ws1_0.contact_email,ws1_0.created_at,ws1_0.description,ws1_0.design_signature,ws1_0.franchise_mood,ws1_0.highlight_summary,ws1_0.hours_text,ws1_0.latitude,ws1_0.longitude,ws1_0.name,ws1_0.open_time,ws1_0.personality,ws1_0.phone_number,ws1_0.position_label,ws1_0.slug,ws1_0.specialty,ws1_0.updated_at,o1_0.created_at,ds1_0.id,ds1_0.created_at,ds1_0.email,ds1_0.enabled,ds1_0.full_name,ds1_0.password_hash,ds1_0.profile_completed,ds1_0.role,ds1_0.updated_at,ds1_0.verified_at,ws2_0.id,ws2_0.active,ws2_0.address,ws2_0.area,ws2_0.close_time,ws2_0.contact_email,ws2_0.created_at,ws2_0.description,ws2_0.design_signature,ws2_0.franchise_mood,ws2_0.highlight_summary,ws2_0.hours_text,ws2_0.latitude,ws2_0.longitude,ws2_0.name,ws2_0.open_time,ws2_0.personality,ws2_0.phone_number,ws2_0.position_label,ws2_0.slug,ws2_0.specialty,ws2_0.updated_at,o1_0.delivery_address,o1_0.delivery_address_id,o1_0.delivery_full_name,o1_0.delivery_phone_number,o1_0.delivery_proof_captured_at,o1_0.delivery_proof_image_path,o1_0.delivery_proof_note,o1_0.delivery_proof_uploaded_at,o1_0.delivery_type,o1_0.discount_amount,o1_0.invoice_issued_at,o1_0.invoice_number,o1_0.invoice_qr_token,o1_0.paid_at,o1_0.payment_cancel_url,o1_0.payment_checkout_url,o1_0.payment_expires_at,o1_0.payment_link_id,o1_0.payment_provider,o1_0.payment_qr_code,o1_0.payment_reference,o1_0.payment_return_url,o1_0.payment_status,o1_0.payos_order_code,ps1_0.id,ps1_0.created_at,ps1_0.email,ps1_0.enabled,ps1_0.full_name,ps1_0.password_hash,ps1_0.profile_completed,ps1_0.role,ps1_0.updated_at,ps1_0.verified_at,ws3_0.id,ws3_0.active,ws3_0.address,ws3_0.area,ws3_0.close_time,ws3_0.contact_email,ws3_0.created_at,ws3_0.description,ws3_0.design_signature,ws3_0.franchise_mood,ws3_0.highlight_summary,ws3_0.hours_text,ws3_0.latitude,ws3_0.longitude,ws3_0.name,ws3_0.open_time,ws3_0.personality,ws3_0.phone_number,ws3_0.position_label,ws3_0.slug,ws3_0.specialty,ws3_0.updated_at,o1_0.promotion_code,o1_0.promotion_eligible_amount,o1_0.promotion_scope,o1_0.scheduled_delivery_at,o1_0.status,o1_0.subtotal_amount,o1_0.total_amount,o1_0.updated_at,o1_0.user_id,u1_0.id,u1_0.created_at,u1_0.email,u1_0.enabled,u1_0.full_name,u1_0.password_hash,u1_0.profile_completed,u1_0.role,u1_0.updated_at,u1_0.verified_at,ws4_0.id,ws4_0.active,ws4_0.address,ws4_0.area,ws4_0.close_time,ws4_0.contact_email,ws4_0.created_at,ws4_0.description,ws4_0.design_signature,ws4_0.franchise_mood,ws4_0.highlight_summary,ws4_0.hours_text,ws4_0.latitude,ws4_0.longitude,ws4_0.name,ws4_0.open_time,ws4_0.personality,ws4_0.phone_number,ws4_0.position_label,ws4_0.slug,ws4_0.specialty,ws4_0.updated_at from orders o1_0 left join users cbu1_0 on cbu1_0.id=o1_0.confirmed_by_user_id left join stores ws1_0 on ws1_0.id=cbu1_0.working_store_id left join users ds1_0 on ds1_0.id=o1_0.delivering_shipper_id left join stores ws2_0 on ws2_0.id=ds1_0.working_store_id left join users ps1_0 on ps1_0.id=o1_0.preparing_staff_id left join stores ws3_0 on ws3_0.id=ps1_0.working_store_id join users u1_0 on u1_0.id=o1_0.user_id left join stores ws4_0 on ws4_0.id=u1_0.working_store_id where o1_0.id=?
Hibernate: select o1_0.id,o1_0.confirmed_at,cbu1_0.id,cbu1_0.created_at,cbu1_0.email,cbu1_0.enabled,cbu1_0.full_name,cbu1_0.password_hash,cbu1_0.profile_completed,cbu1_0.role,cbu1_0.updated_at,cbu1_0.verified_at,ws1_0.id,ws1_0.active,ws1_0.address,ws1_0.area,ws1_0.close_time,ws1_0.contact_email,ws1_0.created_at,ws1_0.description,ws1_0.design_signature,ws1_0.franchise_mood,ws1_0.highlight_summary,ws1_0.hours_text,ws1_0.latitude,ws1_0.longitude,ws1_0.name,ws1_0.open_time,ws1_0.personality,ws1_0.phone_number,ws1_0.position_label,ws1_0.slug,ws1_0.specialty,ws1_0.updated_at,o1_0.created_at,ds1_0.id,ds1_0.created_at,ds1_0.email,ds1_0.enabled,ds1_0.full_name,ds1_0.password_hash,ds1_0.profile_completed,ds1_0.role,ds1_0.updated_at,ds1_0.verified_at,ws2_0.id,ws2_0.active,ws2_0.address,ws2_0.area,ws2_0.close_time,ws2_0.contact_email,ws2_0.created_at,ws2_0.description,ws2_0.design_signature,ws2_0.franchise_mood,ws2_0.highlight_summary,ws2_0.hours_text,ws2_0.latitude,ws2_0.longitude,ws2_0.name,ws2_0.open_time,ws2_0.personality,ws2_0.phone_number,ws2_0.position_label,ws2_0.slug,ws2_0.specialty,ws2_0.updated_at,o1_0.delivery_address,o1_0.delivery_address_id,o1_0.delivery_full_name,o1_0.delivery_phone_number,o1_0.delivery_proof_captured_at,o1_0.delivery_proof_image_path,o1_0.delivery_proof_note,o1_0.delivery_proof_uploaded_at,o1_0.delivery_type,o1_0.discount_amount,o1_0.invoice_issued_at,o1_0.invoice_number,o1_0.invoice_qr_token,o1_0.paid_at,o1_0.payment_cancel_url,o1_0.payment_checkout_url,o1_0.payment_expires_at,o1_0.payment_link_id,o1_0.payment_provider,o1_0.payment_qr_code,o1_0.payment_reference,o1_0.payment_return_url,o1_0.payment_status,o1_0.payos_order_code,ps1_0.id,ps1_0.created_at,ps1_0.email,ps1_0.enabled,ps1_0.full_name,ps1_0.password_hash,ps1_0.profile_completed,ps1_0.role,ps1_0.updated_at,ps1_0.verified_at,ws3_0.id,ws3_0.active,ws3_0.address,ws3_0.area,ws3_0.close_time,ws3_0.contact_email,ws3_0.created_at,ws3_0.description,ws3_0.design_signature,ws3_0.franchise_mood,ws3_0.highlight_summary,ws3_0.hours_text,ws3_0.latitude,ws3_0.longitude,ws3_0.name,ws3_0.open_time,ws3_0.personality,ws3_0.phone_number,ws3_0.position_label,ws3_0.slug,ws3_0.specialty,ws3_0.updated_at,o1_0.promotion_code,o1_0.promotion_eligible_amount,o1_0.promotion_scope,o1_0.scheduled_delivery_at,o1_0.status,o1_0.subtotal_amount,o1_0.total_amount,o1_0.updated_at,o1_0.user_id,u1_0.id,u1_0.created_at,u1_0.email,u1_0.enabled,u1_0.full_name,u1_0.password_hash,u1_0.profile_completed,u1_0.role,u1_0.updated_at,u1_0.verified_at,ws4_0.id,ws4_0.active,ws4_0.address,ws4_0.area,ws4_0.close_time,ws4_0.contact_email,ws4_0.created_at,ws4_0.description,ws4_0.design_signature,ws4_0.franchise_mood,ws4_0.highlight_summary,ws4_0.hours_text,ws4_0.latitude,ws4_0.longitude,ws4_0.name,ws4_0.open_time,ws4_0.personality,ws4_0.phone_number,ws4_0.position_label,ws4_0.slug,ws4_0.specialty,ws4_0.updated_at from orders o1_0 left join users cbu1_0 on cbu1_0.id=o1_0.confirmed_by_user_id left join stores ws1_0 on ws1_0.id=cbu1_0.working_store_id left join users ds1_0 on ds1_0.id=o1_0.delivering_shipper_id left join stores ws2_0 on ws2_0.id=ds1_0.working_store_id left join users ps1_0 on ps1_0.id=o1_0.preparing_staff_id left join stores ws3_0 on ws3_0.id=ps1_0.working_store_id join users u1_0 on u1_0.id=o1_0.user_id left join stores ws4_0 on ws4_0.id=u1_0.working_store_id where o1_0.id=?
Hibernate: select o1_0.id,o1_0.confirmed_at,cbu1_0.id,cbu1_0.created_at,cbu1_0.email,cbu1_0.enabled,cbu1_0.full_name,cbu1_0.password_hash,cbu1_0.profile_completed,cbu1_0.role,cbu1_0.updated_at,cbu1_0.verified_at,ws1_0.id,ws1_0.active,ws1_0.address,ws1_0.area,ws1_0.close_time,ws1_0.contact_email,ws1_0.created_at,ws1_0.description,ws1_0.design_signature,ws1_0.franchise_mood,ws1_0.highlight_summary,ws1_0.hours_text,ws1_0.latitude,ws1_0.longitude,ws1_0.name,ws1_0.open_time,ws1_0.personality,ws1_0.phone_number,ws1_0.position_label,ws1_0.slug,ws1_0.specialty,ws1_0.updated_at,o1_0.created_at,ds1_0.id,ds1_0.created_at,ds1_0.email,ds1_0.enabled,ds1_0.full_name,ds1_0.password_hash,ds1_0.profile_completed,ds1_0.role,ds1_0.updated_at,ds1_0.verified_at,ws2_0.id,ws2_0.active,ws2_0.address,ws2_0.area,ws2_0.close_time,ws2_0.contact_email,ws2_0.created_at,ws2_0.description,ws2_0.design_signature,ws2_0.franchise_mood,ws2_0.highlight_summary,ws2_0.hours_text,ws2_0.latitude,ws2_0.longitude,ws2_0.name,ws2_0.open_time,ws2_0.personality,ws2_0.phone_number,ws2_0.position_label,ws2_0.slug,ws2_0.specialty,ws2_0.updated_at,o1_0.delivery_address,o1_0.delivery_address_id,o1_0.delivery_full_name,o1_0.delivery_phone_number,o1_0.delivery_proof_captured_at,o1_0.delivery_proof_image_path,o1_0.delivery_proof_note,o1_0.delivery_proof_uploaded_at,o1_0.delivery_type,o1_0.discount_amount,o1_0.invoice_issued_at,o1_0.invoice_number,o1_0.invoice_qr_token,o1_0.paid_at,o1_0.payment_cancel_url,o1_0.payment_checkout_url,o1_0.payment_expires_at,o1_0.payment_link_id,o1_0.payment_provider,o1_0.payment_qr_code,o1_0.payment_reference,o1_0.payment_return_url,o1_0.payment_status,o1_0.payos_order_code,ps1_0.id,ps1_0.created_at,ps1_0.email,ps1_0.enabled,ps1_0.full_name,ps1_0.password_hash,ps1_0.profile_completed,ps1_0.role,ps1_0.updated_at,ps1_0.verified_at,ws3_0.id,ws3_0.active,ws3_0.address,ws3_0.area,ws3_0.close_time,ws3_0.contact_email,ws3_0.created_at,ws3_0.description,ws3_0.design_signature,ws3_0.franchise_mood,ws3_0.highlight_summary,ws3_0.hours_text,ws3_0.latitude,ws3_0.longitude,ws3_0.name,ws3_0.open_time,ws3_0.personality,ws3_0.phone_number,ws3_0.position_label,ws3_0.slug,ws3_0.specialty,ws3_0.updated_at,o1_0.promotion_code,o1_0.promotion_eligible_amount,o1_0.promotion_scope,o1_0.scheduled_delivery_at,o1_0.status,o1_0.subtotal_amount,o1_0.total_amount,o1_0.updated_at,o1_0.user_id,u1_0.id,u1_0.created_at,u1_0.email,u1_0.enabled,u1_0.full_name,u1_0.password_hash,u1_0.profile_completed,u1_0.role,u1_0.updated_at,u1_0.verified_at,ws4_0.id,ws4_0.active,ws4_0.address,ws4_0.area,ws4_0.close_time,ws4_0.contact_email,ws4_0.created_at,ws4_0.description,ws4_0.design_signature,ws4_0.franchise_mood,ws4_0.highlight_summary,ws4_0.hours_text,ws4_0.latitude,ws4_0.longitude,ws4_0.name,ws4_0.open_time,ws4_0.personality,ws4_0.phone_number,ws4_0.position_label,ws4_0.slug,ws4_0.specialty,ws4_0.updated_at from orders o1_0 left join users cbu1_0 on cbu1_0.id=o1_0.confirmed_by_user_id left join stores ws1_0 on ws1_0.id=cbu1_0.working_store_id left join users ds1_0 on ds1_0.id=o1_0.delivering_shipper_id left join stores ws2_0 on ws2_0.id=ds1_0.working_store_id left join users ps1_0 on ps1_0.id=o1_0.preparing_staff_id left join stores ws3_0 on ws3_0.id=ps1_0.working_store_id join users u1_0 on u1_0.id=o1_0.user_id left join stores ws4_0 on ws4_0.id=u1_0.working_store_id where o1_0.id=?
Hibernate: select o1_0.id,o1_0.confirmed_at,cbu1_0.id,cbu1_0.created_at,cbu1_0.email,cbu1_0.enabled,cbu1_0.full_name,cbu1_0.password_hash,cbu1_0.profile_completed,cbu1_0.role,cbu1_0.updated_at,cbu1_0.verified_at,ws1_0.id,ws1_0.active,ws1_0.address,ws1_0.area,ws1_0.close_time,ws1_0.contact_email,ws1_0.created_at,ws1_0.description,ws1_0.design_signature,ws1_0.franchise_mood,ws1_0.highlight_summary,ws1_0.hours_text,ws1_0.latitude,ws1_0.longitude,ws1_0.name,ws1_0.open_time,ws1_0.personality,ws1_0.phone_number,ws1_0.position_label,ws1_0.slug,ws1_0.specialty,ws1_0.updated_at,o1_0.created_at,ds1_0.id,ds1_0.created_at,ds1_0.email,ds1_0.enabled,ds1_0.full_name,ds1_0.password_hash,ds1_0.profile_completed,ds1_0.role,ds1_0.updated_at,ds1_0.verified_at,ws2_0.id,ws2_0.active,ws2_0.address,ws2_0.area,ws2_0.close_time,ws2_0.contact_email,ws2_0.created_at,ws2_0.description,ws2_0.design_signature,ws2_0.franchise_mood,ws2_0.highlight_summary,ws2_0.hours_text,ws2_0.latitude,ws2_0.longitude,ws2_0.name,ws2_0.open_time,ws2_0.personality,ws2_0.phone_number,ws2_0.position_label,ws2_0.slug,ws2_0.specialty,ws2_0.updated_at,o1_0.delivery_address,o1_0.delivery_address_id,o1_0.delivery_full_name,o1_0.delivery_phone_number,o1_0.delivery_proof_captured_at,o1_0.delivery_proof_image_path,o1_0.delivery_proof_note,o1_0.delivery_proof_uploaded_at,o1_0.delivery_type,o1_0.discount_amount,o1_0.invoice_issued_at,o1_0.invoice_number,o1_0.invoice_qr_token,o1_0.paid_at,o1_0.payment_cancel_url,o1_0.payment_checkout_url,o1_0.payment_expires_at,o1_0.payment_link_id,o1_0.payment_provider,o1_0.payment_qr_code,o1_0.payment_reference,o1_0.payment_return_url,o1_0.payment_status,o1_0.payos_order_code,ps1_0.id,ps1_0.created_at,ps1_0.email,ps1_0.enabled,ps1_0.full_name,ps1_0.password_hash,ps1_0.profile_completed,ps1_0.role,ps1_0.updated_at,ps1_0.verified_at,ws3_0.id,ws3_0.active,ws3_0.address,ws3_0.area,ws3_0.close_time,ws3_0.contact_email,ws3_0.created_at,ws3_0.description,ws3_0.design_signature,ws3_0.franchise_mood,ws3_0.highlight_summary,ws3_0.hours_text,ws3_0.latitude,ws3_0.longitude,ws3_0.name,ws3_0.open_time,ws3_0.personality,ws3_0.phone_number,ws3_0.position_label,ws3_0.slug,ws3_0.specialty,ws3_0.updated_at,o1_0.promotion_code,o1_0.promotion_eligible_amount,o1_0.promotion_scope,o1_0.scheduled_delivery_at,o1_0.status,o1_0.subtotal_amount,o1_0.total_amount,o1_0.updated_at,o1_0.user_id,u1_0.id,u1_0.created_at,u1_0.email,u1_0.enabled,u1_0.full_name,u1_0.password_hash,u1_0.profile_completed,u1_0.role,u1_0.updated_at,u1_0.verified_at,ws4_0.id,ws4_0.active,ws4_0.address,ws4_0.area,ws4_0.close_time,ws4_0.contact_email,ws4_0.created_at,ws4_0.description,ws4_0.design_signature,ws4_0.franchise_mood,ws4_0.highlight_summary,ws4_0.hours_text,ws4_0.latitude,ws4_0.longitude,ws4_0.name,ws4_0.open_time,ws4_0.personality,ws4_0.phone_number,ws4_0.position_label,ws4_0.slug,ws4_0.specialty,ws4_0.updated_at from orders o1_0 left join users cbu1_0 on cbu1_0.id=o1_0.confirmed_by_user_id left join stores ws1_0 on ws1_0.id=cbu1_0.working_store_id left join users ds1_0 on ds1_0.id=o1_0.delivering_shipper_id left join stores ws2_0 on ws2_0.id=ds1_0.working_store_id left join users ps1_0 on ps1_0.id=o1_0.preparing_staff_id left join stores ws3_0 on ws3_0.id=ps1_0.working_store_id join users u1_0 on u1_0.id=o1_0.user_id left join stores ws4_0 on ws4_0.id=u1_0.working_store_id where o1_0.id=?
Hibernate: select sd1_0.id,sd1_0.available,sd1_0.created_at,sd1_0.dish_id,sd1_0.price_override,sd1_0.quantity,sd1_0.store_id,sd1_0.updated_at from store_dishes sd1_0
Hibernate: select ip1_0.store_id,ip1_0.sort_order,ip1_0.image_path from store_image_paths ip1_0 where ip1_0.store_id=?
Hibernate: select ip1_0.dish_id,ip1_0.sort_order,ip1_0.image_path from dish_image_paths ip1_0 where ip1_0.dish_id=?
Hibernate: select ei1_0.id,ei1_0.active,ei1_0.booked_count,ei1_0.capacity,ei1_0.created_at,ei1_0.description,ei1_0.ends_at,ei1_0.highlight_summary,ei1_0.location,ei1_0.name,ei1_0.schedule_text,ei1_0.slug,ei1_0.starts_at,ei1_0.store_id,s1_0.id,s1_0.active,s1_0.address,s1_0.area,s1_0.close_time,s1_0.contact_email,s1_0.created_at,s1_0.description,s1_0.design_signature,s1_0.franchise_mood,s1_0.highlight_summary,s1_0.hours_text,s1_0.latitude,s1_0.longitude,s1_0.name,s1_0.open_time,s1_0.personality,s1_0.phone_number,s1_0.position_label,s1_0.slug,s1_0.specialty,s1_0.updated_at,ei1_0.updated_at from events ei1_0 join stores s1_0 on s1_0.id=ei1_0.store_id where ei1_0.id=?
Hibernate: select ip1_0.event_id,ip1_0.sort_order,ip1_0.image_path from event_image_paths ip1_0 where ip1_0.event_id=?
Hibernate: select ip1_0.store_id,ip1_0.sort_order,ip1_0.image_path from store_image_paths ip1_0 where ip1_0.store_id=?
Hibernate: select ei1_0.id,ei1_0.active,ei1_0.booked_count,ei1_0.capacity,ei1_0.created_at,ei1_0.description,ei1_0.ends_at,ei1_0.highlight_summary,ei1_0.location,ei1_0.name,ei1_0.schedule_text,ei1_0.slug,ei1_0.starts_at,ei1_0.store_id,s1_0.id,s1_0.active,s1_0.address,s1_0.area,s1_0.close_time,s1_0.contact_email,s1_0.created_at,s1_0.description,s1_0.design_signature,s1_0.franchise_mood,s1_0.highlight_summary,s1_0.hours_text,s1_0.latitude,s1_0.longitude,s1_0.name,s1_0.open_time,s1_0.personality,s1_0.phone_number,s1_0.position_label,s1_0.slug,s1_0.specialty,s1_0.updated_at,ei1_0.updated_at from events ei1_0 join stores s1_0 on s1_0.id=ei1_0.store_id where ei1_0.id=?
Hibernate: select ip1_0.event_id,ip1_0.sort_order,ip1_0.image_path from event_image_paths ip1_0 where ip1_0.event_id=?
Hibernate: select ip1_0.store_id,ip1_0.sort_order,ip1_0.image_path from store_image_paths ip1_0 where ip1_0.store_id=?
Hibernate: select ip1_0.dish_id,ip1_0.sort_order,ip1_0.image_path from dish_image_paths ip1_0 where ip1_0.dish_id=?
Hibernate: select ei1_0.id,ei1_0.active,ei1_0.booked_count,ei1_0.capacity,ei1_0.created_at,ei1_0.description,ei1_0.ends_at,ei1_0.highlight_summary,ei1_0.location,ei1_0.name,ei1_0.schedule_text,ei1_0.slug,ei1_0.starts_at,ei1_0.store_id,s1_0.id,s1_0.active,s1_0.address,s1_0.area,s1_0.close_time,s1_0.contact_email,s1_0.created_at,s1_0.description,s1_0.design_signature,s1_0.franchise_mood,s1_0.highlight_summary,s1_0.hours_text,s1_0.latitude,s1_0.longitude,s1_0.name,s1_0.open_time,s1_0.personality,s1_0.phone_number,s1_0.position_label,s1_0.slug,s1_0.specialty,s1_0.updated_at,ei1_0.updated_at from events ei1_0 join stores s1_0 on s1_0.id=ei1_0.store_id where ei1_0.id=?
Hibernate: select ip1_0.event_id,ip1_0.sort_order,ip1_0.image_path from event_image_paths ip1_0 where ip1_0.event_id=?
Hibernate: select ip1_0.dish_id,ip1_0.sort_order,ip1_0.image_path from dish_image_paths ip1_0 where ip1_0.dish_id=?
Hibernate: select ei1_0.id,ei1_0.active,ei1_0.booked_count,ei1_0.capacity,ei1_0.created_at,ei1_0.description,ei1_0.ends_at,ei1_0.highlight_summary,ei1_0.location,ei1_0.name,ei1_0.schedule_text,ei1_0.slug,ei1_0.starts_at,ei1_0.store_id,s1_0.id,s1_0.active,s1_0.address,s1_0.area,s1_0.close_time,s1_0.contact_email,s1_0.created_at,s1_0.description,s1_0.design_signature,s1_0.franchise_mood,s1_0.highlight_summary,s1_0.hours_text,s1_0.latitude,s1_0.longitude,s1_0.name,s1_0.open_time,s1_0.personality,s1_0.phone_number,s1_0.position_label,s1_0.slug,s1_0.specialty,s1_0.updated_at,ei1_0.updated_at from events ei1_0 join stores s1_0 on s1_0.id=ei1_0.store_id where ei1_0.id=?
Hibernate: select ip1_0.event_id,ip1_0.sort_order,ip1_0.image_path from event_image_paths ip1_0 where ip1_0.event_id=?
Hibernate: select ip1_0.store_id,ip1_0.sort_order,ip1_0.image_path from store_image_paths ip1_0 where ip1_0.store_id=?
Hibernate: select ip1_0.dish_id,ip1_0.sort_order,ip1_0.image_path from dish_image_paths ip1_0 where ip1_0.dish_id=?
Hibernate: select ip1_0.store_id,ip1_0.sort_order,ip1_0.image_path from store_image_paths ip1_0 where ip1_0.store_id=?
Hibernate: select ip1_0.dish_id,ip1_0.sort_order,ip1_0.image_path from dish_image_paths ip1_0 where ip1_0.dish_id=?
Hibernate: select ei1_0.id,ei1_0.active,ei1_0.booked_count,ei1_0.capacity,ei1_0.created_at,ei1_0.description,ei1_0.ends_at,ei1_0.highlight_summary,ei1_0.location,ei1_0.name,ei1_0.schedule_text,ei1_0.slug,ei1_0.starts_at,ei1_0.store_id,s1_0.id,s1_0.active,s1_0.address,s1_0.area,s1_0.close_time,s1_0.contact_email,s1_0.created_at,s1_0.description,s1_0.design_signature,s1_0.franchise_mood,s1_0.highlight_summary,s1_0.hours_text,s1_0.latitude,s1_0.longitude,s1_0.name,s1_0.open_time,s1_0.personality,s1_0.phone_number,s1_0.position_label,s1_0.slug,s1_0.specialty,s1_0.updated_at,ei1_0.updated_at from events ei1_0 join stores s1_0 on s1_0.id=ei1_0.store_id where ei1_0.id=?
Hibernate: select ip1_0.event_id,ip1_0.sort_order,ip1_0.image_path from event_image_paths ip1_0 where ip1_0.event_id=?
Hibernate: select ip1_0.store_id,ip1_0.sort_order,ip1_0.image_path from store_image_paths ip1_0 where ip1_0.store_id=?
Hibernate: select ei1_0.id,ei1_0.active,ei1_0.booked_count,ei1_0.capacity,ei1_0.created_at,ei1_0.description,ei1_0.ends_at,ei1_0.highlight_summary,ei1_0.location,ei1_0.name,ei1_0.schedule_text,ei1_0.slug,ei1_0.starts_at,ei1_0.store_id,ei1_0.updated_at from events ei1_0
Hibernate: select fdi1_0.event_id,fdi1_0.sort_order,fdi1_0.dish_id from event_featured_dish_ids fdi1_0 where fdi1_0.event_id=?
Hibernate: select ip1_0.dish_id,ip1_0.sort_order,ip1_0.image_path from dish_image_paths ip1_0 where ip1_0.dish_id=?
Hibernate: select ip1_0.event_id,ip1_0.sort_order,ip1_0.image_path from event_image_paths ip1_0 where ip1_0.event_id=?
Hibernate: select s1_0.event_id,s1_0.id,s1_0.content,s1_0.dish_id,s1_0.image_path,s1_0.news_article_id,s1_0.owner_type,s1_0.sort_order,s1_0.store_id,s1_0.title from content_sections s1_0 where s1_0.event_id=? order by s1_0.sort_order,s1_0.id
Hibernate: select ip1_0.content_section_id,ip1_0.sort_order,ip1_0.image_path from content_section_image_paths ip1_0 where ip1_0.content_section_id=?
Hibernate: select ht1_0.event_id,ht1_0.sort_order,ht1_0.highlight_tag from event_highlight_tags ht1_0 where ht1_0.event_id=?
Hibernate: select fdi1_0.event_id,fdi1_0.sort_order,fdi1_0.dish_id from event_featured_dish_ids fdi1_0 where fdi1_0.event_id=?
Hibernate: select ip1_0.store_id,ip1_0.sort_order,ip1_0.image_path from store_image_paths ip1_0 where ip1_0.store_id=?
Hibernate: select ip1_0.event_id,ip1_0.sort_order,ip1_0.image_path from event_image_paths ip1_0 where ip1_0.event_id=?
Hibernate: select s1_0.event_id,s1_0.id,s1_0.content,s1_0.dish_id,s1_0.image_path,s1_0.news_article_id,s1_0.owner_type,s1_0.sort_order,s1_0.store_id,s1_0.title from content_sections s1_0 where s1_0.event_id=? order by s1_0.sort_order,s1_0.id
Hibernate: select ip1_0.content_section_id,ip1_0.sort_order,ip1_0.image_path from content_section_image_paths ip1_0 where ip1_0.content_section_id=?
Hibernate: select ht1_0.event_id,ht1_0.sort_order,ht1_0.highlight_tag from event_highlight_tags ht1_0 where ht1_0.event_id=?
Hibernate: select fdi1_0.event_id,fdi1_0.sort_order,fdi1_0.dish_id from event_featured_dish_ids fdi1_0 where fdi1_0.event_id=?
Hibernate: select ip1_0.dish_id,ip1_0.sort_order,ip1_0.image_path from dish_image_paths ip1_0 where ip1_0.dish_id=?
Hibernate: select ip1_0.store_id,ip1_0.sort_order,ip1_0.image_path from store_image_paths ip1_0 where ip1_0.store_id=?
Hibernate: select s1_0.event_id,s1_0.id,s1_0.content,s1_0.dish_id,s1_0.image_path,s1_0.news_article_id,s1_0.owner_type,s1_0.sort_order,s1_0.store_id,s1_0.title from content_sections s1_0 where s1_0.event_id=? order by s1_0.sort_order,s1_0.id
Hibernate: select ip1_0.content_section_id,ip1_0.sort_order,ip1_0.image_path from content_section_image_paths ip1_0 where ip1_0.content_section_id=?
Hibernate: select ht1_0.event_id,ht1_0.sort_order,ht1_0.highlight_tag from event_highlight_tags ht1_0 where ht1_0.event_id=?
Hibernate: select fdi1_0.event_id,fdi1_0.sort_order,fdi1_0.dish_id from event_featured_dish_ids fdi1_0 where fdi1_0.event_id=?
Hibernate: select ip1_0.dish_id,ip1_0.sort_order,ip1_0.image_path from dish_image_paths ip1_0 where ip1_0.dish_id=?
Hibernate: select ip1_0.event_id,ip1_0.sort_order,ip1_0.image_path from event_image_paths ip1_0 where ip1_0.event_id=?
Hibernate: select s1_0.event_id,s1_0.id,s1_0.content,s1_0.dish_id,s1_0.image_path,s1_0.news_article_id,s1_0.owner_type,s1_0.sort_order,s1_0.store_id,s1_0.title from content_sections s1_0 where s1_0.event_id=? order by s1_0.sort_order,s1_0.id
Hibernate: select ip1_0.content_section_id,ip1_0.sort_order,ip1_0.image_path from content_section_image_paths ip1_0 where ip1_0.content_section_id=?
Hibernate: select ht1_0.event_id,ht1_0.sort_order,ht1_0.highlight_tag from event_highlight_tags ht1_0 where ht1_0.event_id=?
Hibernate: select fdi1_0.event_id,fdi1_0.sort_order,fdi1_0.dish_id from event_featured_dish_ids fdi1_0 where fdi1_0.event_id=?
Hibernate: select ip1_0.dish_id,ip1_0.sort_order,ip1_0.image_path from dish_image_paths ip1_0 where ip1_0.dish_id=?
Hibernate: select ip1_0.store_id,ip1_0.sort_order,ip1_0.image_path from store_image_paths ip1_0 where ip1_0.store_id=?
Hibernate: select ip1_0.event_id,ip1_0.sort_order,ip1_0.image_path from event_image_paths ip1_0 where ip1_0.event_id=?
Hibernate: select s1_0.event_id,s1_0.id,s1_0.content,s1_0.dish_id,s1_0.image_path,s1_0.news_article_id,s1_0.owner_type,s1_0.sort_order,s1_0.store_id,s1_0.title from content_sections s1_0 where s1_0.event_id=? order by s1_0.sort_order,s1_0.id
Hibernate: select ip1_0.content_section_id,ip1_0.sort_order,ip1_0.image_path from content_section_image_paths ip1_0 where ip1_0.content_section_id=?
Hibernate: select ht1_0.event_id,ht1_0.sort_order,ht1_0.highlight_tag from event_highlight_tags ht1_0 where ht1_0.event_id=?
Hibernate: select fdi1_0.event_id,fdi1_0.sort_order,fdi1_0.dish_id from event_featured_dish_ids fdi1_0 where fdi1_0.event_id=?
Hibernate: select ip1_0.dish_id,ip1_0.sort_order,ip1_0.image_path from dish_image_paths ip1_0 where ip1_0.dish_id=?
Hibernate: select ip1_0.store_id,ip1_0.sort_order,ip1_0.image_path from store_image_paths ip1_0 where ip1_0.store_id=?
Hibernate: select s1_0.event_id,s1_0.id,s1_0.content,s1_0.dish_id,s1_0.image_path,s1_0.news_article_id,s1_0.owner_type,s1_0.sort_order,s1_0.store_id,s1_0.title from content_sections s1_0 where s1_0.event_id=? order by s1_0.sort_order,s1_0.id
Hibernate: select ip1_0.content_section_id,ip1_0.sort_order,ip1_0.image_path from content_section_image_paths ip1_0 where ip1_0.content_section_id=?
Hibernate: select ht1_0.event_id,ht1_0.sort_order,ht1_0.highlight_tag from event_highlight_tags ht1_0 where ht1_0.event_id=?
Hibernate: select fdi1_0.event_id,fdi1_0.sort_order,fdi1_0.dish_id from event_featured_dish_ids fdi1_0 where fdi1_0.event_id=?
Hibernate: select ip1_0.dish_id,ip1_0.sort_order,ip1_0.image_path from dish_image_paths ip1_0 where ip1_0.dish_id=?
Hibernate: select ip1_0.event_id,ip1_0.sort_order,ip1_0.image_path from event_image_paths ip1_0 where ip1_0.event_id=?
Hibernate: select s1_0.event_id,s1_0.id,s1_0.content,s1_0.dish_id,s1_0.image_path,s1_0.news_article_id,s1_0.owner_type,s1_0.sort_order,s1_0.store_id,s1_0.title from content_sections s1_0 where s1_0.event_id=? order by s1_0.sort_order,s1_0.id
Hibernate: select ip1_0.content_section_id,ip1_0.sort_order,ip1_0.image_path from content_section_image_paths ip1_0 where ip1_0.content_section_id=?
Hibernate: select ht1_0.event_id,ht1_0.sort_order,ht1_0.highlight_tag from event_highlight_tags ht1_0 where ht1_0.event_id=?
Hibernate: select fdi1_0.event_id,fdi1_0.sort_order,fdi1_0.dish_id from event_featured_dish_ids fdi1_0 where fdi1_0.event_id=?
Hibernate: select ip1_0.store_id,ip1_0.sort_order,ip1_0.image_path from store_image_paths ip1_0 where ip1_0.store_id=?
Hibernate: select ip1_0.event_id,ip1_0.sort_order,ip1_0.image_path from event_image_paths ip1_0 where ip1_0.event_id=?
Hibernate: select s1_0.event_id,s1_0.id,s1_0.content,s1_0.dish_id,s1_0.image_path,s1_0.news_article_id,s1_0.owner_type,s1_0.sort_order,s1_0.store_id,s1_0.title from content_sections s1_0 where s1_0.event_id=? order by s1_0.sort_order,s1_0.id
Hibernate: select ip1_0.content_section_id,ip1_0.sort_order,ip1_0.image_path from content_section_image_paths ip1_0 where ip1_0.content_section_id=?
Hibernate: select ht1_0.event_id,ht1_0.sort_order,ht1_0.highlight_tag from event_highlight_tags ht1_0 where ht1_0.event_id=?
Hibernate: select fdi1_0.event_id,fdi1_0.sort_order,fdi1_0.dish_id from event_featured_dish_ids fdi1_0 where fdi1_0.event_id=?
Hibernate: select ip1_0.dish_id,ip1_0.sort_order,ip1_0.image_path from dish_image_paths ip1_0 where ip1_0.dish_id=?
Hibernate: select ip1_0.store_id,ip1_0.sort_order,ip1_0.image_path from store_image_paths ip1_0 where ip1_0.store_id=?
Hibernate: select s1_0.event_id,s1_0.id,s1_0.content,s1_0.dish_id,s1_0.image_path,s1_0.news_article_id,s1_0.owner_type,s1_0.sort_order,s1_0.store_id,s1_0.title from content_sections s1_0 where s1_0.event_id=? order by s1_0.sort_order,s1_0.id
Hibernate: select ip1_0.content_section_id,ip1_0.sort_order,ip1_0.image_path from content_section_image_paths ip1_0 where ip1_0.content_section_id=?
Hibernate: select ht1_0.event_id,ht1_0.sort_order,ht1_0.highlight_tag from event_highlight_tags ht1_0 where ht1_0.event_id=?
Hibernate: select fdi1_0.event_id,fdi1_0.sort_order,fdi1_0.dish_id from event_featured_dish_ids fdi1_0 where fdi1_0.event_id=?
Hibernate: select ip1_0.dish_id,ip1_0.sort_order,ip1_0.image_path from dish_image_paths ip1_0 where ip1_0.dish_id=?
Hibernate: select ip1_0.store_id,ip1_0.sort_order,ip1_0.image_path from store_image_paths ip1_0 where ip1_0.store_id=?
Hibernate: select ip1_0.event_id,ip1_0.sort_order,ip1_0.image_path from event_image_paths ip1_0 where ip1_0.event_id=?
Hibernate: select s1_0.event_id,s1_0.id,s1_0.content,s1_0.dish_id,s1_0.image_path,s1_0.news_article_id,s1_0.owner_type,s1_0.sort_order,s1_0.store_id,s1_0.title from content_sections s1_0 where s1_0.event_id=? order by s1_0.sort_order,s1_0.id
Hibernate: select ip1_0.content_section_id,ip1_0.sort_order,ip1_0.image_path from content_section_image_paths ip1_0 where ip1_0.content_section_id=?
Hibernate: select ht1_0.event_id,ht1_0.sort_order,ht1_0.highlight_tag from event_highlight_tags ht1_0 where ht1_0.event_id=?
Hibernate: select fdi1_0.event_id,fdi1_0.sort_order,fdi1_0.dish_id from event_featured_dish_ids fdi1_0 where fdi1_0.event_id=?
Hibernate: select ip1_0.store_id,ip1_0.sort_order,ip1_0.image_path from store_image_paths ip1_0 where ip1_0.store_id=?
Hibernate: select ip1_0.event_id,ip1_0.sort_order,ip1_0.image_path from event_image_paths ip1_0 where ip1_0.event_id=?
Hibernate: select s1_0.event_id,s1_0.id,s1_0.content,s1_0.dish_id,s1_0.image_path,s1_0.news_article_id,s1_0.owner_type,s1_0.sort_order,s1_0.store_id,s1_0.title from content_sections s1_0 where s1_0.event_id=? order by s1_0.sort_order,s1_0.id
Hibernate: select ip1_0.content_section_id,ip1_0.sort_order,ip1_0.image_path from content_section_image_paths ip1_0 where ip1_0.content_section_id=?
Hibernate: select ht1_0.event_id,ht1_0.sort_order,ht1_0.highlight_tag from event_highlight_tags ht1_0 where ht1_0.event_id=?
Hibernate: select fdi1_0.event_id,fdi1_0.sort_order,fdi1_0.dish_id from event_featured_dish_ids fdi1_0 where fdi1_0.event_id=?
Hibernate: select ip1_0.dish_id,ip1_0.sort_order,ip1_0.image_path from dish_image_paths ip1_0 where ip1_0.dish_id=?
Hibernate: select ip1_0.store_id,ip1_0.sort_order,ip1_0.image_path from store_image_paths ip1_0 where ip1_0.store_id=?
Hibernate: select s1_0.event_id,s1_0.id,s1_0.content,s1_0.dish_id,s1_0.image_path,s1_0.news_article_id,s1_0.owner_type,s1_0.sort_order,s1_0.store_id,s1_0.title from content_sections s1_0 where s1_0.event_id=? order by s1_0.sort_order,s1_0.id
Hibernate: select ip1_0.content_section_id,ip1_0.sort_order,ip1_0.image_path from content_section_image_paths ip1_0 where ip1_0.content_section_id=?
Hibernate: select ht1_0.event_id,ht1_0.sort_order,ht1_0.highlight_tag from event_highlight_tags ht1_0 where ht1_0.event_id=?
Hibernate: select fdi1_0.event_id,fdi1_0.sort_order,fdi1_0.dish_id from event_featured_dish_ids fdi1_0 where fdi1_0.event_id=?
Hibernate: select ip1_0.dish_id,ip1_0.sort_order,ip1_0.image_path from dish_image_paths ip1_0 where ip1_0.dish_id=?
Hibernate: select ip1_0.event_id,ip1_0.sort_order,ip1_0.image_path from event_image_paths ip1_0 where ip1_0.event_id=?
Hibernate: select s1_0.event_id,s1_0.id,s1_0.content,s1_0.dish_id,s1_0.image_path,s1_0.news_article_id,s1_0.owner_type,s1_0.sort_order,s1_0.store_id,s1_0.title from content_sections s1_0 where s1_0.event_id=? order by s1_0.sort_order,s1_0.id
Hibernate: select ip1_0.content_section_id,ip1_0.sort_order,ip1_0.image_path from content_section_image_paths ip1_0 where ip1_0.content_section_id=?
Hibernate: select ht1_0.event_id,ht1_0.sort_order,ht1_0.highlight_tag from event_highlight_tags ht1_0 where ht1_0.event_id=?
Hibernate: select fdi1_0.event_id,fdi1_0.sort_order,fdi1_0.dish_id from event_featured_dish_ids fdi1_0 where fdi1_0.event_id=?
Hibernate: select ip1_0.store_id,ip1_0.sort_order,ip1_0.image_path from store_image_paths ip1_0 where ip1_0.store_id=?
Hibernate: select ip1_0.event_id,ip1_0.sort_order,ip1_0.image_path from event_image_paths ip1_0 where ip1_0.event_id=?
Hibernate: select s1_0.event_id,s1_0.id,s1_0.content,s1_0.dish_id,s1_0.image_path,s1_0.news_article_id,s1_0.owner_type,s1_0.sort_order,s1_0.store_id,s1_0.title from content_sections s1_0 where s1_0.event_id=? order by s1_0.sort_order,s1_0.id
Hibernate: select ip1_0.content_section_id,ip1_0.sort_order,ip1_0.image_path from content_section_image_paths ip1_0 where ip1_0.content_section_id=?
Hibernate: select ht1_0.event_id,ht1_0.sort_order,ht1_0.highlight_tag from event_highlight_tags ht1_0 where ht1_0.event_id=?
Hibernate: select fdi1_0.event_id,fdi1_0.sort_order,fdi1_0.dish_id from event_featured_dish_ids fdi1_0 where fdi1_0.event_id=?
Hibernate: select ip1_0.dish_id,ip1_0.sort_order,ip1_0.image_path from dish_image_paths ip1_0 where ip1_0.dish_id=?
Hibernate: select ip1_0.store_id,ip1_0.sort_order,ip1_0.image_path from store_image_paths ip1_0 where ip1_0.store_id=?
Hibernate: select ip1_0.event_id,ip1_0.sort_order,ip1_0.image_path from event_image_paths ip1_0 where ip1_0.event_id=?
Hibernate: select s1_0.event_id,s1_0.id,s1_0.content,s1_0.dish_id,s1_0.image_path,s1_0.news_article_id,s1_0.owner_type,s1_0.sort_order,s1_0.store_id,s1_0.title from content_sections s1_0 where s1_0.event_id=? order by s1_0.sort_order,s1_0.id
Hibernate: select ip1_0.content_section_id,ip1_0.sort_order,ip1_0.image_path from content_section_image_paths ip1_0 where ip1_0.content_section_id=?
Hibernate: select ht1_0.event_id,ht1_0.sort_order,ht1_0.highlight_tag from event_highlight_tags ht1_0 where ht1_0.event_id=?
Hibernate: select fdi1_0.event_id,fdi1_0.sort_order,fdi1_0.dish_id from event_featured_dish_ids fdi1_0 where fdi1_0.event_id=?
Hibernate: select ip1_0.dish_id,ip1_0.sort_order,ip1_0.image_path from dish_image_paths ip1_0 where ip1_0.dish_id=?
Hibernate: select ip1_0.event_id,ip1_0.sort_order,ip1_0.image_path from event_image_paths ip1_0 where ip1_0.event_id=?
Hibernate: select s1_0.event_id,s1_0.id,s1_0.content,s1_0.dish_id,s1_0.image_path,s1_0.news_article_id,s1_0.owner_type,s1_0.sort_order,s1_0.store_id,s1_0.title from content_sections s1_0 where s1_0.event_id=? order by s1_0.sort_order,s1_0.id
Hibernate: select ip1_0.content_section_id,ip1_0.sort_order,ip1_0.image_path from content_section_image_paths ip1_0 where ip1_0.content_section_id=?
Hibernate: select ht1_0.event_id,ht1_0.sort_order,ht1_0.highlight_tag from event_highlight_tags ht1_0 where ht1_0.event_id=?
Hibernate: select fdi1_0.event_id,fdi1_0.sort_order,fdi1_0.dish_id from event_featured_dish_ids fdi1_0 where fdi1_0.event_id=?
Hibernate: select ip1_0.store_id,ip1_0.sort_order,ip1_0.image_path from store_image_paths ip1_0 where ip1_0.store_id=?
Hibernate: select ip1_0.event_id,ip1_0.sort_order,ip1_0.image_path from event_image_paths ip1_0 where ip1_0.event_id=?
Hibernate: select s1_0.event_id,s1_0.id,s1_0.content,s1_0.dish_id,s1_0.image_path,s1_0.news_article_id,s1_0.owner_type,s1_0.sort_order,s1_0.store_id,s1_0.title from content_sections s1_0 where s1_0.event_id=? order by s1_0.sort_order,s1_0.id
Hibernate: select ip1_0.content_section_id,ip1_0.sort_order,ip1_0.image_path from content_section_image_paths ip1_0 where ip1_0.content_section_id=?
Hibernate: select ht1_0.event_id,ht1_0.sort_order,ht1_0.highlight_tag from event_highlight_tags ht1_0 where ht1_0.event_id=?
Hibernate: select fdi1_0.event_id,fdi1_0.sort_order,fdi1_0.dish_id from event_featured_dish_ids fdi1_0 where fdi1_0.event_id=?
Hibernate: select ip1_0.dish_id,ip1_0.sort_order,ip1_0.image_path from dish_image_paths ip1_0 where ip1_0.dish_id=?
Hibernate: select ip1_0.store_id,ip1_0.sort_order,ip1_0.image_path from store_image_paths ip1_0 where ip1_0.store_id=?
Hibernate: select s1_0.event_id,s1_0.id,s1_0.content,s1_0.dish_id,s1_0.image_path,s1_0.news_article_id,s1_0.owner_type,s1_0.sort_order,s1_0.store_id,s1_0.title from content_sections s1_0 where s1_0.event_id=? order by s1_0.sort_order,s1_0.id
Hibernate: select ip1_0.content_section_id,ip1_0.sort_order,ip1_0.image_path from content_section_image_paths ip1_0 where ip1_0.content_section_id=?
Hibernate: select ht1_0.event_id,ht1_0.sort_order,ht1_0.highlight_tag from event_highlight_tags ht1_0 where ht1_0.event_id=?
Hibernate: select fdi1_0.event_id,fdi1_0.sort_order,fdi1_0.dish_id from event_featured_dish_ids fdi1_0 where fdi1_0.event_id=?
Hibernate: select ip1_0.dish_id,ip1_0.sort_order,ip1_0.image_path from dish_image_paths ip1_0 where ip1_0.dish_id=?
Hibernate: select ip1_0.event_id,ip1_0.sort_order,ip1_0.image_path from event_image_paths ip1_0 where ip1_0.event_id=?
Hibernate: select s1_0.event_id,s1_0.id,s1_0.content,s1_0.dish_id,s1_0.image_path,s1_0.news_article_id,s1_0.owner_type,s1_0.sort_order,s1_0.store_id,s1_0.title from content_sections s1_0 where s1_0.event_id=? order by s1_0.sort_order,s1_0.id
Hibernate: select ip1_0.content_section_id,ip1_0.sort_order,ip1_0.image_path from content_section_image_paths ip1_0 where ip1_0.content_section_id=?
Hibernate: select ht1_0.event_id,ht1_0.sort_order,ht1_0.highlight_tag from event_highlight_tags ht1_0 where ht1_0.event_id=?
Hibernate: select fdi1_0.event_id,fdi1_0.sort_order,fdi1_0.dish_id from event_featured_dish_ids fdi1_0 where fdi1_0.event_id=?
Hibernate: select ip1_0.dish_id,ip1_0.sort_order,ip1_0.image_path from dish_image_paths ip1_0 where ip1_0.dish_id=?
Hibernate: select ip1_0.store_id,ip1_0.sort_order,ip1_0.image_path from store_image_paths ip1_0 where ip1_0.store_id=?
Hibernate: select ip1_0.event_id,ip1_0.sort_order,ip1_0.image_path from event_image_paths ip1_0 where ip1_0.event_id=?
Hibernate: select s1_0.event_id,s1_0.id,s1_0.content,s1_0.dish_id,s1_0.image_path,s1_0.news_article_id,s1_0.owner_type,s1_0.sort_order,s1_0.store_id,s1_0.title from content_sections s1_0 where s1_0.event_id=? order by s1_0.sort_order,s1_0.id
Hibernate: select ip1_0.content_section_id,ip1_0.sort_order,ip1_0.image_path from content_section_image_paths ip1_0 where ip1_0.content_section_id=?
Hibernate: select ht1_0.event_id,ht1_0.sort_order,ht1_0.highlight_tag from event_highlight_tags ht1_0 where ht1_0.event_id=?
Hibernate: select us1_0.id,us1_0.created_at,us1_0.expires_at,us1_0.token,us1_0.user_id from user_sessions us1_0 where us1_0.token=?
Hibernate: select u1_0.id,u1_0.created_at,u1_0.email,u1_0.enabled,u1_0.full_name,u1_0.password_hash,u1_0.profile_completed,u1_0.role,u1_0.updated_at,u1_0.verified_at,ws1_0.id,ws1_0.active,ws1_0.address,ws1_0.area,ws1_0.close_time,ws1_0.contact_email,ws1_0.created_at,ws1_0.description,ws1_0.design_signature,ws1_0.franchise_mood,ws1_0.highlight_summary,ws1_0.hours_text,ws1_0.latitude,ws1_0.longitude,ws1_0.name,ws1_0.open_time,ws1_0.personality,ws1_0.phone_number,ws1_0.position_label,ws1_0.slug,ws1_0.specialty,ws1_0.updated_at from users u1_0 left join stores ws1_0 on ws1_0.id=u1_0.working_store_id where u1_0.id=?
Hibernate: select act1_0.id,act1_0.created_at,act1_0.last_message_at,act1_0.last_message_preview,act1_0.last_message_role,act1_0.message_count,act1_0.title,act1_0.updated_at,act1_0.user_id from ai_chat_threads act1_0 join users u1_0 on u1_0.id=act1_0.user_id where u1_0.id=? order by act1_0.updated_at desc limit ?
Hibernate: select us1_0.id,us1_0.created_at,us1_0.expires_at,us1_0.token,us1_0.user_id from user_sessions us1_0 where us1_0.token=?
Hibernate: select u1_0.id,u1_0.created_at,u1_0.email,u1_0.enabled,u1_0.full_name,u1_0.password_hash,u1_0.profile_completed,u1_0.role,u1_0.updated_at,u1_0.verified_at,ws1_0.id,ws1_0.active,ws1_0.address,ws1_0.area,ws1_0.close_time,ws1_0.contact_email,ws1_0.created_at,ws1_0.description,ws1_0.design_signature,ws1_0.franchise_mood,ws1_0.highlight_summary,ws1_0.hours_text,ws1_0.latitude,ws1_0.longitude,ws1_0.name,ws1_0.open_time,ws1_0.personality,ws1_0.phone_number,ws1_0.position_label,ws1_0.slug,ws1_0.specialty,ws1_0.updated_at from users u1_0 left join stores ws1_0 on ws1_0.id=u1_0.working_store_id where u1_0.id=?
Hibernate: select act1_0.id,act1_0.created_at,act1_0.last_message_at,act1_0.last_message_preview,act1_0.last_message_role,act1_0.message_count,act1_0.title,act1_0.updated_at,act1_0.user_id,u1_0.id,u1_0.created_at,u1_0.email,u1_0.enabled,u1_0.full_name,u1_0.password_hash,u1_0.profile_completed,u1_0.role,u1_0.updated_at,u1_0.verified_at,ws1_0.id,ws1_0.active,ws1_0.address,ws1_0.area,ws1_0.close_time,ws1_0.contact_email,ws1_0.created_at,ws1_0.description,ws1_0.design_signature,ws1_0.franchise_mood,ws1_0.highlight_summary,ws1_0.hours_text,ws1_0.latitude,ws1_0.longitude,ws1_0.name,ws1_0.open_time,ws1_0.personality,ws1_0.phone_number,ws1_0.position_label,ws1_0.slug,ws1_0.specialty,ws1_0.updated_at from ai_chat_threads act1_0 join users u1_0 on u1_0.id=act1_0.user_id left join stores ws1_0 on ws1_0.id=u1_0.working_store_id where act1_0.id=?
Hibernate: select acm1_0.id,acm1_0.actions_json,acm1_0.content,acm1_0.created_at,acm1_0.model,acm1_0.references_json,acm1_0.role,acm1_0.thread_id from ai_chat_messages acm1_0 join ai_chat_threads t1_0 on t1_0.id=acm1_0.thread_id where t1_0.id=? order by acm1_0.created_at,acm1_0.id
Hibernate: select us1_0.id,us1_0.created_at,us1_0.expires_at,us1_0.token,us1_0.user_id from user_sessions us1_0 where us1_0.token=?
Hibernate: select u1_0.id,u1_0.created_at,u1_0.email,u1_0.enabled,u1_0.full_name,u1_0.password_hash,u1_0.profile_completed,u1_0.role,u1_0.updated_at,u1_0.verified_at,ws1_0.id,ws1_0.active,ws1_0.address,ws1_0.area,ws1_0.close_time,ws1_0.contact_email,ws1_0.created_at,ws1_0.description,ws1_0.design_signature,ws1_0.franchise_mood,ws1_0.highlight_summary,ws1_0.hours_text,ws1_0.latitude,ws1_0.longitude,ws1_0.name,ws1_0.open_time,ws1_0.personality,ws1_0.phone_number,ws1_0.position_label,ws1_0.slug,ws1_0.specialty,ws1_0.updated_at from users u1_0 left join stores ws1_0 on ws1_0.id=u1_0.working_store_id where u1_0.id=?
Hibernate: select act1_0.id,act1_0.created_at,act1_0.last_message_at,act1_0.last_message_preview,act1_0.last_message_role,act1_0.message_count,act1_0.title,act1_0.updated_at,act1_0.user_id,u1_0.id,u1_0.created_at,u1_0.email,u1_0.enabled,u1_0.full_name,u1_0.password_hash,u1_0.profile_completed,u1_0.role,u1_0.updated_at,u1_0.verified_at,ws1_0.id,ws1_0.active,ws1_0.address,ws1_0.area,ws1_0.close_time,ws1_0.contact_email,ws1_0.created_at,ws1_0.description,ws1_0.design_signature,ws1_0.franchise_mood,ws1_0.highlight_summary,ws1_0.hours_text,ws1_0.latitude,ws1_0.longitude,ws1_0.name,ws1_0.open_time,ws1_0.personality,ws1_0.phone_number,ws1_0.position_label,ws1_0.slug,ws1_0.specialty,ws1_0.updated_at from ai_chat_threads act1_0 join users u1_0 on u1_0.id=act1_0.user_id left join stores ws1_0 on ws1_0.id=u1_0.working_store_id where act1_0.id=?
Hibernate: select acm1_0.id,acm1_0.actions_json,acm1_0.content,acm1_0.created_at,acm1_0.model,acm1_0.references_json,acm1_0.role,acm1_0.thread_id from ai_chat_messages acm1_0 join ai_chat_threads t1_0 on t1_0.id=acm1_0.thread_id where t1_0.id=? order by acm1_0.created_at,acm1_0.id
Hibernate: select s1_0.id,s1_0.active,s1_0.address,s1_0.area,s1_0.close_time,s1_0.contact_email,s1_0.created_at,s1_0.description,s1_0.design_signature,s1_0.franchise_mood,s1_0.highlight_summary,s1_0.hours_text,s1_0.latitude,s1_0.longitude,s1_0.name,s1_0.open_time,s1_0.personality,s1_0.phone_number,s1_0.position_label,s1_0.slug,s1_0.specialty,s1_0.updated_at from stores s1_0
Hibernate: select coalesce(sum(o1_0.total_amount),0) from orders o1_0 where o1_0.payment_status='PAID' and o1_0.paid_at>=? and o1_0.paid_at<? and exists(select 1 from order_items oi1_0 where oi1_0.order_id=o1_0.id and oi1_0.store_id=?)
Hibernate: select
	oi.store_id as storeId,
	s.name as storeName,
	oi.dish_id as dishId,
	d.name as dishName,
	sum(oi.quantity) as quantitySold,
	count(distinct oi.order_id) as orderCount,
	coalesce(sum(oi.unit_price * oi.quantity), 0) as revenue
from order_items oi
join orders o on o.id = oi.order_id
join stores s on s.id = oi.store_id
join dishes d on d.id = oi.dish_id
where o.payment_status = 'PAID'
  and o.status <> 'CANCELLED'
  and oi.store_id = ?
group by oi.store_id, s.name, oi.dish_id, d.name
order by quantitySold desc, revenue desc, d.name asc limit ?

Hibernate: select ip1_0.store_id,ip1_0.sort_order,ip1_0.image_path from store_image_paths ip1_0 where ip1_0.store_id=?
Hibernate: select coalesce(sum(o1_0.total_amount),0) from orders o1_0 where o1_0.payment_status='PAID' and o1_0.paid_at>=? and o1_0.paid_at<? and exists(select 1 from order_items oi1_0 where oi1_0.order_id=o1_0.id and oi1_0.store_id=?)
Hibernate: select
	oi.store_id as storeId,
	s.name as storeName,
	oi.dish_id as dishId,
	d.name as dishName,
	sum(oi.quantity) as quantitySold,
	count(distinct oi.order_id) as orderCount,
	coalesce(sum(oi.unit_price * oi.quantity), 0) as revenue
from order_items oi
join orders o on o.id = oi.order_id
join stores s on s.id = oi.store_id
join dishes d on d.id = oi.dish_id
where o.payment_status = 'PAID'
  and o.status <> 'CANCELLED'
  and oi.store_id = ?
group by oi.store_id, s.name, oi.dish_id, d.name
order by quantitySold desc, revenue desc, d.name asc limit ?

Hibernate: select ip1_0.store_id,ip1_0.sort_order,ip1_0.image_path from store_image_paths ip1_0 where ip1_0.store_id=?
Hibernate: select coalesce(sum(o1_0.total_amount),0) from orders o1_0 where o1_0.payment_status='PAID' and o1_0.paid_at>=? and o1_0.paid_at<? and exists(select 1 from order_items oi1_0 where oi1_0.order_id=o1_0.id and oi1_0.store_id=?)
Hibernate: select
	oi.store_id as storeId,
	s.name as storeName,
	oi.dish_id as dishId,
	d.name as dishName,
	sum(oi.quantity) as quantitySold,
	count(distinct oi.order_id) as orderCount,
	coalesce(sum(oi.unit_price * oi.quantity), 0) as revenue
from order_items oi
join orders o on o.id = oi.order_id
join stores s on s.id = oi.store_id
join dishes d on d.id = oi.dish_id
where o.payment_status = 'PAID'
  and o.status <> 'CANCELLED'
  and oi.store_id = ?
group by oi.store_id, s.name, oi.dish_id, d.name
order by quantitySold desc, revenue desc, d.name asc limit ?

Hibernate: select ip1_0.store_id,ip1_0.sort_order,ip1_0.image_path from store_image_paths ip1_0 where ip1_0.store_id=?
Hibernate: select coalesce(sum(o1_0.total_amount),0) from orders o1_0 where o1_0.payment_status='PAID' and o1_0.paid_at>=? and o1_0.paid_at<? and exists(select 1 from order_items oi1_0 where oi1_0.order_id=o1_0.id and oi1_0.store_id=?)
Hibernate: select
	oi.store_id as storeId,
	s.name as storeName,
	oi.dish_id as dishId,
	d.name as dishName,
	sum(oi.quantity) as quantitySold,
	count(distinct oi.order_id) as orderCount,
	coalesce(sum(oi.unit_price * oi.quantity), 0) as revenue
from order_items oi
join orders o on o.id = oi.order_id
join stores s on s.id = oi.store_id
join dishes d on d.id = oi.dish_id
where o.payment_status = 'PAID'
  and o.status <> 'CANCELLED'
  and oi.store_id = ?
group by oi.store_id, s.name, oi.dish_id, d.name
order by quantitySold desc, revenue desc, d.name asc limit ?

Hibernate: select ip1_0.store_id,ip1_0.sort_order,ip1_0.image_path from store_image_paths ip1_0 where ip1_0.store_id=?
Hibernate: select coalesce(sum(o1_0.total_amount),0) from orders o1_0 where o1_0.payment_status='PAID' and o1_0.paid_at>=? and o1_0.paid_at<? and exists(select 1 from order_items oi1_0 where oi1_0.order_id=o1_0.id and oi1_0.store_id=?)
Hibernate: select
	oi.store_id as storeId,
	s.name as storeName,
	oi.dish_id as dishId,
	d.name as dishName,
	sum(oi.quantity) as quantitySold,
	count(distinct oi.order_id) as orderCount,
	coalesce(sum(oi.unit_price * oi.quantity), 0) as revenue
from order_items oi
join orders o on o.id = oi.order_id
join stores s on s.id = oi.store_id
join dishes d on d.id = oi.dish_id
where o.payment_status = 'PAID'
  and o.status <> 'CANCELLED'
  and oi.store_id = ?
group by oi.store_id, s.name, oi.dish_id, d.name
order by quantitySold desc, revenue desc, d.name asc limit ?

Hibernate: select ip1_0.store_id,ip1_0.sort_order,ip1_0.image_path from store_image_paths ip1_0 where ip1_0.store_id=?
Hibernate: select coalesce(sum(o1_0.total_amount),0) from orders o1_0 where o1_0.payment_status='PAID' and o1_0.paid_at>=? and o1_0.paid_at<? and exists(select 1 from order_items oi1_0 where oi1_0.order_id=o1_0.id and oi1_0.store_id=?)
Hibernate: select
	oi.store_id as storeId,
	s.name as storeName,
	oi.dish_id as dishId,
	d.name as dishName,
	sum(oi.quantity) as quantitySold,
	count(distinct oi.order_id) as orderCount,
	coalesce(sum(oi.unit_price * oi.quantity), 0) as revenue
from order_items oi
join orders o on o.id = oi.order_id
join stores s on s.id = oi.store_id
join dishes d on d.id = oi.dish_id
where o.payment_status = 'PAID'
  and o.status <> 'CANCELLED'
  and oi.store_id = ?
group by oi.store_id, s.name, oi.dish_id, d.name
order by quantitySold desc, revenue desc, d.name asc limit ?

Hibernate: select ip1_0.store_id,ip1_0.sort_order,ip1_0.image_path from store_image_paths ip1_0 where ip1_0.store_id=?
Hibernate: select coalesce(sum(o1_0.total_amount),0) from orders o1_0 where o1_0.payment_status='PAID' and o1_0.paid_at>=? and o1_0.paid_at<? and exists(select 1 from order_items oi1_0 where oi1_0.order_id=o1_0.id and oi1_0.store_id=?)
Hibernate: select
	oi.store_id as storeId,
	s.name as storeName,
	oi.dish_id as dishId,
	d.name as dishName,
	sum(oi.quantity) as quantitySold,
	count(distinct oi.order_id) as orderCount,
	coalesce(sum(oi.unit_price * oi.quantity), 0) as revenue
from order_items oi
join orders o on o.id = oi.order_id
join stores s on s.id = oi.store_id
join dishes d on d.id = oi.dish_id
where o.payment_status = 'PAID'
  and o.status <> 'CANCELLED'
  and oi.store_id = ?
group by oi.store_id, s.name, oi.dish_id, d.name
order by quantitySold desc, revenue desc, d.name asc limit ?

Hibernate: select ip1_0.store_id,ip1_0.sort_order,ip1_0.image_path from store_image_paths ip1_0 where ip1_0.store_id=?
Hibernate: select coalesce(sum(o1_0.total_amount),0) from orders o1_0 where o1_0.payment_status='PAID' and o1_0.paid_at>=? and o1_0.paid_at<? and exists(select 1 from order_items oi1_0 where oi1_0.order_id=o1_0.id and oi1_0.store_id=?)
Hibernate: select
	oi.store_id as storeId,
	s.name as storeName,
	oi.dish_id as dishId,
	d.name as dishName,
	sum(oi.quantity) as quantitySold,
	count(distinct oi.order_id) as orderCount,
	coalesce(sum(oi.unit_price * oi.quantity), 0) as revenue
from order_items oi
join orders o on o.id = oi.order_id
join stores s on s.id = oi.store_id
join dishes d on d.id = oi.dish_id
where o.payment_status = 'PAID'
  and o.status <> 'CANCELLED'
  and oi.store_id = ?
group by oi.store_id, s.name, oi.dish_id, d.name
order by quantitySold desc, revenue desc, d.name asc limit ?

Hibernate: select ip1_0.store_id,ip1_0.sort_order,ip1_0.image_path from store_image_paths ip1_0 where ip1_0.store_id=?
Hibernate: select coalesce(sum(o1_0.total_amount),0) from orders o1_0 where o1_0.payment_status='PAID' and o1_0.paid_at>=? and o1_0.paid_at<? and exists(select 1 from order_items oi1_0 where oi1_0.order_id=o1_0.id and oi1_0.store_id=?)
Hibernate: select
	oi.store_id as storeId,
	s.name as storeName,
	oi.dish_id as dishId,
	d.name as dishName,
	sum(oi.quantity) as quantitySold,
	count(distinct oi.order_id) as orderCount,
	coalesce(sum(oi.unit_price * oi.quantity), 0) as revenue
from order_items oi
join orders o on o.id = oi.order_id
join stores s on s.id = oi.store_id
join dishes d on d.id = oi.dish_id
where o.payment_status = 'PAID'
  and o.status <> 'CANCELLED'
  and oi.store_id = ?
group by oi.store_id, s.name, oi.dish_id, d.name
order by quantitySold desc, revenue desc, d.name asc limit ?

Hibernate: select ip1_0.store_id,ip1_0.sort_order,ip1_0.image_path from store_image_paths ip1_0 where ip1_0.store_id=?
Hibernate: select coalesce(sum(o1_0.total_amount),0) from orders o1_0 where o1_0.payment_status='PAID' and o1_0.paid_at>=? and o1_0.paid_at<? and exists(select 1 from order_items oi1_0 where oi1_0.order_id=o1_0.id and oi1_0.store_id=?)
Hibernate: select
	oi.store_id as storeId,
	s.name as storeName,
	oi.dish_id as dishId,
	d.name as dishName,
	sum(oi.quantity) as quantitySold,
	count(distinct oi.order_id) as orderCount,
	coalesce(sum(oi.unit_price * oi.quantity), 0) as revenue
from order_items oi
join orders o on o.id = oi.order_id
join stores s on s.id = oi.store_id
join dishes d on d.id = oi.dish_id
where o.payment_status = 'PAID'
  and o.status <> 'CANCELLED'
  and oi.store_id = ?
group by oi.store_id, s.name, oi.dish_id, d.name
order by quantitySold desc, revenue desc, d.name asc limit ?

Hibernate: select ip1_0.store_id,ip1_0.sort_order,ip1_0.image_path from store_image_paths ip1_0 where ip1_0.store_id=?
Hibernate: select coalesce(sum(o1_0.total_amount),0) from orders o1_0 where o1_0.payment_status='PAID' and o1_0.paid_at>=? and o1_0.paid_at<? and exists(select 1 from order_items oi1_0 where oi1_0.order_id=o1_0.id and oi1_0.store_id=?)
Hibernate: select
	oi.store_id as storeId,
	s.name as storeName,
	oi.dish_id as dishId,
	d.name as dishName,
	sum(oi.quantity) as quantitySold,
	count(distinct oi.order_id) as orderCount,
	coalesce(sum(oi.unit_price * oi.quantity), 0) as revenue
from order_items oi
join orders o on o.id = oi.order_id
join stores s on s.id = oi.store_id
join dishes d on d.id = oi.dish_id
where o.payment_status = 'PAID'
  and o.status <> 'CANCELLED'
  and oi.store_id = ?
group by oi.store_id, s.name, oi.dish_id, d.name
order by quantitySold desc, revenue desc, d.name asc limit ?

Hibernate: select ip1_0.store_id,ip1_0.sort_order,ip1_0.image_path from store_image_paths ip1_0 where ip1_0.store_id=?
Hibernate: select coalesce(sum(o1_0.total_amount),0) from orders o1_0 where o1_0.payment_status='PAID' and o1_0.paid_at>=? and o1_0.paid_at<? and exists(select 1 from order_items oi1_0 where oi1_0.order_id=o1_0.id and oi1_0.store_id=?)
Hibernate: select
	oi.store_id as storeId,
	s.name as storeName,
	oi.dish_id as dishId,
	d.name as dishName,
	sum(oi.quantity) as quantitySold,
	count(distinct oi.order_id) as orderCount,
	coalesce(sum(oi.unit_price * oi.quantity), 0) as revenue
from order_items oi
join orders o on o.id = oi.order_id
join stores s on s.id = oi.store_id
join dishes d on d.id = oi.dish_id
where o.payment_status = 'PAID'
  and o.status <> 'CANCELLED'
  and oi.store_id = ?
group by oi.store_id, s.name, oi.dish_id, d.name
order by quantitySold desc, revenue desc, d.name asc limit ?

Hibernate: select ip1_0.store_id,ip1_0.sort_order,ip1_0.image_path from store_image_paths ip1_0 where ip1_0.store_id=?
Hibernate: select coalesce(sum(o1_0.total_amount),0) from orders o1_0 where o1_0.payment_status='PAID' and o1_0.paid_at>=? and o1_0.paid_at<? and exists(select 1 from order_items oi1_0 where oi1_0.order_id=o1_0.id and oi1_0.store_id=?)
Hibernate: select
	oi.store_id as storeId,
	s.name as storeName,
	oi.dish_id as dishId,
	d.name as dishName,
	sum(oi.quantity) as quantitySold,
	count(distinct oi.order_id) as orderCount,
	coalesce(sum(oi.unit_price * oi.quantity), 0) as revenue
from order_items oi
join orders o on o.id = oi.order_id
join stores s on s.id = oi.store_id
join dishes d on d.id = oi.dish_id
where o.payment_status = 'PAID'
  and o.status <> 'CANCELLED'
  and oi.store_id = ?
group by oi.store_id, s.name, oi.dish_id, d.name
order by quantitySold desc, revenue desc, d.name asc limit ?

Hibernate: select ip1_0.store_id,ip1_0.sort_order,ip1_0.image_path from store_image_paths ip1_0 where ip1_0.store_id=?
Hibernate: select coalesce(sum(o1_0.total_amount),0) from orders o1_0 where o1_0.payment_status='PAID' and o1_0.paid_at>=? and o1_0.paid_at<? and exists(select 1 from order_items oi1_0 where oi1_0.order_id=o1_0.id and oi1_0.store_id=?)
Hibernate: select
	oi.store_id as storeId,
	s.name as storeName,
	oi.dish_id as dishId,
	d.name as dishName,
	sum(oi.quantity) as quantitySold,
	count(distinct oi.order_id) as orderCount,
	coalesce(sum(oi.unit_price * oi.quantity), 0) as revenue
from order_items oi
join orders o on o.id = oi.order_id
join stores s on s.id = oi.store_id
join dishes d on d.id = oi.dish_id
where o.payment_status = 'PAID'
  and o.status <> 'CANCELLED'
  and oi.store_id = ?
group by oi.store_id, s.name, oi.dish_id, d.name
order by quantitySold desc, revenue desc, d.name asc limit ?

Hibernate: select ip1_0.store_id,ip1_0.sort_order,ip1_0.image_path from store_image_paths ip1_0 where ip1_0.store_id=?
Hibernate: select coalesce(sum(o1_0.total_amount),0) from orders o1_0 where o1_0.payment_status='PAID' and o1_0.paid_at>=? and o1_0.paid_at<? and exists(select 1 from order_items oi1_0 where oi1_0.order_id=o1_0.id and oi1_0.store_id=?)
Hibernate: select
	oi.store_id as storeId,
	s.name as storeName,
	oi.dish_id as dishId,
	d.name as dishName,
	sum(oi.quantity) as quantitySold,
	count(distinct oi.order_id) as orderCount,
	coalesce(sum(oi.unit_price * oi.quantity), 0) as revenue
from order_items oi
join orders o on o.id = oi.order_id
join stores s on s.id = oi.store_id
join dishes d on d.id = oi.dish_id
where o.payment_status = 'PAID'
  and o.status <> 'CANCELLED'
  and oi.store_id = ?
group by oi.store_id, s.name, oi.dish_id, d.name
order by quantitySold desc, revenue desc, d.name asc limit ?

Hibernate: select ip1_0.store_id,ip1_0.sort_order,ip1_0.image_path from store_image_paths ip1_0 where ip1_0.store_id=?
Hibernate: select coalesce(sum(o1_0.total_amount),0) from orders o1_0 where o1_0.payment_status='PAID' and o1_0.paid_at>=? and o1_0.paid_at<? and exists(select 1 from order_items oi1_0 where oi1_0.order_id=o1_0.id and oi1_0.store_id=?)
Hibernate: select
	oi.store_id as storeId,
	s.name as storeName,
	oi.dish_id as dishId,
	d.name as dishName,
	sum(oi.quantity) as quantitySold,
	count(distinct oi.order_id) as orderCount,
	coalesce(sum(oi.unit_price * oi.quantity), 0) as revenue
from order_items oi
join orders o on o.id = oi.order_id
join stores s on s.id = oi.store_id
join dishes d on d.id = oi.dish_id
where o.payment_status = 'PAID'
  and o.status <> 'CANCELLED'
  and oi.store_id = ?
group by oi.store_id, s.name, oi.dish_id, d.name
order by quantitySold desc, revenue desc, d.name asc limit ?

Hibernate: select ip1_0.store_id,ip1_0.sort_order,ip1_0.image_path from store_image_paths ip1_0 where ip1_0.store_id=?
Hibernate: select coalesce(sum(o1_0.total_amount),0) from orders o1_0 where o1_0.payment_status='PAID' and o1_0.paid_at>=? and o1_0.paid_at<? and exists(select 1 from order_items oi1_0 where oi1_0.order_id=o1_0.id and oi1_0.store_id=?)
Hibernate: select
	oi.store_id as storeId,
	s.name as storeName,
	oi.dish_id as dishId,
	d.name as dishName,
	sum(oi.quantity) as quantitySold,
	count(distinct oi.order_id) as orderCount,
	coalesce(sum(oi.unit_price * oi.quantity), 0) as revenue
from order_items oi
join orders o on o.id = oi.order_id
join stores s on s.id = oi.store_id
join dishes d on d.id = oi.dish_id
where o.payment_status = 'PAID'
  and o.status <> 'CANCELLED'
  and oi.store_id = ?
group by oi.store_id, s.name, oi.dish_id, d.name
order by quantitySold desc, revenue desc, d.name asc limit ?

Hibernate: select ip1_0.store_id,ip1_0.sort_order,ip1_0.image_path from store_image_paths ip1_0 where ip1_0.store_id=?
Hibernate: select d1_0.id,d1_0.active,d1_0.available,d1_0.category_id,d1_0.created_at,d1_0.description,d1_0.franchise_note,d1_0.franchise_required,d1_0.highlight_summary,d1_0.name,d1_0.note,d1_0.price,d1_0.status,d1_0.updated_at from dishes d1_0
Hibernate: select c1_0.id,c1_0.active,c1_0.created_at,c1_0.description,c1_0.name,c1_0.sort_order,s1_0.id,s1_0.active,s1_0.address,s1_0.area,s1_0.close_time,s1_0.contact_email,s1_0.created_at,s1_0.description,s1_0.design_signature,s1_0.franchise_mood,s1_0.highlight_summary,s1_0.hours_text,s1_0.latitude,s1_0.longitude,s1_0.name,s1_0.open_time,s1_0.personality,s1_0.phone_number,s1_0.position_label,s1_0.slug,s1_0.specialty,s1_0.updated_at,c1_0.updated_at from categories c1_0 left join stores s1_0 on s1_0.id=c1_0.store_id where c1_0.id=?
Hibernate: select c1_0.id,c1_0.active,c1_0.created_at,c1_0.description,c1_0.name,c1_0.sort_order,s1_0.id,s1_0.active,s1_0.address,s1_0.area,s1_0.close_time,s1_0.contact_email,s1_0.created_at,s1_0.description,s1_0.design_signature,s1_0.franchise_mood,s1_0.highlight_summary,s1_0.hours_text,s1_0.latitude,s1_0.longitude,s1_0.name,s1_0.open_time,s1_0.personality,s1_0.phone_number,s1_0.position_label,s1_0.slug,s1_0.specialty,s1_0.updated_at,c1_0.updated_at from categories c1_0 left join stores s1_0 on s1_0.id=c1_0.store_id where c1_0.id=?
Hibernate: select c1_0.id,c1_0.active,c1_0.created_at,c1_0.description,c1_0.name,c1_0.sort_order,s1_0.id,s1_0.active,s1_0.address,s1_0.area,s1_0.close_time,s1_0.contact_email,s1_0.created_at,s1_0.description,s1_0.design_signature,s1_0.franchise_mood,s1_0.highlight_summary,s1_0.hours_text,s1_0.latitude,s1_0.longitude,s1_0.name,s1_0.open_time,s1_0.personality,s1_0.phone_number,s1_0.position_label,s1_0.slug,s1_0.specialty,s1_0.updated_at,c1_0.updated_at from categories c1_0 left join stores s1_0 on s1_0.id=c1_0.store_id where c1_0.id=?
Hibernate: select c1_0.id,c1_0.active,c1_0.created_at,c1_0.description,c1_0.name,c1_0.sort_order,s1_0.id,s1_0.active,s1_0.address,s1_0.area,s1_0.close_time,s1_0.contact_email,s1_0.created_at,s1_0.description,s1_0.design_signature,s1_0.franchise_mood,s1_0.highlight_summary,s1_0.hours_text,s1_0.latitude,s1_0.longitude,s1_0.name,s1_0.open_time,s1_0.personality,s1_0.phone_number,s1_0.position_label,s1_0.slug,s1_0.specialty,s1_0.updated_at,c1_0.updated_at from categories c1_0 left join stores s1_0 on s1_0.id=c1_0.store_id where c1_0.id=?
Hibernate: select c1_0.id,c1_0.active,c1_0.created_at,c1_0.description,c1_0.name,c1_0.sort_order,s1_0.id,s1_0.active,s1_0.address,s1_0.area,s1_0.close_time,s1_0.contact_email,s1_0.created_at,s1_0.description,s1_0.design_signature,s1_0.franchise_mood,s1_0.highlight_summary,s1_0.hours_text,s1_0.latitude,s1_0.longitude,s1_0.name,s1_0.open_time,s1_0.personality,s1_0.phone_number,s1_0.position_label,s1_0.slug,s1_0.specialty,s1_0.updated_at,c1_0.updated_at from categories c1_0 left join stores s1_0 on s1_0.id=c1_0.store_id where c1_0.id=?
Hibernate: select c1_0.id,c1_0.active,c1_0.created_at,c1_0.description,c1_0.name,c1_0.sort_order,s1_0.id,s1_0.active,s1_0.address,s1_0.area,s1_0.close_time,s1_0.contact_email,s1_0.created_at,s1_0.description,s1_0.design_signature,s1_0.franchise_mood,s1_0.highlight_summary,s1_0.hours_text,s1_0.latitude,s1_0.longitude,s1_0.name,s1_0.open_time,s1_0.personality,s1_0.phone_number,s1_0.position_label,s1_0.slug,s1_0.specialty,s1_0.updated_at,c1_0.updated_at from categories c1_0 left join stores s1_0 on s1_0.id=c1_0.store_id where c1_0.id=?
Hibernate: select c1_0.id,c1_0.active,c1_0.created_at,c1_0.description,c1_0.name,c1_0.sort_order,s1_0.id,s1_0.active,s1_0.address,s1_0.area,s1_0.close_time,s1_0.contact_email,s1_0.created_at,s1_0.description,s1_0.design_signature,s1_0.franchise_mood,s1_0.highlight_summary,s1_0.hours_text,s1_0.latitude,s1_0.longitude,s1_0.name,s1_0.open_time,s1_0.personality,s1_0.phone_number,s1_0.position_label,s1_0.slug,s1_0.specialty,s1_0.updated_at,c1_0.updated_at from categories c1_0 left join stores s1_0 on s1_0.id=c1_0.store_id where c1_0.id=?
Hibernate: select c1_0.id,c1_0.active,c1_0.created_at,c1_0.description,c1_0.name,c1_0.sort_order,s1_0.id,s1_0.active,s1_0.address,s1_0.area,s1_0.close_time,s1_0.contact_email,s1_0.created_at,s1_0.description,s1_0.design_signature,s1_0.franchise_mood,s1_0.highlight_summary,s1_0.hours_text,s1_0.latitude,s1_0.longitude,s1_0.name,s1_0.open_time,s1_0.personality,s1_0.phone_number,s1_0.position_label,s1_0.slug,s1_0.specialty,s1_0.updated_at,c1_0.updated_at from categories c1_0 left join stores s1_0 on s1_0.id=c1_0.store_id where c1_0.id=?
Hibernate: select c1_0.id,c1_0.active,c1_0.created_at,c1_0.description,c1_0.name,c1_0.sort_order,s1_0.id,s1_0.active,s1_0.address,s1_0.area,s1_0.close_time,s1_0.contact_email,s1_0.created_at,s1_0.description,s1_0.design_signature,s1_0.franchise_mood,s1_0.highlight_summary,s1_0.hours_text,s1_0.latitude,s1_0.longitude,s1_0.name,s1_0.open_time,s1_0.personality,s1_0.phone_number,s1_0.position_label,s1_0.slug,s1_0.specialty,s1_0.updated_at,c1_0.updated_at from categories c1_0 left join stores s1_0 on s1_0.id=c1_0.store_id where c1_0.id=?
Hibernate: select c1_0.id,c1_0.active,c1_0.created_at,c1_0.description,c1_0.name,c1_0.sort_order,s1_0.id,s1_0.active,s1_0.address,s1_0.area,s1_0.close_time,s1_0.contact_email,s1_0.created_at,s1_0.description,s1_0.design_signature,s1_0.franchise_mood,s1_0.highlight_summary,s1_0.hours_text,s1_0.latitude,s1_0.longitude,s1_0.name,s1_0.open_time,s1_0.personality,s1_0.phone_number,s1_0.position_label,s1_0.slug,s1_0.specialty,s1_0.updated_at,c1_0.updated_at from categories c1_0 left join stores s1_0 on s1_0.id=c1_0.store_id where c1_0.id=?
Hibernate: select c1_0.id,c1_0.active,c1_0.created_at,c1_0.description,c1_0.name,c1_0.sort_order,s1_0.id,s1_0.active,s1_0.address,s1_0.area,s1_0.close_time,s1_0.contact_email,s1_0.created_at,s1_0.description,s1_0.design_signature,s1_0.franchise_mood,s1_0.highlight_summary,s1_0.hours_text,s1_0.latitude,s1_0.longitude,s1_0.name,s1_0.open_time,s1_0.personality,s1_0.phone_number,s1_0.position_label,s1_0.slug,s1_0.specialty,s1_0.updated_at,c1_0.updated_at from categories c1_0 left join stores s1_0 on s1_0.id=c1_0.store_id where c1_0.id=?
Hibernate: select c1_0.id,c1_0.active,c1_0.created_at,c1_0.description,c1_0.name,c1_0.sort_order,s1_0.id,s1_0.active,s1_0.address,s1_0.area,s1_0.close_time,s1_0.contact_email,s1_0.created_at,s1_0.description,s1_0.design_signature,s1_0.franchise_mood,s1_0.highlight_summary,s1_0.hours_text,s1_0.latitude,s1_0.longitude,s1_0.name,s1_0.open_time,s1_0.personality,s1_0.phone_number,s1_0.position_label,s1_0.slug,s1_0.specialty,s1_0.updated_at,c1_0.updated_at from categories c1_0 left join stores s1_0 on s1_0.id=c1_0.store_id where c1_0.id=?
Hibernate: select c1_0.id,c1_0.active,c1_0.created_at,c1_0.description,c1_0.name,c1_0.sort_order,s1_0.id,s1_0.active,s1_0.address,s1_0.area,s1_0.close_time,s1_0.contact_email,s1_0.created_at,s1_0.description,s1_0.design_signature,s1_0.franchise_mood,s1_0.highlight_summary,s1_0.hours_text,s1_0.latitude,s1_0.longitude,s1_0.name,s1_0.open_time,s1_0.personality,s1_0.phone_number,s1_0.position_label,s1_0.slug,s1_0.specialty,s1_0.updated_at,c1_0.updated_at from categories c1_0 left join stores s1_0 on s1_0.id=c1_0.store_id where c1_0.id=?
Hibernate: select c1_0.id,c1_0.active,c1_0.created_at,c1_0.description,c1_0.name,c1_0.sort_order,s1_0.id,s1_0.active,s1_0.address,s1_0.area,s1_0.close_time,s1_0.contact_email,s1_0.created_at,s1_0.description,s1_0.design_signature,s1_0.franchise_mood,s1_0.highlight_summary,s1_0.hours_text,s1_0.latitude,s1_0.longitude,s1_0.name,s1_0.open_time,s1_0.personality,s1_0.phone_number,s1_0.position_label,s1_0.slug,s1_0.specialty,s1_0.updated_at,c1_0.updated_at from categories c1_0 left join stores s1_0 on s1_0.id=c1_0.store_id where c1_0.id=?
Hibernate: select c1_0.id,c1_0.active,c1_0.created_at,c1_0.description,c1_0.name,c1_0.sort_order,s1_0.id,s1_0.active,s1_0.address,s1_0.area,s1_0.close_time,s1_0.contact_email,s1_0.created_at,s1_0.description,s1_0.design_signature,s1_0.franchise_mood,s1_0.highlight_summary,s1_0.hours_text,s1_0.latitude,s1_0.longitude,s1_0.name,s1_0.open_time,s1_0.personality,s1_0.phone_number,s1_0.position_label,s1_0.slug,s1_0.specialty,s1_0.updated_at,c1_0.updated_at from categories c1_0 left join stores s1_0 on s1_0.id=c1_0.store_id where c1_0.id=?
Hibernate: select c1_0.id,c1_0.active,c1_0.created_at,c1_0.description,c1_0.name,c1_0.sort_order,s1_0.id,s1_0.active,s1_0.address,s1_0.area,s1_0.close_time,s1_0.contact_email,s1_0.created_at,s1_0.description,s1_0.design_signature,s1_0.franchise_mood,s1_0.highlight_summary,s1_0.hours_text,s1_0.latitude,s1_0.longitude,s1_0.name,s1_0.open_time,s1_0.personality,s1_0.phone_number,s1_0.position_label,s1_0.slug,s1_0.specialty,s1_0.updated_at,c1_0.updated_at from categories c1_0 left join stores s1_0 on s1_0.id=c1_0.store_id where c1_0.id=?
Hibernate: select c1_0.id,c1_0.active,c1_0.created_at,c1_0.description,c1_0.name,c1_0.sort_order,s1_0.id,s1_0.active,s1_0.address,s1_0.area,s1_0.close_time,s1_0.contact_email,s1_0.created_at,s1_0.description,s1_0.design_signature,s1_0.franchise_mood,s1_0.highlight_summary,s1_0.hours_text,s1_0.latitude,s1_0.longitude,s1_0.name,s1_0.open_time,s1_0.personality,s1_0.phone_number,s1_0.position_label,s1_0.slug,s1_0.specialty,s1_0.updated_at,c1_0.updated_at from categories c1_0 left join stores s1_0 on s1_0.id=c1_0.store_id where c1_0.id=?
Hibernate: select c1_0.id,c1_0.active,c1_0.created_at,c1_0.description,c1_0.name,c1_0.sort_order,s1_0.id,s1_0.active,s1_0.address,s1_0.area,s1_0.close_time,s1_0.contact_email,s1_0.created_at,s1_0.description,s1_0.design_signature,s1_0.franchise_mood,s1_0.highlight_summary,s1_0.hours_text,s1_0.latitude,s1_0.longitude,s1_0.name,s1_0.open_time,s1_0.personality,s1_0.phone_number,s1_0.position_label,s1_0.slug,s1_0.specialty,s1_0.updated_at,c1_0.updated_at from categories c1_0 left join stores s1_0 on s1_0.id=c1_0.store_id where c1_0.id=?
Hibernate: select c1_0.id,c1_0.active,c1_0.created_at,c1_0.description,c1_0.name,c1_0.sort_order,s1_0.id,s1_0.active,s1_0.address,s1_0.area,s1_0.close_time,s1_0.contact_email,s1_0.created_at,s1_0.description,s1_0.design_signature,s1_0.franchise_mood,s1_0.highlight_summary,s1_0.hours_text,s1_0.latitude,s1_0.longitude,s1_0.name,s1_0.open_time,s1_0.personality,s1_0.phone_number,s1_0.position_label,s1_0.slug,s1_0.specialty,s1_0.updated_at,c1_0.updated_at from categories c1_0 left join stores s1_0 on s1_0.id=c1_0.store_id where c1_0.id=?
Hibernate: select c1_0.id,c1_0.active,c1_0.created_at,c1_0.description,c1_0.name,c1_0.sort_order,s1_0.id,s1_0.active,s1_0.address,s1_0.area,s1_0.close_time,s1_0.contact_email,s1_0.created_at,s1_0.description,s1_0.design_signature,s1_0.franchise_mood,s1_0.highlight_summary,s1_0.hours_text,s1_0.latitude,s1_0.longitude,s1_0.name,s1_0.open_time,s1_0.personality,s1_0.phone_number,s1_0.position_label,s1_0.slug,s1_0.specialty,s1_0.updated_at,c1_0.updated_at from categories c1_0 left join stores s1_0 on s1_0.id=c1_0.store_id where c1_0.id=?
Hibernate: select ip1_0.dish_id,ip1_0.sort_order,ip1_0.image_path from dish_image_paths ip1_0 where ip1_0.dish_id=?
Hibernate: select ip1_0.dish_id,ip1_0.sort_order,ip1_0.image_path from dish_image_paths ip1_0 where ip1_0.dish_id=?
Hibernate: select ip1_0.dish_id,ip1_0.sort_order,ip1_0.image_path from dish_image_paths ip1_0 where ip1_0.dish_id=?
Hibernate: select ip1_0.dish_id,ip1_0.sort_order,ip1_0.image_path from dish_image_paths ip1_0 where ip1_0.dish_id=?
Hibernate: select ip1_0.dish_id,ip1_0.sort_order,ip1_0.image_path from dish_image_paths ip1_0 where ip1_0.dish_id=?
Hibernate: select ip1_0.dish_id,ip1_0.sort_order,ip1_0.image_path from dish_image_paths ip1_0 where ip1_0.dish_id=?
Hibernate: select ip1_0.dish_id,ip1_0.sort_order,ip1_0.image_path from dish_image_paths ip1_0 where ip1_0.dish_id=?
Hibernate: select ip1_0.dish_id,ip1_0.sort_order,ip1_0.image_path from dish_image_paths ip1_0 where ip1_0.dish_id=?
Hibernate: select ip1_0.dish_id,ip1_0.sort_order,ip1_0.image_path from dish_image_paths ip1_0 where ip1_0.dish_id=?
Hibernate: select ip1_0.dish_id,ip1_0.sort_order,ip1_0.image_path from dish_image_paths ip1_0 where ip1_0.dish_id=?
Hibernate: select ip1_0.dish_id,ip1_0.sort_order,ip1_0.image_path from dish_image_paths ip1_0 where ip1_0.dish_id=?
Hibernate: select ip1_0.dish_id,ip1_0.sort_order,ip1_0.image_path from dish_image_paths ip1_0 where ip1_0.dish_id=?
Hibernate: select ip1_0.dish_id,ip1_0.sort_order,ip1_0.image_path from dish_image_paths ip1_0 where ip1_0.dish_id=?
Hibernate: select ip1_0.dish_id,ip1_0.sort_order,ip1_0.image_path from dish_image_paths ip1_0 where ip1_0.dish_id=?
Hibernate: select ei1_0.id,ei1_0.active,ei1_0.booked_count,ei1_0.capacity,ei1_0.created_at,ei1_0.description,ei1_0.ends_at,ei1_0.highlight_summary,ei1_0.location,ei1_0.name,ei1_0.schedule_text,ei1_0.slug,ei1_0.starts_at,ei1_0.store_id,ei1_0.updated_at from events ei1_0
Hibernate: select ip1_0.event_id,ip1_0.sort_order,ip1_0.image_path from event_image_paths ip1_0 where ip1_0.event_id=?
Hibernate: select ip1_0.event_id,ip1_0.sort_order,ip1_0.image_path from event_image_paths ip1_0 where ip1_0.event_id=?
Hibernate: select ip1_0.event_id,ip1_0.sort_order,ip1_0.image_path from event_image_paths ip1_0 where ip1_0.event_id=?
Hibernate: select ip1_0.event_id,ip1_0.sort_order,ip1_0.image_path from event_image_paths ip1_0 where ip1_0.event_id=?
Hibernate: select ip1_0.event_id,ip1_0.sort_order,ip1_0.image_path from event_image_paths ip1_0 where ip1_0.event_id=?
Hibernate: select ip1_0.event_id,ip1_0.sort_order,ip1_0.image_path from event_image_paths ip1_0 where ip1_0.event_id=?
Hibernate: select ip1_0.event_id,ip1_0.sort_order,ip1_0.image_path from event_image_paths ip1_0 where ip1_0.event_id=?
Hibernate: select ip1_0.event_id,ip1_0.sort_order,ip1_0.image_path from event_image_paths ip1_0 where ip1_0.event_id=?
Hibernate: select ip1_0.event_id,ip1_0.sort_order,ip1_0.image_path from event_image_paths ip1_0 where ip1_0.event_id=?
Hibernate: select ip1_0.event_id,ip1_0.sort_order,ip1_0.image_path from event_image_paths ip1_0 where ip1_0.event_id=?
Hibernate: select ip1_0.event_id,ip1_0.sort_order,ip1_0.image_path from event_image_paths ip1_0 where ip1_0.event_id=?
Hibernate: select ip1_0.event_id,ip1_0.sort_order,ip1_0.image_path from event_image_paths ip1_0 where ip1_0.event_id=?
Hibernate: select na1_0.id,na1_0.content,na1_0.created_at,na1_0.featured,na1_0.published,na1_0.published_at,na1_0.related_store_id,na1_0.slug,na1_0.summary,na1_0.title,na1_0.updated_at from news_articles na1_0
Hibernate: select ip1_0.news_article_id,ip1_0.sort_order,ip1_0.image_path from news_article_image_paths ip1_0 where ip1_0.news_article_id=?
Hibernate: select t1_0.news_article_id,t1_0.sort_order,t1_0.tag from news_article_tags t1_0 where t1_0.news_article_id=?
Hibernate: select ip1_0.news_article_id,ip1_0.sort_order,ip1_0.image_path from news_article_image_paths ip1_0 where ip1_0.news_article_id=?
Hibernate: select t1_0.news_article_id,t1_0.sort_order,t1_0.tag from news_article_tags t1_0 where t1_0.news_article_id=?
Hibernate: select ip1_0.news_article_id,ip1_0.sort_order,ip1_0.image_path from news_article_image_paths ip1_0 where ip1_0.news_article_id=?
Hibernate: select t1_0.news_article_id,t1_0.sort_order,t1_0.tag from news_article_tags t1_0 where t1_0.news_article_id=?
Hibernate: select ip1_0.news_article_id,ip1_0.sort_order,ip1_0.image_path from news_article_image_paths ip1_0 where ip1_0.news_article_id=?
Hibernate: select t1_0.news_article_id,t1_0.sort_order,t1_0.tag from news_article_tags t1_0 where t1_0.news_article_id=?
Hibernate: select ip1_0.news_article_id,ip1_0.sort_order,ip1_0.image_path from news_article_image_paths ip1_0 where ip1_0.news_article_id=?
Hibernate: select t1_0.news_article_id,t1_0.sort_order,t1_0.tag from news_article_tags t1_0 where t1_0.news_article_id=?
Hibernate: select ip1_0.news_article_id,ip1_0.sort_order,ip1_0.image_path from news_article_image_paths ip1_0 where ip1_0.news_article_id=?
Hibernate: select t1_0.news_article_id,t1_0.sort_order,t1_0.tag from news_article_tags t1_0 where t1_0.news_article_id=?
Hibernate: select ip1_0.news_article_id,ip1_0.sort_order,ip1_0.image_path from news_article_image_paths ip1_0 where ip1_0.news_article_id=?
Hibernate: select t1_0.news_article_id,t1_0.sort_order,t1_0.tag from news_article_tags t1_0 where t1_0.news_article_id=?
Hibernate: select ip1_0.news_article_id,ip1_0.sort_order,ip1_0.image_path from news_article_image_paths ip1_0 where ip1_0.news_article_id=?
Hibernate: select t1_0.news_article_id,t1_0.sort_order,t1_0.tag from news_article_tags t1_0 where t1_0.news_article_id=?
Hibernate: select ip1_0.news_article_id,ip1_0.sort_order,ip1_0.image_path from news_article_image_paths ip1_0 where ip1_0.news_article_id=?
Hibernate: select t1_0.news_article_id,t1_0.sort_order,t1_0.tag from news_article_tags t1_0 where t1_0.news_article_id=?
Hibernate: select ip1_0.news_article_id,ip1_0.sort_order,ip1_0.image_path from news_article_image_paths ip1_0 where ip1_0.news_article_id=?
Hibernate: select t1_0.news_article_id,t1_0.sort_order,t1_0.tag from news_article_tags t1_0 where t1_0.news_article_id=?
Hibernate: select ip1_0.news_article_id,ip1_0.sort_order,ip1_0.image_path from news_article_image_paths ip1_0 where ip1_0.news_article_id=?
Hibernate: select t1_0.news_article_id,t1_0.sort_order,t1_0.tag from news_article_tags t1_0 where t1_0.news_article_id=?
Hibernate: select ip1_0.news_article_id,ip1_0.sort_order,ip1_0.image_path from news_article_image_paths ip1_0 where ip1_0.news_article_id=?
Hibernate: select t1_0.news_article_id,t1_0.sort_order,t1_0.tag from news_article_tags t1_0 where t1_0.news_article_id=?
Hibernate: select p1_0.id,p1_0.active,p1_0.code,p1_0.created_at,p1_0.description,p1_0.discount_type,p1_0.discount_value,p1_0.ends_at,p1_0.max_discount_amount,p1_0.min_cross_store_bill_amount,p1_0.min_order_amount,p1_0.min_store_bill_amount,p1_0.name,p1_0.scope,p1_0.starts_at,p1_0.updated_at,p1_0.usage_limit,p1_0.used_count from promotions p1_0
Hibernate: select c1_0.id,c1_0.created_at,c1_0.status,c1_0.updated_at,c1_0.user_id from carts c1_0 join users u1_0 on u1_0.id=c1_0.user_id where u1_0.id=? and c1_0.status=?
Hibernate: select ci1_0.id,ci1_0.cart_id,ci1_0.created_at,ci1_0.dish_id,ci1_0.quantity,ci1_0.store_id,ci1_0.unit_price,ci1_0.updated_at from cart_items ci1_0 join carts c1_0 on c1_0.id=ci1_0.cart_id where c1_0.id=?
Hibernate: select o1_0.id,o1_0.confirmed_at,o1_0.confirmed_by_user_id,o1_0.created_at,o1_0.delivering_shipper_id,o1_0.delivery_address,o1_0.delivery_address_id,o1_0.delivery_full_name,o1_0.delivery_phone_number,o1_0.delivery_proof_captured_at,o1_0.delivery_proof_image_path,o1_0.delivery_proof_note,o1_0.delivery_proof_uploaded_at,o1_0.delivery_type,o1_0.discount_amount,o1_0.invoice_issued_at,o1_0.invoice_number,o1_0.invoice_qr_token,o1_0.paid_at,o1_0.payment_cancel_url,o1_0.payment_checkout_url,o1_0.payment_expires_at,o1_0.payment_link_id,o1_0.payment_provider,o1_0.payment_qr_code,o1_0.payment_reference,o1_0.payment_return_url,o1_0.payment_status,o1_0.payos_order_code,o1_0.preparing_staff_id,o1_0.promotion_code,o1_0.promotion_eligible_amount,o1_0.promotion_scope,o1_0.scheduled_delivery_at,o1_0.status,o1_0.subtotal_amount,o1_0.total_amount,o1_0.updated_at,o1_0.user_id from orders o1_0 join users u1_0 on u1_0.id=o1_0.user_id where u1_0.id=?
Hibernate: select u1_0.id,u1_0.created_at,u1_0.email,u1_0.enabled,u1_0.full_name,u1_0.password_hash,u1_0.profile_completed,u1_0.role,u1_0.updated_at,u1_0.verified_at,ws1_0.id,ws1_0.active,ws1_0.address,ws1_0.area,ws1_0.close_time,ws1_0.contact_email,ws1_0.created_at,ws1_0.description,ws1_0.design_signature,ws1_0.franchise_mood,ws1_0.highlight_summary,ws1_0.hours_text,ws1_0.latitude,ws1_0.longitude,ws1_0.name,ws1_0.open_time,ws1_0.personality,ws1_0.phone_number,ws1_0.position_label,ws1_0.slug,ws1_0.specialty,ws1_0.updated_at from users u1_0 left join stores ws1_0 on ws1_0.id=u1_0.working_store_id where u1_0.id=?
Hibernate: select u1_0.id,u1_0.created_at,u1_0.email,u1_0.enabled,u1_0.full_name,u1_0.password_hash,u1_0.profile_completed,u1_0.role,u1_0.updated_at,u1_0.verified_at,ws1_0.id,ws1_0.active,ws1_0.address,ws1_0.area,ws1_0.close_time,ws1_0.contact_email,ws1_0.created_at,ws1_0.description,ws1_0.design_signature,ws1_0.franchise_mood,ws1_0.highlight_summary,ws1_0.hours_text,ws1_0.latitude,ws1_0.longitude,ws1_0.name,ws1_0.open_time,ws1_0.personality,ws1_0.phone_number,ws1_0.position_label,ws1_0.slug,ws1_0.specialty,ws1_0.updated_at from users u1_0 left join stores ws1_0 on ws1_0.id=u1_0.working_store_id where u1_0.id=?
Hibernate: select oi1_0.id,oi1_0.created_at,oi1_0.dish_id,oi1_0.order_id,oi1_0.quantity,oi1_0.store_id,oi1_0.unit_price,oi1_0.updated_at from order_items oi1_0 join orders o1_0 on o1_0.id=oi1_0.order_id where o1_0.id=?
Hibernate: select oi1_0.id,oi1_0.created_at,oi1_0.dish_id,oi1_0.order_id,oi1_0.quantity,oi1_0.store_id,oi1_0.unit_price,oi1_0.updated_at from order_items oi1_0 join orders o1_0 on o1_0.id=oi1_0.order_id where o1_0.id=?
Hibernate: select oi1_0.id,oi1_0.created_at,oi1_0.dish_id,oi1_0.order_id,oi1_0.quantity,oi1_0.store_id,oi1_0.unit_price,oi1_0.updated_at from order_items oi1_0 join orders o1_0 on o1_0.id=oi1_0.order_id where o1_0.id=?
Hibernate: select oi1_0.id,oi1_0.created_at,oi1_0.dish_id,oi1_0.order_id,oi1_0.quantity,oi1_0.store_id,oi1_0.unit_price,oi1_0.updated_at from order_items oi1_0 join orders o1_0 on o1_0.id=oi1_0.order_id where o1_0.id=?
Hibernate: select oi1_0.id,oi1_0.created_at,oi1_0.dish_id,oi1_0.order_id,oi1_0.quantity,oi1_0.store_id,oi1_0.unit_price,oi1_0.updated_at from order_items oi1_0 join orders o1_0 on o1_0.id=oi1_0.order_id where o1_0.id=?
Hibernate: select oi1_0.id,oi1_0.created_at,oi1_0.dish_id,oi1_0.order_id,oi1_0.quantity,oi1_0.store_id,oi1_0.unit_price,oi1_0.updated_at from order_items oi1_0 join orders o1_0 on o1_0.id=oi1_0.order_id where o1_0.id=?
Hibernate: insert into ai_chat_messages (actions_json,content,created_at,model,references_json,role,thread_id) values (?,?,?,?,?,?,?)
Hibernate: insert into ai_chat_messages (actions_json,content,created_at,model,references_json,role,thread_id) values (?,?,?,?,?,?,?)
Hibernate: update ai_chat_threads set last_message_at=?,last_message_preview=?,last_message_role=?,message_count=?,title=?,updated_at=?,user_id=? where id=?
Hibernate: select us1_0.id,us1_0.created_at,us1_0.expires_at,us1_0.token,us1_0.user_id from user_sessions us1_0 where us1_0.token=?
Hibernate: select u1_0.id,u1_0.created_at,u1_0.email,u1_0.enabled,u1_0.full_name,u1_0.password_hash,u1_0.profile_completed,u1_0.role,u1_0.updated_at,u1_0.verified_at,ws1_0.id,ws1_0.active,ws1_0.address,ws1_0.area,ws1_0.close_time,ws1_0.contact_email,ws1_0.created_at,ws1_0.description,ws1_0.design_signature,ws1_0.franchise_mood,ws1_0.highlight_summary,ws1_0.hours_text,ws1_0.latitude,ws1_0.longitude,ws1_0.name,ws1_0.open_time,ws1_0.personality,ws1_0.phone_number,ws1_0.position_label,ws1_0.slug,ws1_0.specialty,ws1_0.updated_at from users u1_0 left join stores ws1_0 on ws1_0.id=u1_0.working_store_id where u1_0.id=?
Hibernate: select act1_0.id,act1_0.created_at,act1_0.last_message_at,act1_0.last_message_preview,act1_0.last_message_role,act1_0.message_count,act1_0.title,act1_0.updated_at,act1_0.user_id from ai_chat_threads act1_0 join users u1_0 on u1_0.id=act1_0.user_id where u1_0.id=? order by act1_0.updated_at desc limit ?
Hibernate: select us1_0.id,us1_0.created_at,us1_0.expires_at,us1_0.token,us1_0.user_id from user_sessions us1_0 where us1_0.token=?
Hibernate: select us1_0.id,us1_0.created_at,us1_0.expires_at,us1_0.token,us1_0.user_id from user_sessions us1_0 where us1_0.token=?
Hibernate: select u1_0.id,u1_0.created_at,u1_0.email,u1_0.enabled,u1_0.full_name,u1_0.password_hash,u1_0.profile_completed,u1_0.role,u1_0.updated_at,u1_0.verified_at,ws1_0.id,ws1_0.active,ws1_0.address,ws1_0.area,ws1_0.close_time,ws1_0.contact_email,ws1_0.created_at,ws1_0.description,ws1_0.design_signature,ws1_0.franchise_mood,ws1_0.highlight_summary,ws1_0.hours_text,ws1_0.latitude,ws1_0.longitude,ws1_0.name,ws1_0.open_time,ws1_0.personality,ws1_0.phone_number,ws1_0.position_label,ws1_0.slug,ws1_0.specialty,ws1_0.updated_at from users u1_0 left join stores ws1_0 on ws1_0.id=u1_0.working_store_id where u1_0.id=?
Hibernate: select u1_0.id,u1_0.created_at,u1_0.email,u1_0.enabled,u1_0.full_name,u1_0.password_hash,u1_0.profile_completed,u1_0.role,u1_0.updated_at,u1_0.verified_at,ws1_0.id,ws1_0.active,ws1_0.address,ws1_0.area,ws1_0.close_time,ws1_0.contact_email,ws1_0.created_at,ws1_0.description,ws1_0.design_signature,ws1_0.franchise_mood,ws1_0.highlight_summary,ws1_0.hours_text,ws1_0.latitude,ws1_0.longitude,ws1_0.name,ws1_0.open_time,ws1_0.personality,ws1_0.phone_number,ws1_0.position_label,ws1_0.slug,ws1_0.specialty,ws1_0.updated_at from users u1_0 left join stores ws1_0 on ws1_0.id=u1_0.working_store_id where u1_0.id=?
Hibernate: select count(un1_0.id) from user_notifications un1_0 join users u1_0 on u1_0.id=un1_0.user_id where u1_0.id=? and un1_0.read_at is null
Hibernate: select un1_0.id,un1_0.action_url,un1_0.created_at,un1_0.message,un1_0.read_at,un1_0.related_event_id,un1_0.related_event_slug,un1_0.related_news_id,un1_0.related_news_slug,un1_0.related_order_id,un1_0.related_store_id,un1_0.related_store_name,un1_0.title,un1_0.type,un1_0.user_id from user_notifications un1_0 join users u1_0 on u1_0.id=un1_0.user_id where u1_0.id=? order by un1_0.created_at desc limit ?
Hibernate: select count(un1_0.id) from user_notifications un1_0 join users u1_0 on u1_0.id=un1_0.user_id where u1_0.id=?
Hibernate: select r1_0.id,r1_0.approved,r1_0.comment,r1_0.created_at,r1_0.rating,r1_0.target_id,r1_0.target_type,r1_0.title,r1_0.updated_at,r1_0.user_id from reviews r1_0
Hibernate: select u1_0.id,u1_0.created_at,u1_0.email,u1_0.enabled,u1_0.full_name,u1_0.password_hash,u1_0.profile_completed,u1_0.role,u1_0.updated_at,u1_0.verified_at,ws1_0.id,ws1_0.active,ws1_0.address,ws1_0.area,ws1_0.close_time,ws1_0.contact_email,ws1_0.created_at,ws1_0.description,ws1_0.design_signature,ws1_0.franchise_mood,ws1_0.highlight_summary,ws1_0.hours_text,ws1_0.latitude,ws1_0.longitude,ws1_0.name,ws1_0.open_time,ws1_0.personality,ws1_0.phone_number,ws1_0.position_label,ws1_0.slug,ws1_0.specialty,ws1_0.updated_at from users u1_0 left join stores ws1_0 on ws1_0.id=u1_0.working_store_id where u1_0.id=?
Hibernate: select u1_0.id,u1_0.created_at,u1_0.email,u1_0.enabled,u1_0.full_name,u1_0.password_hash,u1_0.profile_completed,u1_0.role,u1_0.updated_at,u1_0.verified_at,ws1_0.id,ws1_0.active,ws1_0.address,ws1_0.area,ws1_0.close_time,ws1_0.contact_email,ws1_0.created_at,ws1_0.description,ws1_0.design_signature,ws1_0.franchise_mood,ws1_0.highlight_summary,ws1_0.hours_text,ws1_0.latitude,ws1_0.longitude,ws1_0.name,ws1_0.open_time,ws1_0.personality,ws1_0.phone_number,ws1_0.position_label,ws1_0.slug,ws1_0.specialty,ws1_0.updated_at from users u1_0 left join stores ws1_0 on ws1_0.id=u1_0.working_store_id where u1_0.id=?
Hibernate: select u1_0.id,u1_0.created_at,u1_0.email,u1_0.enabled,u1_0.full_name,u1_0.password_hash,u1_0.profile_completed,u1_0.role,u1_0.updated_at,u1_0.verified_at,ws1_0.id,ws1_0.active,ws1_0.address,ws1_0.area,ws1_0.close_time,ws1_0.contact_email,ws1_0.created_at,ws1_0.description,ws1_0.design_signature,ws1_0.franchise_mood,ws1_0.highlight_summary,ws1_0.hours_text,ws1_0.latitude,ws1_0.longitude,ws1_0.name,ws1_0.open_time,ws1_0.personality,ws1_0.phone_number,ws1_0.position_label,ws1_0.slug,ws1_0.specialty,ws1_0.updated_at from users u1_0 left join stores ws1_0 on ws1_0.id=u1_0.working_store_id where u1_0.id=?
Hibernate: select u1_0.id,u1_0.created_at,u1_0.email,u1_0.enabled,u1_0.full_name,u1_0.password_hash,u1_0.profile_completed,u1_0.role,u1_0.updated_at,u1_0.verified_at,ws1_0.id,ws1_0.active,ws1_0.address,ws1_0.area,ws1_0.close_time,ws1_0.contact_email,ws1_0.created_at,ws1_0.description,ws1_0.design_signature,ws1_0.franchise_mood,ws1_0.highlight_summary,ws1_0.hours_text,ws1_0.latitude,ws1_0.longitude,ws1_0.name,ws1_0.open_time,ws1_0.personality,ws1_0.phone_number,ws1_0.position_label,ws1_0.slug,ws1_0.specialty,ws1_0.updated_at from users u1_0 left join stores ws1_0 on ws1_0.id=u1_0.working_store_id where u1_0.id=?
Hibernate: select u1_0.id,u1_0.created_at,u1_0.email,u1_0.enabled,u1_0.full_name,u1_0.password_hash,u1_0.profile_completed,u1_0.role,u1_0.updated_at,u1_0.verified_at,ws1_0.id,ws1_0.active,ws1_0.address,ws1_0.area,ws1_0.close_time,ws1_0.contact_email,ws1_0.created_at,ws1_0.description,ws1_0.design_signature,ws1_0.franchise_mood,ws1_0.highlight_summary,ws1_0.hours_text,ws1_0.latitude,ws1_0.longitude,ws1_0.name,ws1_0.open_time,ws1_0.personality,ws1_0.phone_number,ws1_0.position_label,ws1_0.slug,ws1_0.specialty,ws1_0.updated_at from users u1_0 left join stores ws1_0 on ws1_0.id=u1_0.working_store_id where u1_0.id=?
Hibernate: select u1_0.id,u1_0.created_at,u1_0.email,u1_0.enabled,u1_0.full_name,u1_0.password_hash,u1_0.profile_completed,u1_0.role,u1_0.updated_at,u1_0.verified_at,ws1_0.id,ws1_0.active,ws1_0.address,ws1_0.area,ws1_0.close_time,ws1_0.contact_email,ws1_0.created_at,ws1_0.description,ws1_0.design_signature,ws1_0.franchise_mood,ws1_0.highlight_summary,ws1_0.hours_text,ws1_0.latitude,ws1_0.longitude,ws1_0.name,ws1_0.open_time,ws1_0.personality,ws1_0.phone_number,ws1_0.position_label,ws1_0.slug,ws1_0.specialty,ws1_0.updated_at from users u1_0 left join stores ws1_0 on ws1_0.id=u1_0.working_store_id where u1_0.id=?
Hibernate: select u1_0.id,u1_0.created_at,u1_0.email,u1_0.enabled,u1_0.full_name,u1_0.password_hash,u1_0.profile_completed,u1_0.role,u1_0.updated_at,u1_0.verified_at,ws1_0.id,ws1_0.active,ws1_0.address,ws1_0.area,ws1_0.close_time,ws1_0.contact_email,ws1_0.created_at,ws1_0.description,ws1_0.design_signature,ws1_0.franchise_mood,ws1_0.highlight_summary,ws1_0.hours_text,ws1_0.latitude,ws1_0.longitude,ws1_0.name,ws1_0.open_time,ws1_0.personality,ws1_0.phone_number,ws1_0.position_label,ws1_0.slug,ws1_0.specialty,ws1_0.updated_at from users u1_0 left join stores ws1_0 on ws1_0.id=u1_0.working_store_id where u1_0.id=?
Hibernate: select u1_0.id,u1_0.created_at,u1_0.email,u1_0.enabled,u1_0.full_name,u1_0.password_hash,u1_0.profile_completed,u1_0.role,u1_0.updated_at,u1_0.verified_at,ws1_0.id,ws1_0.active,ws1_0.address,ws1_0.area,ws1_0.close_time,ws1_0.contact_email,ws1_0.created_at,ws1_0.description,ws1_0.design_signature,ws1_0.franchise_mood,ws1_0.highlight_summary,ws1_0.hours_text,ws1_0.latitude,ws1_0.longitude,ws1_0.name,ws1_0.open_time,ws1_0.personality,ws1_0.phone_number,ws1_0.position_label,ws1_0.slug,ws1_0.specialty,ws1_0.updated_at from users u1_0 left join stores ws1_0 on ws1_0.id=u1_0.working_store_id where u1_0.id=?
Hibernate: select u1_0.id,u1_0.created_at,u1_0.email,u1_0.enabled,u1_0.full_name,u1_0.password_hash,u1_0.profile_completed,u1_0.role,u1_0.updated_at,u1_0.verified_at,ws1_0.id,ws1_0.active,ws1_0.address,ws1_0.area,ws1_0.close_time,ws1_0.contact_email,ws1_0.created_at,ws1_0.description,ws1_0.design_signature,ws1_0.franchise_mood,ws1_0.highlight_summary,ws1_0.hours_text,ws1_0.latitude,ws1_0.longitude,ws1_0.name,ws1_0.open_time,ws1_0.personality,ws1_0.phone_number,ws1_0.position_label,ws1_0.slug,ws1_0.specialty,ws1_0.updated_at from users u1_0 left join stores ws1_0 on ws1_0.id=u1_0.working_store_id where u1_0.id=?
Hibernate: select u1_0.id,u1_0.created_at,u1_0.email,u1_0.enabled,u1_0.full_name,u1_0.password_hash,u1_0.profile_completed,u1_0.role,u1_0.updated_at,u1_0.verified_at,ws1_0.id,ws1_0.active,ws1_0.address,ws1_0.area,ws1_0.close_time,ws1_0.contact_email,ws1_0.created_at,ws1_0.description,ws1_0.design_signature,ws1_0.franchise_mood,ws1_0.highlight_summary,ws1_0.hours_text,ws1_0.latitude,ws1_0.longitude,ws1_0.name,ws1_0.open_time,ws1_0.personality,ws1_0.phone_number,ws1_0.position_label,ws1_0.slug,ws1_0.specialty,ws1_0.updated_at from users u1_0 left join stores ws1_0 on ws1_0.id=u1_0.working_store_id where u1_0.id=?
Hibernate: select u1_0.id,u1_0.created_at,u1_0.email,u1_0.enabled,u1_0.full_name,u1_0.password_hash,u1_0.profile_completed,u1_0.role,u1_0.updated_at,u1_0.verified_at,ws1_0.id,ws1_0.active,ws1_0.address,ws1_0.area,ws1_0.close_time,ws1_0.contact_email,ws1_0.created_at,ws1_0.description,ws1_0.design_signature,ws1_0.franchise_mood,ws1_0.highlight_summary,ws1_0.hours_text,ws1_0.latitude,ws1_0.longitude,ws1_0.name,ws1_0.open_time,ws1_0.personality,ws1_0.phone_number,ws1_0.position_label,ws1_0.slug,ws1_0.specialty,ws1_0.updated_at from users u1_0 left join stores ws1_0 on ws1_0.id=u1_0.working_store_id where u1_0.id=?
Hibernate: select u1_0.id,u1_0.created_at,u1_0.email,u1_0.enabled,u1_0.full_name,u1_0.password_hash,u1_0.profile_completed,u1_0.role,u1_0.updated_at,u1_0.verified_at,ws1_0.id,ws1_0.active,ws1_0.address,ws1_0.area,ws1_0.close_time,ws1_0.contact_email,ws1_0.created_at,ws1_0.description,ws1_0.design_signature,ws1_0.franchise_mood,ws1_0.highlight_summary,ws1_0.hours_text,ws1_0.latitude,ws1_0.longitude,ws1_0.name,ws1_0.open_time,ws1_0.personality,ws1_0.phone_number,ws1_0.position_label,ws1_0.slug,ws1_0.specialty,ws1_0.updated_at from users u1_0 left join stores ws1_0 on ws1_0.id=u1_0.working_store_id where u1_0.id=?
Hibernate: select u1_0.id,u1_0.created_at,u1_0.email,u1_0.enabled,u1_0.full_name,u1_0.password_hash,u1_0.profile_completed,u1_0.role,u1_0.updated_at,u1_0.verified_at,ws1_0.id,ws1_0.active,ws1_0.address,ws1_0.area,ws1_0.close_time,ws1_0.contact_email,ws1_0.created_at,ws1_0.description,ws1_0.design_signature,ws1_0.franchise_mood,ws1_0.highlight_summary,ws1_0.hours_text,ws1_0.latitude,ws1_0.longitude,ws1_0.name,ws1_0.open_time,ws1_0.personality,ws1_0.phone_number,ws1_0.position_label,ws1_0.slug,ws1_0.specialty,ws1_0.updated_at from users u1_0 left join stores ws1_0 on ws1_0.id=u1_0.working_store_id where u1_0.id=?
Hibernate: select u1_0.id,u1_0.created_at,u1_0.email,u1_0.enabled,u1_0.full_name,u1_0.password_hash,u1_0.profile_completed,u1_0.role,u1_0.updated_at,u1_0.verified_at,ws1_0.id,ws1_0.active,ws1_0.address,ws1_0.area,ws1_0.close_time,ws1_0.contact_email,ws1_0.created_at,ws1_0.description,ws1_0.design_signature,ws1_0.franchise_mood,ws1_0.highlight_summary,ws1_0.hours_text,ws1_0.latitude,ws1_0.longitude,ws1_0.name,ws1_0.open_time,ws1_0.personality,ws1_0.phone_number,ws1_0.position_label,ws1_0.slug,ws1_0.specialty,ws1_0.updated_at from users u1_0 left join stores ws1_0 on ws1_0.id=u1_0.working_store_id where u1_0.id=?
Hibernate: select u1_0.id,u1_0.created_at,u1_0.email,u1_0.enabled,u1_0.full_name,u1_0.password_hash,u1_0.profile_completed,u1_0.role,u1_0.updated_at,u1_0.verified_at,ws1_0.id,ws1_0.active,ws1_0.address,ws1_0.area,ws1_0.close_time,ws1_0.contact_email,ws1_0.created_at,ws1_0.description,ws1_0.design_signature,ws1_0.franchise_mood,ws1_0.highlight_summary,ws1_0.hours_text,ws1_0.latitude,ws1_0.longitude,ws1_0.name,ws1_0.open_time,ws1_0.personality,ws1_0.phone_number,ws1_0.position_label,ws1_0.slug,ws1_0.specialty,ws1_0.updated_at from users u1_0 left join stores ws1_0 on ws1_0.id=u1_0.working_store_id where u1_0.id=?
Hibernate: select u1_0.id,u1_0.created_at,u1_0.email,u1_0.enabled,u1_0.full_name,u1_0.password_hash,u1_0.profile_completed,u1_0.role,u1_0.updated_at,u1_0.verified_at,ws1_0.id,ws1_0.active,ws1_0.address,ws1_0.area,ws1_0.close_time,ws1_0.contact_email,ws1_0.created_at,ws1_0.description,ws1_0.design_signature,ws1_0.franchise_mood,ws1_0.highlight_summary,ws1_0.hours_text,ws1_0.latitude,ws1_0.longitude,ws1_0.name,ws1_0.open_time,ws1_0.personality,ws1_0.phone_number,ws1_0.position_label,ws1_0.slug,ws1_0.specialty,ws1_0.updated_at from users u1_0 left join stores ws1_0 on ws1_0.id=u1_0.working_store_id where u1_0.id=?
Hibernate: select u1_0.id,u1_0.created_at,u1_0.email,u1_0.enabled,u1_0.full_name,u1_0.password_hash,u1_0.profile_completed,u1_0.role,u1_0.updated_at,u1_0.verified_at,ws1_0.id,ws1_0.active,ws1_0.address,ws1_0.area,ws1_0.close_time,ws1_0.contact_email,ws1_0.created_at,ws1_0.description,ws1_0.design_signature,ws1_0.franchise_mood,ws1_0.highlight_summary,ws1_0.hours_text,ws1_0.latitude,ws1_0.longitude,ws1_0.name,ws1_0.open_time,ws1_0.personality,ws1_0.phone_number,ws1_0.position_label,ws1_0.slug,ws1_0.specialty,ws1_0.updated_at from users u1_0 left join stores ws1_0 on ws1_0.id=u1_0.working_store_id where u1_0.id=?
Hibernate: select u1_0.id,u1_0.created_at,u1_0.email,u1_0.enabled,u1_0.full_name,u1_0.password_hash,u1_0.profile_completed,u1_0.role,u1_0.updated_at,u1_0.verified_at,ws1_0.id,ws1_0.active,ws1_0.address,ws1_0.area,ws1_0.close_time,ws1_0.contact_email,ws1_0.created_at,ws1_0.description,ws1_0.design_signature,ws1_0.franchise_mood,ws1_0.highlight_summary,ws1_0.hours_text,ws1_0.latitude,ws1_0.longitude,ws1_0.name,ws1_0.open_time,ws1_0.personality,ws1_0.phone_number,ws1_0.position_label,ws1_0.slug,ws1_0.specialty,ws1_0.updated_at from users u1_0 left join stores ws1_0 on ws1_0.id=u1_0.working_store_id where u1_0.id=?
Hibernate: select u1_0.id,u1_0.created_at,u1_0.email,u1_0.enabled,u1_0.full_name,u1_0.password_hash,u1_0.profile_completed,u1_0.role,u1_0.updated_at,u1_0.verified_at,ws1_0.id,ws1_0.active,ws1_0.address,ws1_0.area,ws1_0.close_time,ws1_0.contact_email,ws1_0.created_at,ws1_0.description,ws1_0.design_signature,ws1_0.franchise_mood,ws1_0.highlight_summary,ws1_0.hours_text,ws1_0.latitude,ws1_0.longitude,ws1_0.name,ws1_0.open_time,ws1_0.personality,ws1_0.phone_number,ws1_0.position_label,ws1_0.slug,ws1_0.specialty,ws1_0.updated_at from users u1_0 left join stores ws1_0 on ws1_0.id=u1_0.working_store_id where u1_0.id=?
Hibernate: select u1_0.id,u1_0.created_at,u1_0.email,u1_0.enabled,u1_0.full_name,u1_0.password_hash,u1_0.profile_completed,u1_0.role,u1_0.updated_at,u1_0.verified_at,ws1_0.id,ws1_0.active,ws1_0.address,ws1_0.area,ws1_0.close_time,ws1_0.contact_email,ws1_0.created_at,ws1_0.description,ws1_0.design_signature,ws1_0.franchise_mood,ws1_0.highlight_summary,ws1_0.hours_text,ws1_0.latitude,ws1_0.longitude,ws1_0.name,ws1_0.open_time,ws1_0.personality,ws1_0.phone_number,ws1_0.position_label,ws1_0.slug,ws1_0.specialty,ws1_0.updated_at from users u1_0 left join stores ws1_0 on ws1_0.id=u1_0.working_store_id where u1_0.id=?
Hibernate: select f1_0.id,f1_0.created_at,f1_0.target_id,f1_0.target_type,f1_0.user_id from favorites f1_0
Hibernate: select oi1_0.id,oi1_0.created_at,oi1_0.dish_id,oi1_0.order_id,oi1_0.quantity,oi1_0.store_id,oi1_0.unit_price,oi1_0.updated_at from order_items oi1_0
Hibernate: select d1_0.id,d1_0.active,d1_0.available,d1_0.category_id,c1_0.id,c1_0.active,c1_0.created_at,c1_0.description,c1_0.name,c1_0.sort_order,s1_0.id,s1_0.active,s1_0.address,s1_0.area,s1_0.close_time,s1_0.contact_email,s1_0.created_at,s1_0.description,s1_0.design_signature,s1_0.franchise_mood,s1_0.highlight_summary,s1_0.hours_text,s1_0.latitude,s1_0.longitude,s1_0.name,s1_0.open_time,s1_0.personality,s1_0.phone_number,s1_0.position_label,s1_0.slug,s1_0.specialty,s1_0.updated_at,c1_0.updated_at,d1_0.created_at,d1_0.description,d1_0.franchise_note,d1_0.franchise_required,d1_0.highlight_summary,d1_0.name,d1_0.note,d1_0.price,d1_0.status,d1_0.updated_at from dishes d1_0 join categories c1_0 on c1_0.id=d1_0.category_id left join stores s1_0 on s1_0.id=c1_0.store_id where d1_0.id=?
Hibernate: select o1_0.id,o1_0.confirmed_at,cbu1_0.id,cbu1_0.created_at,cbu1_0.email,cbu1_0.enabled,cbu1_0.full_name,cbu1_0.password_hash,cbu1_0.profile_completed,cbu1_0.role,cbu1_0.updated_at,cbu1_0.verified_at,ws1_0.id,ws1_0.active,ws1_0.address,ws1_0.area,ws1_0.close_time,ws1_0.contact_email,ws1_0.created_at,ws1_0.description,ws1_0.design_signature,ws1_0.franchise_mood,ws1_0.highlight_summary,ws1_0.hours_text,ws1_0.latitude,ws1_0.longitude,ws1_0.name,ws1_0.open_time,ws1_0.personality,ws1_0.phone_number,ws1_0.position_label,ws1_0.slug,ws1_0.specialty,ws1_0.updated_at,o1_0.created_at,ds1_0.id,ds1_0.created_at,ds1_0.email,ds1_0.enabled,ds1_0.full_name,ds1_0.password_hash,ds1_0.profile_completed,ds1_0.role,ds1_0.updated_at,ds1_0.verified_at,ws2_0.id,ws2_0.active,ws2_0.address,ws2_0.area,ws2_0.close_time,ws2_0.contact_email,ws2_0.created_at,ws2_0.description,ws2_0.design_signature,ws2_0.franchise_mood,ws2_0.highlight_summary,ws2_0.hours_text,ws2_0.latitude,ws2_0.longitude,ws2_0.name,ws2_0.open_time,ws2_0.personality,ws2_0.phone_number,ws2_0.position_label,ws2_0.slug,ws2_0.specialty,ws2_0.updated_at,o1_0.delivery_address,o1_0.delivery_address_id,o1_0.delivery_full_name,o1_0.delivery_phone_number,o1_0.delivery_proof_captured_at,o1_0.delivery_proof_image_path,o1_0.delivery_proof_note,o1_0.delivery_proof_uploaded_at,o1_0.delivery_type,o1_0.discount_amount,o1_0.invoice_issued_at,o1_0.invoice_number,o1_0.invoice_qr_token,o1_0.paid_at,o1_0.payment_cancel_url,o1_0.payment_checkout_url,o1_0.payment_expires_at,o1_0.payment_link_id,o1_0.payment_provider,o1_0.payment_qr_code,o1_0.payment_reference,o1_0.payment_return_url,o1_0.payment_status,o1_0.payos_order_code,ps1_0.id,ps1_0.created_at,ps1_0.email,ps1_0.enabled,ps1_0.full_name,ps1_0.password_hash,ps1_0.profile_completed,ps1_0.role,ps1_0.updated_at,ps1_0.verified_at,ws3_0.id,ws3_0.active,ws3_0.address,ws3_0.area,ws3_0.close_time,ws3_0.contact_email,ws3_0.created_at,ws3_0.description,ws3_0.design_signature,ws3_0.franchise_mood,ws3_0.highlight_summary,ws3_0.hours_text,ws3_0.latitude,ws3_0.longitude,ws3_0.name,ws3_0.open_time,ws3_0.personality,ws3_0.phone_number,ws3_0.position_label,ws3_0.slug,ws3_0.specialty,ws3_0.updated_at,o1_0.promotion_code,o1_0.promotion_eligible_amount,o1_0.promotion_scope,o1_0.scheduled_delivery_at,o1_0.status,o1_0.subtotal_amount,o1_0.total_amount,o1_0.updated_at,o1_0.user_id,u1_0.id,u1_0.created_at,u1_0.email,u1_0.enabled,u1_0.full_name,u1_0.password_hash,u1_0.profile_completed,u1_0.role,u1_0.updated_at,u1_0.verified_at,ws4_0.id,ws4_0.active,ws4_0.address,ws4_0.area,ws4_0.close_time,ws4_0.contact_email,ws4_0.created_at,ws4_0.description,ws4_0.design_signature,ws4_0.franchise_mood,ws4_0.highlight_summary,ws4_0.hours_text,ws4_0.latitude,ws4_0.longitude,ws4_0.name,ws4_0.open_time,ws4_0.personality,ws4_0.phone_number,ws4_0.position_label,ws4_0.slug,ws4_0.specialty,ws4_0.updated_at from orders o1_0 left join users cbu1_0 on cbu1_0.id=o1_0.confirmed_by_user_id left join stores ws1_0 on ws1_0.id=cbu1_0.working_store_id left join users ds1_0 on ds1_0.id=o1_0.delivering_shipper_id left join stores ws2_0 on ws2_0.id=ds1_0.working_store_id left join users ps1_0 on ps1_0.id=o1_0.preparing_staff_id left join stores ws3_0 on ws3_0.id=ps1_0.working_store_id join users u1_0 on u1_0.id=o1_0.user_id left join stores ws4_0 on ws4_0.id=u1_0.working_store_id where o1_0.id=?
Hibernate: select d1_0.id,d1_0.active,d1_0.available,d1_0.category_id,c1_0.id,c1_0.active,c1_0.created_at,c1_0.description,c1_0.name,c1_0.sort_order,s1_0.id,s1_0.active,s1_0.address,s1_0.area,s1_0.close_time,s1_0.contact_email,s1_0.created_at,s1_0.description,s1_0.design_signature,s1_0.franchise_mood,s1_0.highlight_summary,s1_0.hours_text,s1_0.latitude,s1_0.longitude,s1_0.name,s1_0.open_time,s1_0.personality,s1_0.phone_number,s1_0.position_label,s1_0.slug,s1_0.specialty,s1_0.updated_at,c1_0.updated_at,d1_0.created_at,d1_0.description,d1_0.franchise_note,d1_0.franchise_required,d1_0.highlight_summary,d1_0.name,d1_0.note,d1_0.price,d1_0.status,d1_0.updated_at from dishes d1_0 join categories c1_0 on c1_0.id=d1_0.category_id left join stores s1_0 on s1_0.id=c1_0.store_id where d1_0.id=?
Hibernate: select o1_0.id,o1_0.confirmed_at,cbu1_0.id,cbu1_0.created_at,cbu1_0.email,cbu1_0.enabled,cbu1_0.full_name,cbu1_0.password_hash,cbu1_0.profile_completed,cbu1_0.role,cbu1_0.updated_at,cbu1_0.verified_at,ws1_0.id,ws1_0.active,ws1_0.address,ws1_0.area,ws1_0.close_time,ws1_0.contact_email,ws1_0.created_at,ws1_0.description,ws1_0.design_signature,ws1_0.franchise_mood,ws1_0.highlight_summary,ws1_0.hours_text,ws1_0.latitude,ws1_0.longitude,ws1_0.name,ws1_0.open_time,ws1_0.personality,ws1_0.phone_number,ws1_0.position_label,ws1_0.slug,ws1_0.specialty,ws1_0.updated_at,o1_0.created_at,ds1_0.id,ds1_0.created_at,ds1_0.email,ds1_0.enabled,ds1_0.full_name,ds1_0.password_hash,ds1_0.profile_completed,ds1_0.role,ds1_0.updated_at,ds1_0.verified_at,ws2_0.id,ws2_0.active,ws2_0.address,ws2_0.area,ws2_0.close_time,ws2_0.contact_email,ws2_0.created_at,ws2_0.description,ws2_0.design_signature,ws2_0.franchise_mood,ws2_0.highlight_summary,ws2_0.hours_text,ws2_0.latitude,ws2_0.longitude,ws2_0.name,ws2_0.open_time,ws2_0.personality,ws2_0.phone_number,ws2_0.position_label,ws2_0.slug,ws2_0.specialty,ws2_0.updated_at,o1_0.delivery_address,o1_0.delivery_address_id,o1_0.delivery_full_name,o1_0.delivery_phone_number,o1_0.delivery_proof_captured_at,o1_0.delivery_proof_image_path,o1_0.delivery_proof_note,o1_0.delivery_proof_uploaded_at,o1_0.delivery_type,o1_0.discount_amount,o1_0.invoice_issued_at,o1_0.invoice_number,o1_0.invoice_qr_token,o1_0.paid_at,o1_0.payment_cancel_url,o1_0.payment_checkout_url,o1_0.payment_expires_at,o1_0.payment_link_id,o1_0.payment_provider,o1_0.payment_qr_code,o1_0.payment_reference,o1_0.payment_return_url,o1_0.payment_status,o1_0.payos_order_code,ps1_0.id,ps1_0.created_at,ps1_0.email,ps1_0.enabled,ps1_0.full_name,ps1_0.password_hash,ps1_0.profile_completed,ps1_0.role,ps1_0.updated_at,ps1_0.verified_at,ws3_0.id,ws3_0.active,ws3_0.address,ws3_0.area,ws3_0.close_time,ws3_0.contact_email,ws3_0.created_at,ws3_0.description,ws3_0.design_signature,ws3_0.franchise_mood,ws3_0.highlight_summary,ws3_0.hours_text,ws3_0.latitude,ws3_0.longitude,ws3_0.name,ws3_0.open_time,ws3_0.personality,ws3_0.phone_number,ws3_0.position_label,ws3_0.slug,ws3_0.specialty,ws3_0.updated_at,o1_0.promotion_code,o1_0.promotion_eligible_amount,o1_0.promotion_scope,o1_0.scheduled_delivery_at,o1_0.status,o1_0.subtotal_amount,o1_0.total_amount,o1_0.updated_at,o1_0.user_id,u1_0.id,u1_0.created_at,u1_0.email,u1_0.enabled,u1_0.full_name,u1_0.password_hash,u1_0.profile_completed,u1_0.role,u1_0.updated_at,u1_0.verified_at,ws4_0.id,ws4_0.active,ws4_0.address,ws4_0.area,ws4_0.close_time,ws4_0.contact_email,ws4_0.created_at,ws4_0.description,ws4_0.design_signature,ws4_0.franchise_mood,ws4_0.highlight_summary,ws4_0.hours_text,ws4_0.latitude,ws4_0.longitude,ws4_0.name,ws4_0.open_time,ws4_0.personality,ws4_0.phone_number,ws4_0.position_label,ws4_0.slug,ws4_0.specialty,ws4_0.updated_at from orders o1_0 left join users cbu1_0 on cbu1_0.id=o1_0.confirmed_by_user_id left join stores ws1_0 on ws1_0.id=cbu1_0.working_store_id left join users ds1_0 on ds1_0.id=o1_0.delivering_shipper_id left join stores ws2_0 on ws2_0.id=ds1_0.working_store_id left join users ps1_0 on ps1_0.id=o1_0.preparing_staff_id left join stores ws3_0 on ws3_0.id=ps1_0.working_store_id join users u1_0 on u1_0.id=o1_0.user_id left join stores ws4_0 on ws4_0.id=u1_0.working_store_id where o1_0.id=?
Hibernate: select d1_0.id,d1_0.active,d1_0.available,d1_0.category_id,c1_0.id,c1_0.active,c1_0.created_at,c1_0.description,c1_0.name,c1_0.sort_order,s1_0.id,s1_0.active,s1_0.address,s1_0.area,s1_0.close_time,s1_0.contact_email,s1_0.created_at,s1_0.description,s1_0.design_signature,s1_0.franchise_mood,s1_0.highlight_summary,s1_0.hours_text,s1_0.latitude,s1_0.longitude,s1_0.name,s1_0.open_time,s1_0.personality,s1_0.phone_number,s1_0.position_label,s1_0.slug,s1_0.specialty,s1_0.updated_at,c1_0.updated_at,d1_0.created_at,d1_0.description,d1_0.franchise_note,d1_0.franchise_required,d1_0.highlight_summary,d1_0.name,d1_0.note,d1_0.price,d1_0.status,d1_0.updated_at from dishes d1_0 join categories c1_0 on c1_0.id=d1_0.category_id left join stores s1_0 on s1_0.id=c1_0.store_id where d1_0.id=?
Hibernate: select o1_0.id,o1_0.confirmed_at,cbu1_0.id,cbu1_0.created_at,cbu1_0.email,cbu1_0.enabled,cbu1_0.full_name,cbu1_0.password_hash,cbu1_0.profile_completed,cbu1_0.role,cbu1_0.updated_at,cbu1_0.verified_at,ws1_0.id,ws1_0.active,ws1_0.address,ws1_0.area,ws1_0.close_time,ws1_0.contact_email,ws1_0.created_at,ws1_0.description,ws1_0.design_signature,ws1_0.franchise_mood,ws1_0.highlight_summary,ws1_0.hours_text,ws1_0.latitude,ws1_0.longitude,ws1_0.name,ws1_0.open_time,ws1_0.personality,ws1_0.phone_number,ws1_0.position_label,ws1_0.slug,ws1_0.specialty,ws1_0.updated_at,o1_0.created_at,ds1_0.id,ds1_0.created_at,ds1_0.email,ds1_0.enabled,ds1_0.full_name,ds1_0.password_hash,ds1_0.profile_completed,ds1_0.role,ds1_0.updated_at,ds1_0.verified_at,ws2_0.id,ws2_0.active,ws2_0.address,ws2_0.area,ws2_0.close_time,ws2_0.contact_email,ws2_0.created_at,ws2_0.description,ws2_0.design_signature,ws2_0.franchise_mood,ws2_0.highlight_summary,ws2_0.hours_text,ws2_0.latitude,ws2_0.longitude,ws2_0.name,ws2_0.open_time,ws2_0.personality,ws2_0.phone_number,ws2_0.position_label,ws2_0.slug,ws2_0.specialty,ws2_0.updated_at,o1_0.delivery_address,o1_0.delivery_address_id,o1_0.delivery_full_name,o1_0.delivery_phone_number,o1_0.delivery_proof_captured_at,o1_0.delivery_proof_image_path,o1_0.delivery_proof_note,o1_0.delivery_proof_uploaded_at,o1_0.delivery_type,o1_0.discount_amount,o1_0.invoice_issued_at,o1_0.invoice_number,o1_0.invoice_qr_token,o1_0.paid_at,o1_0.payment_cancel_url,o1_0.payment_checkout_url,o1_0.payment_expires_at,o1_0.payment_link_id,o1_0.payment_provider,o1_0.payment_qr_code,o1_0.payment_reference,o1_0.payment_return_url,o1_0.payment_status,o1_0.payos_order_code,ps1_0.id,ps1_0.created_at,ps1_0.email,ps1_0.enabled,ps1_0.full_name,ps1_0.password_hash,ps1_0.profile_completed,ps1_0.role,ps1_0.updated_at,ps1_0.verified_at,ws3_0.id,ws3_0.active,ws3_0.address,ws3_0.area,ws3_0.close_time,ws3_0.contact_email,ws3_0.created_at,ws3_0.description,ws3_0.design_signature,ws3_0.franchise_mood,ws3_0.highlight_summary,ws3_0.hours_text,ws3_0.latitude,ws3_0.longitude,ws3_0.name,ws3_0.open_time,ws3_0.personality,ws3_0.phone_number,ws3_0.position_label,ws3_0.slug,ws3_0.specialty,ws3_0.updated_at,o1_0.promotion_code,o1_0.promotion_eligible_amount,o1_0.promotion_scope,o1_0.scheduled_delivery_at,o1_0.status,o1_0.subtotal_amount,o1_0.total_amount,o1_0.updated_at,o1_0.user_id,u1_0.id,u1_0.created_at,u1_0.email,u1_0.enabled,u1_0.full_name,u1_0.password_hash,u1_0.profile_completed,u1_0.role,u1_0.updated_at,u1_0.verified_at,ws4_0.id,ws4_0.active,ws4_0.address,ws4_0.area,ws4_0.close_time,ws4_0.contact_email,ws4_0.created_at,ws4_0.description,ws4_0.design_signature,ws4_0.franchise_mood,ws4_0.highlight_summary,ws4_0.hours_text,ws4_0.latitude,ws4_0.longitude,ws4_0.name,ws4_0.open_time,ws4_0.personality,ws4_0.phone_number,ws4_0.position_label,ws4_0.slug,ws4_0.specialty,ws4_0.updated_at from orders o1_0 left join users cbu1_0 on cbu1_0.id=o1_0.confirmed_by_user_id left join stores ws1_0 on ws1_0.id=cbu1_0.working_store_id left join users ds1_0 on ds1_0.id=o1_0.delivering_shipper_id left join stores ws2_0 on ws2_0.id=ds1_0.working_store_id left join users ps1_0 on ps1_0.id=o1_0.preparing_staff_id left join stores ws3_0 on ws3_0.id=ps1_0.working_store_id join users u1_0 on u1_0.id=o1_0.user_id left join stores ws4_0 on ws4_0.id=u1_0.working_store_id where o1_0.id=?
Hibernate: select d1_0.id,d1_0.active,d1_0.available,d1_0.category_id,c1_0.id,c1_0.active,c1_0.created_at,c1_0.description,c1_0.name,c1_0.sort_order,s1_0.id,s1_0.active,s1_0.address,s1_0.area,s1_0.close_time,s1_0.contact_email,s1_0.created_at,s1_0.description,s1_0.design_signature,s1_0.franchise_mood,s1_0.highlight_summary,s1_0.hours_text,s1_0.latitude,s1_0.longitude,s1_0.name,s1_0.open_time,s1_0.personality,s1_0.phone_number,s1_0.position_label,s1_0.slug,s1_0.specialty,s1_0.updated_at,c1_0.updated_at,d1_0.created_at,d1_0.description,d1_0.franchise_note,d1_0.franchise_required,d1_0.highlight_summary,d1_0.name,d1_0.note,d1_0.price,d1_0.status,d1_0.updated_at from dishes d1_0 join categories c1_0 on c1_0.id=d1_0.category_id left join stores s1_0 on s1_0.id=c1_0.store_id where d1_0.id=?
Hibernate: select o1_0.id,o1_0.confirmed_at,cbu1_0.id,cbu1_0.created_at,cbu1_0.email,cbu1_0.enabled,cbu1_0.full_name,cbu1_0.password_hash,cbu1_0.profile_completed,cbu1_0.role,cbu1_0.updated_at,cbu1_0.verified_at,ws1_0.id,ws1_0.active,ws1_0.address,ws1_0.area,ws1_0.close_time,ws1_0.contact_email,ws1_0.created_at,ws1_0.description,ws1_0.design_signature,ws1_0.franchise_mood,ws1_0.highlight_summary,ws1_0.hours_text,ws1_0.latitude,ws1_0.longitude,ws1_0.name,ws1_0.open_time,ws1_0.personality,ws1_0.phone_number,ws1_0.position_label,ws1_0.slug,ws1_0.specialty,ws1_0.updated_at,o1_0.created_at,ds1_0.id,ds1_0.created_at,ds1_0.email,ds1_0.enabled,ds1_0.full_name,ds1_0.password_hash,ds1_0.profile_completed,ds1_0.role,ds1_0.updated_at,ds1_0.verified_at,ws2_0.id,ws2_0.active,ws2_0.address,ws2_0.area,ws2_0.close_time,ws2_0.contact_email,ws2_0.created_at,ws2_0.description,ws2_0.design_signature,ws2_0.franchise_mood,ws2_0.highlight_summary,ws2_0.hours_text,ws2_0.latitude,ws2_0.longitude,ws2_0.name,ws2_0.open_time,ws2_0.personality,ws2_0.phone_number,ws2_0.position_label,ws2_0.slug,ws2_0.specialty,ws2_0.updated_at,o1_0.delivery_address,o1_0.delivery_address_id,o1_0.delivery_full_name,o1_0.delivery_phone_number,o1_0.delivery_proof_captured_at,o1_0.delivery_proof_image_path,o1_0.delivery_proof_note,o1_0.delivery_proof_uploaded_at,o1_0.delivery_type,o1_0.discount_amount,o1_0.invoice_issued_at,o1_0.invoice_number,o1_0.invoice_qr_token,o1_0.paid_at,o1_0.payment_cancel_url,o1_0.payment_checkout_url,o1_0.payment_expires_at,o1_0.payment_link_id,o1_0.payment_provider,o1_0.payment_qr_code,o1_0.payment_reference,o1_0.payment_return_url,o1_0.payment_status,o1_0.payos_order_code,ps1_0.id,ps1_0.created_at,ps1_0.email,ps1_0.enabled,ps1_0.full_name,ps1_0.password_hash,ps1_0.profile_completed,ps1_0.role,ps1_0.updated_at,ps1_0.verified_at,ws3_0.id,ws3_0.active,ws3_0.address,ws3_0.area,ws3_0.close_time,ws3_0.contact_email,ws3_0.created_at,ws3_0.description,ws3_0.design_signature,ws3_0.franchise_mood,ws3_0.highlight_summary,ws3_0.hours_text,ws3_0.latitude,ws3_0.longitude,ws3_0.name,ws3_0.open_time,ws3_0.personality,ws3_0.phone_number,ws3_0.position_label,ws3_0.slug,ws3_0.specialty,ws3_0.updated_at,o1_0.promotion_code,o1_0.promotion_eligible_amount,o1_0.promotion_scope,o1_0.scheduled_delivery_at,o1_0.status,o1_0.subtotal_amount,o1_0.total_amount,o1_0.updated_at,o1_0.user_id,u1_0.id,u1_0.created_at,u1_0.email,u1_0.enabled,u1_0.full_name,u1_0.password_hash,u1_0.profile_completed,u1_0.role,u1_0.updated_at,u1_0.verified_at,ws4_0.id,ws4_0.active,ws4_0.address,ws4_0.area,ws4_0.close_time,ws4_0.contact_email,ws4_0.created_at,ws4_0.description,ws4_0.design_signature,ws4_0.franchise_mood,ws4_0.highlight_summary,ws4_0.hours_text,ws4_0.latitude,ws4_0.longitude,ws4_0.name,ws4_0.open_time,ws4_0.personality,ws4_0.phone_number,ws4_0.position_label,ws4_0.slug,ws4_0.specialty,ws4_0.updated_at from orders o1_0 left join users cbu1_0 on cbu1_0.id=o1_0.confirmed_by_user_id left join stores ws1_0 on ws1_0.id=cbu1_0.working_store_id left join users ds1_0 on ds1_0.id=o1_0.delivering_shipper_id left join stores ws2_0 on ws2_0.id=ds1_0.working_store_id left join users ps1_0 on ps1_0.id=o1_0.preparing_staff_id left join stores ws3_0 on ws3_0.id=ps1_0.working_store_id join users u1_0 on u1_0.id=o1_0.user_id left join stores ws4_0 on ws4_0.id=u1_0.working_store_id where o1_0.id=?
Hibernate: select d1_0.id,d1_0.active,d1_0.available,d1_0.category_id,c1_0.id,c1_0.active,c1_0.created_at,c1_0.description,c1_0.name,c1_0.sort_order,s1_0.id,s1_0.active,s1_0.address,s1_0.area,s1_0.close_time,s1_0.contact_email,s1_0.created_at,s1_0.description,s1_0.design_signature,s1_0.franchise_mood,s1_0.highlight_summary,s1_0.hours_text,s1_0.latitude,s1_0.longitude,s1_0.name,s1_0.open_time,s1_0.personality,s1_0.phone_number,s1_0.position_label,s1_0.slug,s1_0.specialty,s1_0.updated_at,c1_0.updated_at,d1_0.created_at,d1_0.description,d1_0.franchise_note,d1_0.franchise_required,d1_0.highlight_summary,d1_0.name,d1_0.note,d1_0.price,d1_0.status,d1_0.updated_at from dishes d1_0 join categories c1_0 on c1_0.id=d1_0.category_id left join stores s1_0 on s1_0.id=c1_0.store_id where d1_0.id=?
Hibernate: select o1_0.id,o1_0.confirmed_at,cbu1_0.id,cbu1_0.created_at,cbu1_0.email,cbu1_0.enabled,cbu1_0.full_name,cbu1_0.password_hash,cbu1_0.profile_completed,cbu1_0.role,cbu1_0.updated_at,cbu1_0.verified_at,ws1_0.id,ws1_0.active,ws1_0.address,ws1_0.area,ws1_0.close_time,ws1_0.contact_email,ws1_0.created_at,ws1_0.description,ws1_0.design_signature,ws1_0.franchise_mood,ws1_0.highlight_summary,ws1_0.hours_text,ws1_0.latitude,ws1_0.longitude,ws1_0.name,ws1_0.open_time,ws1_0.personality,ws1_0.phone_number,ws1_0.position_label,ws1_0.slug,ws1_0.specialty,ws1_0.updated_at,o1_0.created_at,ds1_0.id,ds1_0.created_at,ds1_0.email,ds1_0.enabled,ds1_0.full_name,ds1_0.password_hash,ds1_0.profile_completed,ds1_0.role,ds1_0.updated_at,ds1_0.verified_at,ws2_0.id,ws2_0.active,ws2_0.address,ws2_0.area,ws2_0.close_time,ws2_0.contact_email,ws2_0.created_at,ws2_0.description,ws2_0.design_signature,ws2_0.franchise_mood,ws2_0.highlight_summary,ws2_0.hours_text,ws2_0.latitude,ws2_0.longitude,ws2_0.name,ws2_0.open_time,ws2_0.personality,ws2_0.phone_number,ws2_0.position_label,ws2_0.slug,ws2_0.specialty,ws2_0.updated_at,o1_0.delivery_address,o1_0.delivery_address_id,o1_0.delivery_full_name,o1_0.delivery_phone_number,o1_0.delivery_proof_captured_at,o1_0.delivery_proof_image_path,o1_0.delivery_proof_note,o1_0.delivery_proof_uploaded_at,o1_0.delivery_type,o1_0.discount_amount,o1_0.invoice_issued_at,o1_0.invoice_number,o1_0.invoice_qr_token,o1_0.paid_at,o1_0.payment_cancel_url,o1_0.payment_checkout_url,o1_0.payment_expires_at,o1_0.payment_link_id,o1_0.payment_provider,o1_0.payment_qr_code,o1_0.payment_reference,o1_0.payment_return_url,o1_0.payment_status,o1_0.payos_order_code,ps1_0.id,ps1_0.created_at,ps1_0.email,ps1_0.enabled,ps1_0.full_name,ps1_0.password_hash,ps1_0.profile_completed,ps1_0.role,ps1_0.updated_at,ps1_0.verified_at,ws3_0.id,ws3_0.active,ws3_0.address,ws3_0.area,ws3_0.close_time,ws3_0.contact_email,ws3_0.created_at,ws3_0.description,ws3_0.design_signature,ws3_0.franchise_mood,ws3_0.highlight_summary,ws3_0.hours_text,ws3_0.latitude,ws3_0.longitude,ws3_0.name,ws3_0.open_time,ws3_0.personality,ws3_0.phone_number,ws3_0.position_label,ws3_0.slug,ws3_0.specialty,ws3_0.updated_at,o1_0.promotion_code,o1_0.promotion_eligible_amount,o1_0.promotion_scope,o1_0.scheduled_delivery_at,o1_0.status,o1_0.subtotal_amount,o1_0.total_amount,o1_0.updated_at,o1_0.user_id,u1_0.id,u1_0.created_at,u1_0.email,u1_0.enabled,u1_0.full_name,u1_0.password_hash,u1_0.profile_completed,u1_0.role,u1_0.updated_at,u1_0.verified_at,ws4_0.id,ws4_0.active,ws4_0.address,ws4_0.area,ws4_0.close_time,ws4_0.contact_email,ws4_0.created_at,ws4_0.description,ws4_0.design_signature,ws4_0.franchise_mood,ws4_0.highlight_summary,ws4_0.hours_text,ws4_0.latitude,ws4_0.longitude,ws4_0.name,ws4_0.open_time,ws4_0.personality,ws4_0.phone_number,ws4_0.position_label,ws4_0.slug,ws4_0.specialty,ws4_0.updated_at from orders o1_0 left join users cbu1_0 on cbu1_0.id=o1_0.confirmed_by_user_id left join stores ws1_0 on ws1_0.id=cbu1_0.working_store_id left join users ds1_0 on ds1_0.id=o1_0.delivering_shipper_id left join stores ws2_0 on ws2_0.id=ds1_0.working_store_id left join users ps1_0 on ps1_0.id=o1_0.preparing_staff_id left join stores ws3_0 on ws3_0.id=ps1_0.working_store_id join users u1_0 on u1_0.id=o1_0.user_id left join stores ws4_0 on ws4_0.id=u1_0.working_store_id where o1_0.id=?
Hibernate: select d1_0.id,d1_0.active,d1_0.available,d1_0.category_id,c1_0.id,c1_0.active,c1_0.created_at,c1_0.description,c1_0.name,c1_0.sort_order,s1_0.id,s1_0.active,s1_0.address,s1_0.area,s1_0.close_time,s1_0.contact_email,s1_0.created_at,s1_0.description,s1_0.design_signature,s1_0.franchise_mood,s1_0.highlight_summary,s1_0.hours_text,s1_0.latitude,s1_0.longitude,s1_0.name,s1_0.open_time,s1_0.personality,s1_0.phone_number,s1_0.position_label,s1_0.slug,s1_0.specialty,s1_0.updated_at,c1_0.updated_at,d1_0.created_at,d1_0.description,d1_0.franchise_note,d1_0.franchise_required,d1_0.highlight_summary,d1_0.name,d1_0.note,d1_0.price,d1_0.status,d1_0.updated_at from dishes d1_0 join categories c1_0 on c1_0.id=d1_0.category_id left join stores s1_0 on s1_0.id=c1_0.store_id where d1_0.id=?
Hibernate: select o1_0.id,o1_0.confirmed_at,cbu1_0.id,cbu1_0.created_at,cbu1_0.email,cbu1_0.enabled,cbu1_0.full_name,cbu1_0.password_hash,cbu1_0.profile_completed,cbu1_0.role,cbu1_0.updated_at,cbu1_0.verified_at,ws1_0.id,ws1_0.active,ws1_0.address,ws1_0.area,ws1_0.close_time,ws1_0.contact_email,ws1_0.created_at,ws1_0.description,ws1_0.design_signature,ws1_0.franchise_mood,ws1_0.highlight_summary,ws1_0.hours_text,ws1_0.latitude,ws1_0.longitude,ws1_0.name,ws1_0.open_time,ws1_0.personality,ws1_0.phone_number,ws1_0.position_label,ws1_0.slug,ws1_0.specialty,ws1_0.updated_at,o1_0.created_at,ds1_0.id,ds1_0.created_at,ds1_0.email,ds1_0.enabled,ds1_0.full_name,ds1_0.password_hash,ds1_0.profile_completed,ds1_0.role,ds1_0.updated_at,ds1_0.verified_at,ws2_0.id,ws2_0.active,ws2_0.address,ws2_0.area,ws2_0.close_time,ws2_0.contact_email,ws2_0.created_at,ws2_0.description,ws2_0.design_signature,ws2_0.franchise_mood,ws2_0.highlight_summary,ws2_0.hours_text,ws2_0.latitude,ws2_0.longitude,ws2_0.name,ws2_0.open_time,ws2_0.personality,ws2_0.phone_number,ws2_0.position_label,ws2_0.slug,ws2_0.specialty,ws2_0.updated_at,o1_0.delivery_address,o1_0.delivery_address_id,o1_0.delivery_full_name,o1_0.delivery_phone_number,o1_0.delivery_proof_captured_at,o1_0.delivery_proof_image_path,o1_0.delivery_proof_note,o1_0.delivery_proof_uploaded_at,o1_0.delivery_type,o1_0.discount_amount,o1_0.invoice_issued_at,o1_0.invoice_number,o1_0.invoice_qr_token,o1_0.paid_at,o1_0.payment_cancel_url,o1_0.payment_checkout_url,o1_0.payment_expires_at,o1_0.payment_link_id,o1_0.payment_provider,o1_0.payment_qr_code,o1_0.payment_reference,o1_0.payment_return_url,o1_0.payment_status,o1_0.payos_order_code,ps1_0.id,ps1_0.created_at,ps1_0.email,ps1_0.enabled,ps1_0.full_name,ps1_0.password_hash,ps1_0.profile_completed,ps1_0.role,ps1_0.updated_at,ps1_0.verified_at,ws3_0.id,ws3_0.active,ws3_0.address,ws3_0.area,ws3_0.close_time,ws3_0.contact_email,ws3_0.created_at,ws3_0.description,ws3_0.design_signature,ws3_0.franchise_mood,ws3_0.highlight_summary,ws3_0.hours_text,ws3_0.latitude,ws3_0.longitude,ws3_0.name,ws3_0.open_time,ws3_0.personality,ws3_0.phone_number,ws3_0.position_label,ws3_0.slug,ws3_0.specialty,ws3_0.updated_at,o1_0.promotion_code,o1_0.promotion_eligible_amount,o1_0.promotion_scope,o1_0.scheduled_delivery_at,o1_0.status,o1_0.subtotal_amount,o1_0.total_amount,o1_0.updated_at,o1_0.user_id,u1_0.id,u1_0.created_at,u1_0.email,u1_0.enabled,u1_0.full_name,u1_0.password_hash,u1_0.profile_completed,u1_0.role,u1_0.updated_at,u1_0.verified_at,ws4_0.id,ws4_0.active,ws4_0.address,ws4_0.area,ws4_0.close_time,ws4_0.contact_email,ws4_0.created_at,ws4_0.description,ws4_0.design_signature,ws4_0.franchise_mood,ws4_0.highlight_summary,ws4_0.hours_text,ws4_0.latitude,ws4_0.longitude,ws4_0.name,ws4_0.open_time,ws4_0.personality,ws4_0.phone_number,ws4_0.position_label,ws4_0.slug,ws4_0.specialty,ws4_0.updated_at from orders o1_0 left join users cbu1_0 on cbu1_0.id=o1_0.confirmed_by_user_id left join stores ws1_0 on ws1_0.id=cbu1_0.working_store_id left join users ds1_0 on ds1_0.id=o1_0.delivering_shipper_id left join stores ws2_0 on ws2_0.id=ds1_0.working_store_id left join users ps1_0 on ps1_0.id=o1_0.preparing_staff_id left join stores ws3_0 on ws3_0.id=ps1_0.working_store_id join users u1_0 on u1_0.id=o1_0.user_id left join stores ws4_0 on ws4_0.id=u1_0.working_store_id where o1_0.id=?
Hibernate: select d1_0.id,d1_0.active,d1_0.available,d1_0.category_id,c1_0.id,c1_0.active,c1_0.created_at,c1_0.description,c1_0.name,c1_0.sort_order,s1_0.id,s1_0.active,s1_0.address,s1_0.area,s1_0.close_time,s1_0.contact_email,s1_0.created_at,s1_0.description,s1_0.design_signature,s1_0.franchise_mood,s1_0.highlight_summary,s1_0.hours_text,s1_0.latitude,s1_0.longitude,s1_0.name,s1_0.open_time,s1_0.personality,s1_0.phone_number,s1_0.position_label,s1_0.slug,s1_0.specialty,s1_0.updated_at,c1_0.updated_at,d1_0.created_at,d1_0.description,d1_0.franchise_note,d1_0.franchise_required,d1_0.highlight_summary,d1_0.name,d1_0.note,d1_0.price,d1_0.status,d1_0.updated_at from dishes d1_0 join categories c1_0 on c1_0.id=d1_0.category_id left join stores s1_0 on s1_0.id=c1_0.store_id where d1_0.id=?
Hibernate: select o1_0.id,o1_0.confirmed_at,cbu1_0.id,cbu1_0.created_at,cbu1_0.email,cbu1_0.enabled,cbu1_0.full_name,cbu1_0.password_hash,cbu1_0.profile_completed,cbu1_0.role,cbu1_0.updated_at,cbu1_0.verified_at,ws1_0.id,ws1_0.active,ws1_0.address,ws1_0.area,ws1_0.close_time,ws1_0.contact_email,ws1_0.created_at,ws1_0.description,ws1_0.design_signature,ws1_0.franchise_mood,ws1_0.highlight_summary,ws1_0.hours_text,ws1_0.latitude,ws1_0.longitude,ws1_0.name,ws1_0.open_time,ws1_0.personality,ws1_0.phone_number,ws1_0.position_label,ws1_0.slug,ws1_0.specialty,ws1_0.updated_at,o1_0.created_at,ds1_0.id,ds1_0.created_at,ds1_0.email,ds1_0.enabled,ds1_0.full_name,ds1_0.password_hash,ds1_0.profile_completed,ds1_0.role,ds1_0.updated_at,ds1_0.verified_at,ws2_0.id,ws2_0.active,ws2_0.address,ws2_0.area,ws2_0.close_time,ws2_0.contact_email,ws2_0.created_at,ws2_0.description,ws2_0.design_signature,ws2_0.franchise_mood,ws2_0.highlight_summary,ws2_0.hours_text,ws2_0.latitude,ws2_0.longitude,ws2_0.name,ws2_0.open_time,ws2_0.personality,ws2_0.phone_number,ws2_0.position_label,ws2_0.slug,ws2_0.specialty,ws2_0.updated_at,o1_0.delivery_address,o1_0.delivery_address_id,o1_0.delivery_full_name,o1_0.delivery_phone_number,o1_0.delivery_proof_captured_at,o1_0.delivery_proof_image_path,o1_0.delivery_proof_note,o1_0.delivery_proof_uploaded_at,o1_0.delivery_type,o1_0.discount_amount,o1_0.invoice_issued_at,o1_0.invoice_number,o1_0.invoice_qr_token,o1_0.paid_at,o1_0.payment_cancel_url,o1_0.payment_checkout_url,o1_0.payment_expires_at,o1_0.payment_link_id,o1_0.payment_provider,o1_0.payment_qr_code,o1_0.payment_reference,o1_0.payment_return_url,o1_0.payment_status,o1_0.payos_order_code,ps1_0.id,ps1_0.created_at,ps1_0.email,ps1_0.enabled,ps1_0.full_name,ps1_0.password_hash,ps1_0.profile_completed,ps1_0.role,ps1_0.updated_at,ps1_0.verified_at,ws3_0.id,ws3_0.active,ws3_0.address,ws3_0.area,ws3_0.close_time,ws3_0.contact_email,ws3_0.created_at,ws3_0.description,ws3_0.design_signature,ws3_0.franchise_mood,ws3_0.highlight_summary,ws3_0.hours_text,ws3_0.latitude,ws3_0.longitude,ws3_0.name,ws3_0.open_time,ws3_0.personality,ws3_0.phone_number,ws3_0.position_label,ws3_0.slug,ws3_0.specialty,ws3_0.updated_at,o1_0.promotion_code,o1_0.promotion_eligible_amount,o1_0.promotion_scope,o1_0.scheduled_delivery_at,o1_0.status,o1_0.subtotal_amount,o1_0.total_amount,o1_0.updated_at,o1_0.user_id,u1_0.id,u1_0.created_at,u1_0.email,u1_0.enabled,u1_0.full_name,u1_0.password_hash,u1_0.profile_completed,u1_0.role,u1_0.updated_at,u1_0.verified_at,ws4_0.id,ws4_0.active,ws4_0.address,ws4_0.area,ws4_0.close_time,ws4_0.contact_email,ws4_0.created_at,ws4_0.description,ws4_0.design_signature,ws4_0.franchise_mood,ws4_0.highlight_summary,ws4_0.hours_text,ws4_0.latitude,ws4_0.longitude,ws4_0.name,ws4_0.open_time,ws4_0.personality,ws4_0.phone_number,ws4_0.position_label,ws4_0.slug,ws4_0.specialty,ws4_0.updated_at from orders o1_0 left join users cbu1_0 on cbu1_0.id=o1_0.confirmed_by_user_id left join stores ws1_0 on ws1_0.id=cbu1_0.working_store_id left join users ds1_0 on ds1_0.id=o1_0.delivering_shipper_id left join stores ws2_0 on ws2_0.id=ds1_0.working_store_id left join users ps1_0 on ps1_0.id=o1_0.preparing_staff_id left join stores ws3_0 on ws3_0.id=ps1_0.working_store_id join users u1_0 on u1_0.id=o1_0.user_id left join stores ws4_0 on ws4_0.id=u1_0.working_store_id where o1_0.id=?
Hibernate: select d1_0.id,d1_0.active,d1_0.available,d1_0.category_id,c1_0.id,c1_0.active,c1_0.created_at,c1_0.description,c1_0.name,c1_0.sort_order,s1_0.id,s1_0.active,s1_0.address,s1_0.area,s1_0.close_time,s1_0.contact_email,s1_0.created_at,s1_0.description,s1_0.design_signature,s1_0.franchise_mood,s1_0.highlight_summary,s1_0.hours_text,s1_0.latitude,s1_0.longitude,s1_0.name,s1_0.open_time,s1_0.personality,s1_0.phone_number,s1_0.position_label,s1_0.slug,s1_0.specialty,s1_0.updated_at,c1_0.updated_at,d1_0.created_at,d1_0.description,d1_0.franchise_note,d1_0.franchise_required,d1_0.highlight_summary,d1_0.name,d1_0.note,d1_0.price,d1_0.status,d1_0.updated_at from dishes d1_0 join categories c1_0 on c1_0.id=d1_0.category_id left join stores s1_0 on s1_0.id=c1_0.store_id where d1_0.id=?
Hibernate: select o1_0.id,o1_0.confirmed_at,cbu1_0.id,cbu1_0.created_at,cbu1_0.email,cbu1_0.enabled,cbu1_0.full_name,cbu1_0.password_hash,cbu1_0.profile_completed,cbu1_0.role,cbu1_0.updated_at,cbu1_0.verified_at,ws1_0.id,ws1_0.active,ws1_0.address,ws1_0.area,ws1_0.close_time,ws1_0.contact_email,ws1_0.created_at,ws1_0.description,ws1_0.design_signature,ws1_0.franchise_mood,ws1_0.highlight_summary,ws1_0.hours_text,ws1_0.latitude,ws1_0.longitude,ws1_0.name,ws1_0.open_time,ws1_0.personality,ws1_0.phone_number,ws1_0.position_label,ws1_0.slug,ws1_0.specialty,ws1_0.updated_at,o1_0.created_at,ds1_0.id,ds1_0.created_at,ds1_0.email,ds1_0.enabled,ds1_0.full_name,ds1_0.password_hash,ds1_0.profile_completed,ds1_0.role,ds1_0.updated_at,ds1_0.verified_at,ws2_0.id,ws2_0.active,ws2_0.address,ws2_0.area,ws2_0.close_time,ws2_0.contact_email,ws2_0.created_at,ws2_0.description,ws2_0.design_signature,ws2_0.franchise_mood,ws2_0.highlight_summary,ws2_0.hours_text,ws2_0.latitude,ws2_0.longitude,ws2_0.name,ws2_0.open_time,ws2_0.personality,ws2_0.phone_number,ws2_0.position_label,ws2_0.slug,ws2_0.specialty,ws2_0.updated_at,o1_0.delivery_address,o1_0.delivery_address_id,o1_0.delivery_full_name,o1_0.delivery_phone_number,o1_0.delivery_proof_captured_at,o1_0.delivery_proof_image_path,o1_0.delivery_proof_note,o1_0.delivery_proof_uploaded_at,o1_0.delivery_type,o1_0.discount_amount,o1_0.invoice_issued_at,o1_0.invoice_number,o1_0.invoice_qr_token,o1_0.paid_at,o1_0.payment_cancel_url,o1_0.payment_checkout_url,o1_0.payment_expires_at,o1_0.payment_link_id,o1_0.payment_provider,o1_0.payment_qr_code,o1_0.payment_reference,o1_0.payment_return_url,o1_0.payment_status,o1_0.payos_order_code,ps1_0.id,ps1_0.created_at,ps1_0.email,ps1_0.enabled,ps1_0.full_name,ps1_0.password_hash,ps1_0.profile_completed,ps1_0.role,ps1_0.updated_at,ps1_0.verified_at,ws3_0.id,ws3_0.active,ws3_0.address,ws3_0.area,ws3_0.close_time,ws3_0.contact_email,ws3_0.created_at,ws3_0.description,ws3_0.design_signature,ws3_0.franchise_mood,ws3_0.highlight_summary,ws3_0.hours_text,ws3_0.latitude,ws3_0.longitude,ws3_0.name,ws3_0.open_time,ws3_0.personality,ws3_0.phone_number,ws3_0.position_label,ws3_0.slug,ws3_0.specialty,ws3_0.updated_at,o1_0.promotion_code,o1_0.promotion_eligible_amount,o1_0.promotion_scope,o1_0.scheduled_delivery_at,o1_0.status,o1_0.subtotal_amount,o1_0.total_amount,o1_0.updated_at,o1_0.user_id,u1_0.id,u1_0.created_at,u1_0.email,u1_0.enabled,u1_0.full_name,u1_0.password_hash,u1_0.profile_completed,u1_0.role,u1_0.updated_at,u1_0.verified_at,ws4_0.id,ws4_0.active,ws4_0.address,ws4_0.area,ws4_0.close_time,ws4_0.contact_email,ws4_0.created_at,ws4_0.description,ws4_0.design_signature,ws4_0.franchise_mood,ws4_0.highlight_summary,ws4_0.hours_text,ws4_0.latitude,ws4_0.longitude,ws4_0.name,ws4_0.open_time,ws4_0.personality,ws4_0.phone_number,ws4_0.position_label,ws4_0.slug,ws4_0.specialty,ws4_0.updated_at from orders o1_0 left join users cbu1_0 on cbu1_0.id=o1_0.confirmed_by_user_id left join stores ws1_0 on ws1_0.id=cbu1_0.working_store_id left join users ds1_0 on ds1_0.id=o1_0.delivering_shipper_id left join stores ws2_0 on ws2_0.id=ds1_0.working_store_id left join users ps1_0 on ps1_0.id=o1_0.preparing_staff_id left join stores ws3_0 on ws3_0.id=ps1_0.working_store_id join users u1_0 on u1_0.id=o1_0.user_id left join stores ws4_0 on ws4_0.id=u1_0.working_store_id where o1_0.id=?
Hibernate: select d1_0.id,d1_0.active,d1_0.available,d1_0.category_id,c1_0.id,c1_0.active,c1_0.created_at,c1_0.description,c1_0.name,c1_0.sort_order,s1_0.id,s1_0.active,s1_0.address,s1_0.area,s1_0.close_time,s1_0.contact_email,s1_0.created_at,s1_0.description,s1_0.design_signature,s1_0.franchise_mood,s1_0.highlight_summary,s1_0.hours_text,s1_0.latitude,s1_0.longitude,s1_0.name,s1_0.open_time,s1_0.personality,s1_0.phone_number,s1_0.position_label,s1_0.slug,s1_0.specialty,s1_0.updated_at,c1_0.updated_at,d1_0.created_at,d1_0.description,d1_0.franchise_note,d1_0.franchise_required,d1_0.highlight_summary,d1_0.name,d1_0.note,d1_0.price,d1_0.status,d1_0.updated_at from dishes d1_0 join categories c1_0 on c1_0.id=d1_0.category_id left join stores s1_0 on s1_0.id=c1_0.store_id where d1_0.id=?
Hibernate: select o1_0.id,o1_0.confirmed_at,cbu1_0.id,cbu1_0.created_at,cbu1_0.email,cbu1_0.enabled,cbu1_0.full_name,cbu1_0.password_hash,cbu1_0.profile_completed,cbu1_0.role,cbu1_0.updated_at,cbu1_0.verified_at,ws1_0.id,ws1_0.active,ws1_0.address,ws1_0.area,ws1_0.close_time,ws1_0.contact_email,ws1_0.created_at,ws1_0.description,ws1_0.design_signature,ws1_0.franchise_mood,ws1_0.highlight_summary,ws1_0.hours_text,ws1_0.latitude,ws1_0.longitude,ws1_0.name,ws1_0.open_time,ws1_0.personality,ws1_0.phone_number,ws1_0.position_label,ws1_0.slug,ws1_0.specialty,ws1_0.updated_at,o1_0.created_at,ds1_0.id,ds1_0.created_at,ds1_0.email,ds1_0.enabled,ds1_0.full_name,ds1_0.password_hash,ds1_0.profile_completed,ds1_0.role,ds1_0.updated_at,ds1_0.verified_at,ws2_0.id,ws2_0.active,ws2_0.address,ws2_0.area,ws2_0.close_time,ws2_0.contact_email,ws2_0.created_at,ws2_0.description,ws2_0.design_signature,ws2_0.franchise_mood,ws2_0.highlight_summary,ws2_0.hours_text,ws2_0.latitude,ws2_0.longitude,ws2_0.name,ws2_0.open_time,ws2_0.personality,ws2_0.phone_number,ws2_0.position_label,ws2_0.slug,ws2_0.specialty,ws2_0.updated_at,o1_0.delivery_address,o1_0.delivery_address_id,o1_0.delivery_full_name,o1_0.delivery_phone_number,o1_0.delivery_proof_captured_at,o1_0.delivery_proof_image_path,o1_0.delivery_proof_note,o1_0.delivery_proof_uploaded_at,o1_0.delivery_type,o1_0.discount_amount,o1_0.invoice_issued_at,o1_0.invoice_number,o1_0.invoice_qr_token,o1_0.paid_at,o1_0.payment_cancel_url,o1_0.payment_checkout_url,o1_0.payment_expires_at,o1_0.payment_link_id,o1_0.payment_provider,o1_0.payment_qr_code,o1_0.payment_reference,o1_0.payment_return_url,o1_0.payment_status,o1_0.payos_order_code,ps1_0.id,ps1_0.created_at,ps1_0.email,ps1_0.enabled,ps1_0.full_name,ps1_0.password_hash,ps1_0.profile_completed,ps1_0.role,ps1_0.updated_at,ps1_0.verified_at,ws3_0.id,ws3_0.active,ws3_0.address,ws3_0.area,ws3_0.close_time,ws3_0.contact_email,ws3_0.created_at,ws3_0.description,ws3_0.design_signature,ws3_0.franchise_mood,ws3_0.highlight_summary,ws3_0.hours_text,ws3_0.latitude,ws3_0.longitude,ws3_0.name,ws3_0.open_time,ws3_0.personality,ws3_0.phone_number,ws3_0.position_label,ws3_0.slug,ws3_0.specialty,ws3_0.updated_at,o1_0.promotion_code,o1_0.promotion_eligible_amount,o1_0.promotion_scope,o1_0.scheduled_delivery_at,o1_0.status,o1_0.subtotal_amount,o1_0.total_amount,o1_0.updated_at,o1_0.user_id,u1_0.id,u1_0.created_at,u1_0.email,u1_0.enabled,u1_0.full_name,u1_0.password_hash,u1_0.profile_completed,u1_0.role,u1_0.updated_at,u1_0.verified_at,ws4_0.id,ws4_0.active,ws4_0.address,ws4_0.area,ws4_0.close_time,ws4_0.contact_email,ws4_0.created_at,ws4_0.description,ws4_0.design_signature,ws4_0.franchise_mood,ws4_0.highlight_summary,ws4_0.hours_text,ws4_0.latitude,ws4_0.longitude,ws4_0.name,ws4_0.open_time,ws4_0.personality,ws4_0.phone_number,ws4_0.position_label,ws4_0.slug,ws4_0.specialty,ws4_0.updated_at from orders o1_0 left join users cbu1_0 on cbu1_0.id=o1_0.confirmed_by_user_id left join stores ws1_0 on ws1_0.id=cbu1_0.working_store_id left join users ds1_0 on ds1_0.id=o1_0.delivering_shipper_id left join stores ws2_0 on ws2_0.id=ds1_0.working_store_id left join users ps1_0 on ps1_0.id=o1_0.preparing_staff_id left join stores ws3_0 on ws3_0.id=ps1_0.working_store_id join users u1_0 on u1_0.id=o1_0.user_id left join stores ws4_0 on ws4_0.id=u1_0.working_store_id where o1_0.id=?
Hibernate: select d1_0.id,d1_0.active,d1_0.available,d1_0.category_id,c1_0.id,c1_0.active,c1_0.created_at,c1_0.description,c1_0.name,c1_0.sort_order,s1_0.id,s1_0.active,s1_0.address,s1_0.area,s1_0.close_time,s1_0.contact_email,s1_0.created_at,s1_0.description,s1_0.design_signature,s1_0.franchise_mood,s1_0.highlight_summary,s1_0.hours_text,s1_0.latitude,s1_0.longitude,s1_0.name,s1_0.open_time,s1_0.personality,s1_0.phone_number,s1_0.position_label,s1_0.slug,s1_0.specialty,s1_0.updated_at,c1_0.updated_at,d1_0.created_at,d1_0.description,d1_0.franchise_note,d1_0.franchise_required,d1_0.highlight_summary,d1_0.name,d1_0.note,d1_0.price,d1_0.status,d1_0.updated_at from dishes d1_0 join categories c1_0 on c1_0.id=d1_0.category_id left join stores s1_0 on s1_0.id=c1_0.store_id where d1_0.id=?
Hibernate: select o1_0.id,o1_0.confirmed_at,cbu1_0.id,cbu1_0.created_at,cbu1_0.email,cbu1_0.enabled,cbu1_0.full_name,cbu1_0.password_hash,cbu1_0.profile_completed,cbu1_0.role,cbu1_0.updated_at,cbu1_0.verified_at,ws1_0.id,ws1_0.active,ws1_0.address,ws1_0.area,ws1_0.close_time,ws1_0.contact_email,ws1_0.created_at,ws1_0.description,ws1_0.design_signature,ws1_0.franchise_mood,ws1_0.highlight_summary,ws1_0.hours_text,ws1_0.latitude,ws1_0.longitude,ws1_0.name,ws1_0.open_time,ws1_0.personality,ws1_0.phone_number,ws1_0.position_label,ws1_0.slug,ws1_0.specialty,ws1_0.updated_at,o1_0.created_at,ds1_0.id,ds1_0.created_at,ds1_0.email,ds1_0.enabled,ds1_0.full_name,ds1_0.password_hash,ds1_0.profile_completed,ds1_0.role,ds1_0.updated_at,ds1_0.verified_at,ws2_0.id,ws2_0.active,ws2_0.address,ws2_0.area,ws2_0.close_time,ws2_0.contact_email,ws2_0.created_at,ws2_0.description,ws2_0.design_signature,ws2_0.franchise_mood,ws2_0.highlight_summary,ws2_0.hours_text,ws2_0.latitude,ws2_0.longitude,ws2_0.name,ws2_0.open_time,ws2_0.personality,ws2_0.phone_number,ws2_0.position_label,ws2_0.slug,ws2_0.specialty,ws2_0.updated_at,o1_0.delivery_address,o1_0.delivery_address_id,o1_0.delivery_full_name,o1_0.delivery_phone_number,o1_0.delivery_proof_captured_at,o1_0.delivery_proof_image_path,o1_0.delivery_proof_note,o1_0.delivery_proof_uploaded_at,o1_0.delivery_type,o1_0.discount_amount,o1_0.invoice_issued_at,o1_0.invoice_number,o1_0.invoice_qr_token,o1_0.paid_at,o1_0.payment_cancel_url,o1_0.payment_checkout_url,o1_0.payment_expires_at,o1_0.payment_link_id,o1_0.payment_provider,o1_0.payment_qr_code,o1_0.payment_reference,o1_0.payment_return_url,o1_0.payment_status,o1_0.payos_order_code,ps1_0.id,ps1_0.created_at,ps1_0.email,ps1_0.enabled,ps1_0.full_name,ps1_0.password_hash,ps1_0.profile_completed,ps1_0.role,ps1_0.updated_at,ps1_0.verified_at,ws3_0.id,ws3_0.active,ws3_0.address,ws3_0.area,ws3_0.close_time,ws3_0.contact_email,ws3_0.created_at,ws3_0.description,ws3_0.design_signature,ws3_0.franchise_mood,ws3_0.highlight_summary,ws3_0.hours_text,ws3_0.latitude,ws3_0.longitude,ws3_0.name,ws3_0.open_time,ws3_0.personality,ws3_0.phone_number,ws3_0.position_label,ws3_0.slug,ws3_0.specialty,ws3_0.updated_at,o1_0.promotion_code,o1_0.promotion_eligible_amount,o1_0.promotion_scope,o1_0.scheduled_delivery_at,o1_0.status,o1_0.subtotal_amount,o1_0.total_amount,o1_0.updated_at,o1_0.user_id,u1_0.id,u1_0.created_at,u1_0.email,u1_0.enabled,u1_0.full_name,u1_0.password_hash,u1_0.profile_completed,u1_0.role,u1_0.updated_at,u1_0.verified_at,ws4_0.id,ws4_0.active,ws4_0.address,ws4_0.area,ws4_0.close_time,ws4_0.contact_email,ws4_0.created_at,ws4_0.description,ws4_0.design_signature,ws4_0.franchise_mood,ws4_0.highlight_summary,ws4_0.hours_text,ws4_0.latitude,ws4_0.longitude,ws4_0.name,ws4_0.open_time,ws4_0.personality,ws4_0.phone_number,ws4_0.position_label,ws4_0.slug,ws4_0.specialty,ws4_0.updated_at from orders o1_0 left join users cbu1_0 on cbu1_0.id=o1_0.confirmed_by_user_id left join stores ws1_0 on ws1_0.id=cbu1_0.working_store_id left join users ds1_0 on ds1_0.id=o1_0.delivering_shipper_id left join stores ws2_0 on ws2_0.id=ds1_0.working_store_id left join users ps1_0 on ps1_0.id=o1_0.preparing_staff_id left join stores ws3_0 on ws3_0.id=ps1_0.working_store_id join users u1_0 on u1_0.id=o1_0.user_id left join stores ws4_0 on ws4_0.id=u1_0.working_store_id where o1_0.id=?
Hibernate: select d1_0.id,d1_0.active,d1_0.available,d1_0.category_id,c1_0.id,c1_0.active,c1_0.created_at,c1_0.description,c1_0.name,c1_0.sort_order,s1_0.id,s1_0.active,s1_0.address,s1_0.area,s1_0.close_time,s1_0.contact_email,s1_0.created_at,s1_0.description,s1_0.design_signature,s1_0.franchise_mood,s1_0.highlight_summary,s1_0.hours_text,s1_0.latitude,s1_0.longitude,s1_0.name,s1_0.open_time,s1_0.personality,s1_0.phone_number,s1_0.position_label,s1_0.slug,s1_0.specialty,s1_0.updated_at,c1_0.updated_at,d1_0.created_at,d1_0.description,d1_0.franchise_note,d1_0.franchise_required,d1_0.highlight_summary,d1_0.name,d1_0.note,d1_0.price,d1_0.status,d1_0.updated_at from dishes d1_0 join categories c1_0 on c1_0.id=d1_0.category_id left join stores s1_0 on s1_0.id=c1_0.store_id where d1_0.id=?
Hibernate: select o1_0.id,o1_0.confirmed_at,cbu1_0.id,cbu1_0.created_at,cbu1_0.email,cbu1_0.enabled,cbu1_0.full_name,cbu1_0.password_hash,cbu1_0.profile_completed,cbu1_0.role,cbu1_0.updated_at,cbu1_0.verified_at,ws1_0.id,ws1_0.active,ws1_0.address,ws1_0.area,ws1_0.close_time,ws1_0.contact_email,ws1_0.created_at,ws1_0.description,ws1_0.design_signature,ws1_0.franchise_mood,ws1_0.highlight_summary,ws1_0.hours_text,ws1_0.latitude,ws1_0.longitude,ws1_0.name,ws1_0.open_time,ws1_0.personality,ws1_0.phone_number,ws1_0.position_label,ws1_0.slug,ws1_0.specialty,ws1_0.updated_at,o1_0.created_at,ds1_0.id,ds1_0.created_at,ds1_0.email,ds1_0.enabled,ds1_0.full_name,ds1_0.password_hash,ds1_0.profile_completed,ds1_0.role,ds1_0.updated_at,ds1_0.verified_at,ws2_0.id,ws2_0.active,ws2_0.address,ws2_0.area,ws2_0.close_time,ws2_0.contact_email,ws2_0.created_at,ws2_0.description,ws2_0.design_signature,ws2_0.franchise_mood,ws2_0.highlight_summary,ws2_0.hours_text,ws2_0.latitude,ws2_0.longitude,ws2_0.name,ws2_0.open_time,ws2_0.personality,ws2_0.phone_number,ws2_0.position_label,ws2_0.slug,ws2_0.specialty,ws2_0.updated_at,o1_0.delivery_address,o1_0.delivery_address_id,o1_0.delivery_full_name,o1_0.delivery_phone_number,o1_0.delivery_proof_captured_at,o1_0.delivery_proof_image_path,o1_0.delivery_proof_note,o1_0.delivery_proof_uploaded_at,o1_0.delivery_type,o1_0.discount_amount,o1_0.invoice_issued_at,o1_0.invoice_number,o1_0.invoice_qr_token,o1_0.paid_at,o1_0.payment_cancel_url,o1_0.payment_checkout_url,o1_0.payment_expires_at,o1_0.payment_link_id,o1_0.payment_provider,o1_0.payment_qr_code,o1_0.payment_reference,o1_0.payment_return_url,o1_0.payment_status,o1_0.payos_order_code,ps1_0.id,ps1_0.created_at,ps1_0.email,ps1_0.enabled,ps1_0.full_name,ps1_0.password_hash,ps1_0.profile_completed,ps1_0.role,ps1_0.updated_at,ps1_0.verified_at,ws3_0.id,ws3_0.active,ws3_0.address,ws3_0.area,ws3_0.close_time,ws3_0.contact_email,ws3_0.created_at,ws3_0.description,ws3_0.design_signature,ws3_0.franchise_mood,ws3_0.highlight_summary,ws3_0.hours_text,ws3_0.latitude,ws3_0.longitude,ws3_0.name,ws3_0.open_time,ws3_0.personality,ws3_0.phone_number,ws3_0.position_label,ws3_0.slug,ws3_0.specialty,ws3_0.updated_at,o1_0.promotion_code,o1_0.promotion_eligible_amount,o1_0.promotion_scope,o1_0.scheduled_delivery_at,o1_0.status,o1_0.subtotal_amount,o1_0.total_amount,o1_0.updated_at,o1_0.user_id,u1_0.id,u1_0.created_at,u1_0.email,u1_0.enabled,u1_0.full_name,u1_0.password_hash,u1_0.profile_completed,u1_0.role,u1_0.updated_at,u1_0.verified_at,ws4_0.id,ws4_0.active,ws4_0.address,ws4_0.area,ws4_0.close_time,ws4_0.contact_email,ws4_0.created_at,ws4_0.description,ws4_0.design_signature,ws4_0.franchise_mood,ws4_0.highlight_summary,ws4_0.hours_text,ws4_0.latitude,ws4_0.longitude,ws4_0.name,ws4_0.open_time,ws4_0.personality,ws4_0.phone_number,ws4_0.position_label,ws4_0.slug,ws4_0.specialty,ws4_0.updated_at from orders o1_0 left join users cbu1_0 on cbu1_0.id=o1_0.confirmed_by_user_id left join stores ws1_0 on ws1_0.id=cbu1_0.working_store_id left join users ds1_0 on ds1_0.id=o1_0.delivering_shipper_id left join stores ws2_0 on ws2_0.id=ds1_0.working_store_id left join users ps1_0 on ps1_0.id=o1_0.preparing_staff_id left join stores ws3_0 on ws3_0.id=ps1_0.working_store_id join users u1_0 on u1_0.id=o1_0.user_id left join stores ws4_0 on ws4_0.id=u1_0.working_store_id where o1_0.id=?
Hibernate: select d1_0.id,d1_0.active,d1_0.available,d1_0.category_id,c1_0.id,c1_0.active,c1_0.created_at,c1_0.description,c1_0.name,c1_0.sort_order,s1_0.id,s1_0.active,s1_0.address,s1_0.area,s1_0.close_time,s1_0.contact_email,s1_0.created_at,s1_0.description,s1_0.design_signature,s1_0.franchise_mood,s1_0.highlight_summary,s1_0.hours_text,s1_0.latitude,s1_0.longitude,s1_0.name,s1_0.open_time,s1_0.personality,s1_0.phone_number,s1_0.position_label,s1_0.slug,s1_0.specialty,s1_0.updated_at,c1_0.updated_at,d1_0.created_at,d1_0.description,d1_0.franchise_note,d1_0.franchise_required,d1_0.highlight_summary,d1_0.name,d1_0.note,d1_0.price,d1_0.status,d1_0.updated_at from dishes d1_0 join categories c1_0 on c1_0.id=d1_0.category_id left join stores s1_0 on s1_0.id=c1_0.store_id where d1_0.id=?
Hibernate: select o1_0.id,o1_0.confirmed_at,cbu1_0.id,cbu1_0.created_at,cbu1_0.email,cbu1_0.enabled,cbu1_0.full_name,cbu1_0.password_hash,cbu1_0.profile_completed,cbu1_0.role,cbu1_0.updated_at,cbu1_0.verified_at,ws1_0.id,ws1_0.active,ws1_0.address,ws1_0.area,ws1_0.close_time,ws1_0.contact_email,ws1_0.created_at,ws1_0.description,ws1_0.design_signature,ws1_0.franchise_mood,ws1_0.highlight_summary,ws1_0.hours_text,ws1_0.latitude,ws1_0.longitude,ws1_0.name,ws1_0.open_time,ws1_0.personality,ws1_0.phone_number,ws1_0.position_label,ws1_0.slug,ws1_0.specialty,ws1_0.updated_at,o1_0.created_at,ds1_0.id,ds1_0.created_at,ds1_0.email,ds1_0.enabled,ds1_0.full_name,ds1_0.password_hash,ds1_0.profile_completed,ds1_0.role,ds1_0.updated_at,ds1_0.verified_at,ws2_0.id,ws2_0.active,ws2_0.address,ws2_0.area,ws2_0.close_time,ws2_0.contact_email,ws2_0.created_at,ws2_0.description,ws2_0.design_signature,ws2_0.franchise_mood,ws2_0.highlight_summary,ws2_0.hours_text,ws2_0.latitude,ws2_0.longitude,ws2_0.name,ws2_0.open_time,ws2_0.personality,ws2_0.phone_number,ws2_0.position_label,ws2_0.slug,ws2_0.specialty,ws2_0.updated_at,o1_0.delivery_address,o1_0.delivery_address_id,o1_0.delivery_full_name,o1_0.delivery_phone_number,o1_0.delivery_proof_captured_at,o1_0.delivery_proof_image_path,o1_0.delivery_proof_note,o1_0.delivery_proof_uploaded_at,o1_0.delivery_type,o1_0.discount_amount,o1_0.invoice_issued_at,o1_0.invoice_number,o1_0.invoice_qr_token,o1_0.paid_at,o1_0.payment_cancel_url,o1_0.payment_checkout_url,o1_0.payment_expires_at,o1_0.payment_link_id,o1_0.payment_provider,o1_0.payment_qr_code,o1_0.payment_reference,o1_0.payment_return_url,o1_0.payment_status,o1_0.payos_order_code,ps1_0.id,ps1_0.created_at,ps1_0.email,ps1_0.enabled,ps1_0.full_name,ps1_0.password_hash,ps1_0.profile_completed,ps1_0.role,ps1_0.updated_at,ps1_0.verified_at,ws3_0.id,ws3_0.active,ws3_0.address,ws3_0.area,ws3_0.close_time,ws3_0.contact_email,ws3_0.created_at,ws3_0.description,ws3_0.design_signature,ws3_0.franchise_mood,ws3_0.highlight_summary,ws3_0.hours_text,ws3_0.latitude,ws3_0.longitude,ws3_0.name,ws3_0.open_time,ws3_0.personality,ws3_0.phone_number,ws3_0.position_label,ws3_0.slug,ws3_0.specialty,ws3_0.updated_at,o1_0.promotion_code,o1_0.promotion_eligible_amount,o1_0.promotion_scope,o1_0.scheduled_delivery_at,o1_0.status,o1_0.subtotal_amount,o1_0.total_amount,o1_0.updated_at,o1_0.user_id,u1_0.id,u1_0.created_at,u1_0.email,u1_0.enabled,u1_0.full_name,u1_0.password_hash,u1_0.profile_completed,u1_0.role,u1_0.updated_at,u1_0.verified_at,ws4_0.id,ws4_0.active,ws4_0.address,ws4_0.area,ws4_0.close_time,ws4_0.contact_email,ws4_0.created_at,ws4_0.description,ws4_0.design_signature,ws4_0.franchise_mood,ws4_0.highlight_summary,ws4_0.hours_text,ws4_0.latitude,ws4_0.longitude,ws4_0.name,ws4_0.open_time,ws4_0.personality,ws4_0.phone_number,ws4_0.position_label,ws4_0.slug,ws4_0.specialty,ws4_0.updated_at from orders o1_0 left join users cbu1_0 on cbu1_0.id=o1_0.confirmed_by_user_id left join stores ws1_0 on ws1_0.id=cbu1_0.working_store_id left join users ds1_0 on ds1_0.id=o1_0.delivering_shipper_id left join stores ws2_0 on ws2_0.id=ds1_0.working_store_id left join users ps1_0 on ps1_0.id=o1_0.preparing_staff_id left join stores ws3_0 on ws3_0.id=ps1_0.working_store_id join users u1_0 on u1_0.id=o1_0.user_id left join stores ws4_0 on ws4_0.id=u1_0.working_store_id where o1_0.id=?
Hibernate: select d1_0.id,d1_0.active,d1_0.available,d1_0.category_id,c1_0.id,c1_0.active,c1_0.created_at,c1_0.description,c1_0.name,c1_0.sort_order,s1_0.id,s1_0.active,s1_0.address,s1_0.area,s1_0.close_time,s1_0.contact_email,s1_0.created_at,s1_0.description,s1_0.design_signature,s1_0.franchise_mood,s1_0.highlight_summary,s1_0.hours_text,s1_0.latitude,s1_0.longitude,s1_0.name,s1_0.open_time,s1_0.personality,s1_0.phone_number,s1_0.position_label,s1_0.slug,s1_0.specialty,s1_0.updated_at,c1_0.updated_at,d1_0.created_at,d1_0.description,d1_0.franchise_note,d1_0.franchise_required,d1_0.highlight_summary,d1_0.name,d1_0.note,d1_0.price,d1_0.status,d1_0.updated_at from dishes d1_0 join categories c1_0 on c1_0.id=d1_0.category_id left join stores s1_0 on s1_0.id=c1_0.store_id where d1_0.id=?
Hibernate: select o1_0.id,o1_0.confirmed_at,cbu1_0.id,cbu1_0.created_at,cbu1_0.email,cbu1_0.enabled,cbu1_0.full_name,cbu1_0.password_hash,cbu1_0.profile_completed,cbu1_0.role,cbu1_0.updated_at,cbu1_0.verified_at,ws1_0.id,ws1_0.active,ws1_0.address,ws1_0.area,ws1_0.close_time,ws1_0.contact_email,ws1_0.created_at,ws1_0.description,ws1_0.design_signature,ws1_0.franchise_mood,ws1_0.highlight_summary,ws1_0.hours_text,ws1_0.latitude,ws1_0.longitude,ws1_0.name,ws1_0.open_time,ws1_0.personality,ws1_0.phone_number,ws1_0.position_label,ws1_0.slug,ws1_0.specialty,ws1_0.updated_at,o1_0.created_at,ds1_0.id,ds1_0.created_at,ds1_0.email,ds1_0.enabled,ds1_0.full_name,ds1_0.password_hash,ds1_0.profile_completed,ds1_0.role,ds1_0.updated_at,ds1_0.verified_at,ws2_0.id,ws2_0.active,ws2_0.address,ws2_0.area,ws2_0.close_time,ws2_0.contact_email,ws2_0.created_at,ws2_0.description,ws2_0.design_signature,ws2_0.franchise_mood,ws2_0.highlight_summary,ws2_0.hours_text,ws2_0.latitude,ws2_0.longitude,ws2_0.name,ws2_0.open_time,ws2_0.personality,ws2_0.phone_number,ws2_0.position_label,ws2_0.slug,ws2_0.specialty,ws2_0.updated_at,o1_0.delivery_address,o1_0.delivery_address_id,o1_0.delivery_full_name,o1_0.delivery_phone_number,o1_0.delivery_proof_captured_at,o1_0.delivery_proof_image_path,o1_0.delivery_proof_note,o1_0.delivery_proof_uploaded_at,o1_0.delivery_type,o1_0.discount_amount,o1_0.invoice_issued_at,o1_0.invoice_number,o1_0.invoice_qr_token,o1_0.paid_at,o1_0.payment_cancel_url,o1_0.payment_checkout_url,o1_0.payment_expires_at,o1_0.payment_link_id,o1_0.payment_provider,o1_0.payment_qr_code,o1_0.payment_reference,o1_0.payment_return_url,o1_0.payment_status,o1_0.payos_order_code,ps1_0.id,ps1_0.created_at,ps1_0.email,ps1_0.enabled,ps1_0.full_name,ps1_0.password_hash,ps1_0.profile_completed,ps1_0.role,ps1_0.updated_at,ps1_0.verified_at,ws3_0.id,ws3_0.active,ws3_0.address,ws3_0.area,ws3_0.close_time,ws3_0.contact_email,ws3_0.created_at,ws3_0.description,ws3_0.design_signature,ws3_0.franchise_mood,ws3_0.highlight_summary,ws3_0.hours_text,ws3_0.latitude,ws3_0.longitude,ws3_0.name,ws3_0.open_time,ws3_0.personality,ws3_0.phone_number,ws3_0.position_label,ws3_0.slug,ws3_0.specialty,ws3_0.updated_at,o1_0.promotion_code,o1_0.promotion_eligible_amount,o1_0.promotion_scope,o1_0.scheduled_delivery_at,o1_0.status,o1_0.subtotal_amount,o1_0.total_amount,o1_0.updated_at,o1_0.user_id,u1_0.id,u1_0.created_at,u1_0.email,u1_0.enabled,u1_0.full_name,u1_0.password_hash,u1_0.profile_completed,u1_0.role,u1_0.updated_at,u1_0.verified_at,ws4_0.id,ws4_0.active,ws4_0.address,ws4_0.area,ws4_0.close_time,ws4_0.contact_email,ws4_0.created_at,ws4_0.description,ws4_0.design_signature,ws4_0.franchise_mood,ws4_0.highlight_summary,ws4_0.hours_text,ws4_0.latitude,ws4_0.longitude,ws4_0.name,ws4_0.open_time,ws4_0.personality,ws4_0.phone_number,ws4_0.position_label,ws4_0.slug,ws4_0.specialty,ws4_0.updated_at from orders o1_0 left join users cbu1_0 on cbu1_0.id=o1_0.confirmed_by_user_id left join stores ws1_0 on ws1_0.id=cbu1_0.working_store_id left join users ds1_0 on ds1_0.id=o1_0.delivering_shipper_id left join stores ws2_0 on ws2_0.id=ds1_0.working_store_id left join users ps1_0 on ps1_0.id=o1_0.preparing_staff_id left join stores ws3_0 on ws3_0.id=ps1_0.working_store_id join users u1_0 on u1_0.id=o1_0.user_id left join stores ws4_0 on ws4_0.id=u1_0.working_store_id where o1_0.id=?
Hibernate: select d1_0.id,d1_0.active,d1_0.available,d1_0.category_id,c1_0.id,c1_0.active,c1_0.created_at,c1_0.description,c1_0.name,c1_0.sort_order,s1_0.id,s1_0.active,s1_0.address,s1_0.area,s1_0.close_time,s1_0.contact_email,s1_0.created_at,s1_0.description,s1_0.design_signature,s1_0.franchise_mood,s1_0.highlight_summary,s1_0.hours_text,s1_0.latitude,s1_0.longitude,s1_0.name,s1_0.open_time,s1_0.personality,s1_0.phone_number,s1_0.position_label,s1_0.slug,s1_0.specialty,s1_0.updated_at,c1_0.updated_at,d1_0.created_at,d1_0.description,d1_0.franchise_note,d1_0.franchise_required,d1_0.highlight_summary,d1_0.name,d1_0.note,d1_0.price,d1_0.status,d1_0.updated_at from dishes d1_0 join categories c1_0 on c1_0.id=d1_0.category_id left join stores s1_0 on s1_0.id=c1_0.store_id where d1_0.id=?
Hibernate: select o1_0.id,o1_0.confirmed_at,cbu1_0.id,cbu1_0.created_at,cbu1_0.email,cbu1_0.enabled,cbu1_0.full_name,cbu1_0.password_hash,cbu1_0.profile_completed,cbu1_0.role,cbu1_0.updated_at,cbu1_0.verified_at,ws1_0.id,ws1_0.active,ws1_0.address,ws1_0.area,ws1_0.close_time,ws1_0.contact_email,ws1_0.created_at,ws1_0.description,ws1_0.design_signature,ws1_0.franchise_mood,ws1_0.highlight_summary,ws1_0.hours_text,ws1_0.latitude,ws1_0.longitude,ws1_0.name,ws1_0.open_time,ws1_0.personality,ws1_0.phone_number,ws1_0.position_label,ws1_0.slug,ws1_0.specialty,ws1_0.updated_at,o1_0.created_at,ds1_0.id,ds1_0.created_at,ds1_0.email,ds1_0.enabled,ds1_0.full_name,ds1_0.password_hash,ds1_0.profile_completed,ds1_0.role,ds1_0.updated_at,ds1_0.verified_at,ws2_0.id,ws2_0.active,ws2_0.address,ws2_0.area,ws2_0.close_time,ws2_0.contact_email,ws2_0.created_at,ws2_0.description,ws2_0.design_signature,ws2_0.franchise_mood,ws2_0.highlight_summary,ws2_0.hours_text,ws2_0.latitude,ws2_0.longitude,ws2_0.name,ws2_0.open_time,ws2_0.personality,ws2_0.phone_number,ws2_0.position_label,ws2_0.slug,ws2_0.specialty,ws2_0.updated_at,o1_0.delivery_address,o1_0.delivery_address_id,o1_0.delivery_full_name,o1_0.delivery_phone_number,o1_0.delivery_proof_captured_at,o1_0.delivery_proof_image_path,o1_0.delivery_proof_note,o1_0.delivery_proof_uploaded_at,o1_0.delivery_type,o1_0.discount_amount,o1_0.invoice_issued_at,o1_0.invoice_number,o1_0.invoice_qr_token,o1_0.paid_at,o1_0.payment_cancel_url,o1_0.payment_checkout_url,o1_0.payment_expires_at,o1_0.payment_link_id,o1_0.payment_provider,o1_0.payment_qr_code,o1_0.payment_reference,o1_0.payment_return_url,o1_0.payment_status,o1_0.payos_order_code,ps1_0.id,ps1_0.created_at,ps1_0.email,ps1_0.enabled,ps1_0.full_name,ps1_0.password_hash,ps1_0.profile_completed,ps1_0.role,ps1_0.updated_at,ps1_0.verified_at,ws3_0.id,ws3_0.active,ws3_0.address,ws3_0.area,ws3_0.close_time,ws3_0.contact_email,ws3_0.created_at,ws3_0.description,ws3_0.design_signature,ws3_0.franchise_mood,ws3_0.highlight_summary,ws3_0.hours_text,ws3_0.latitude,ws3_0.longitude,ws3_0.name,ws3_0.open_time,ws3_0.personality,ws3_0.phone_number,ws3_0.position_label,ws3_0.slug,ws3_0.specialty,ws3_0.updated_at,o1_0.promotion_code,o1_0.promotion_eligible_amount,o1_0.promotion_scope,o1_0.scheduled_delivery_at,o1_0.status,o1_0.subtotal_amount,o1_0.total_amount,o1_0.updated_at,o1_0.user_id,u1_0.id,u1_0.created_at,u1_0.email,u1_0.enabled,u1_0.full_name,u1_0.password_hash,u1_0.profile_completed,u1_0.role,u1_0.updated_at,u1_0.verified_at,ws4_0.id,ws4_0.active,ws4_0.address,ws4_0.area,ws4_0.close_time,ws4_0.contact_email,ws4_0.created_at,ws4_0.description,ws4_0.design_signature,ws4_0.franchise_mood,ws4_0.highlight_summary,ws4_0.hours_text,ws4_0.latitude,ws4_0.longitude,ws4_0.name,ws4_0.open_time,ws4_0.personality,ws4_0.phone_number,ws4_0.position_label,ws4_0.slug,ws4_0.specialty,ws4_0.updated_at from orders o1_0 left join users cbu1_0 on cbu1_0.id=o1_0.confirmed_by_user_id left join stores ws1_0 on ws1_0.id=cbu1_0.working_store_id left join users ds1_0 on ds1_0.id=o1_0.delivering_shipper_id left join stores ws2_0 on ws2_0.id=ds1_0.working_store_id left join users ps1_0 on ps1_0.id=o1_0.preparing_staff_id left join stores ws3_0 on ws3_0.id=ps1_0.working_store_id join users u1_0 on u1_0.id=o1_0.user_id left join stores ws4_0 on ws4_0.id=u1_0.working_store_id where o1_0.id=?
Hibernate: select d1_0.id,d1_0.active,d1_0.available,d1_0.category_id,c1_0.id,c1_0.active,c1_0.created_at,c1_0.description,c1_0.name,c1_0.sort_order,s1_0.id,s1_0.active,s1_0.address,s1_0.area,s1_0.close_time,s1_0.contact_email,s1_0.created_at,s1_0.description,s1_0.design_signature,s1_0.franchise_mood,s1_0.highlight_summary,s1_0.hours_text,s1_0.latitude,s1_0.longitude,s1_0.name,s1_0.open_time,s1_0.personality,s1_0.phone_number,s1_0.position_label,s1_0.slug,s1_0.specialty,s1_0.updated_at,c1_0.updated_at,d1_0.created_at,d1_0.description,d1_0.franchise_note,d1_0.franchise_required,d1_0.highlight_summary,d1_0.name,d1_0.note,d1_0.price,d1_0.status,d1_0.updated_at from dishes d1_0 join categories c1_0 on c1_0.id=d1_0.category_id left join stores s1_0 on s1_0.id=c1_0.store_id where d1_0.id=?
Hibernate: select o1_0.id,o1_0.confirmed_at,cbu1_0.id,cbu1_0.created_at,cbu1_0.email,cbu1_0.enabled,cbu1_0.full_name,cbu1_0.password_hash,cbu1_0.profile_completed,cbu1_0.role,cbu1_0.updated_at,cbu1_0.verified_at,ws1_0.id,ws1_0.active,ws1_0.address,ws1_0.area,ws1_0.close_time,ws1_0.contact_email,ws1_0.created_at,ws1_0.description,ws1_0.design_signature,ws1_0.franchise_mood,ws1_0.highlight_summary,ws1_0.hours_text,ws1_0.latitude,ws1_0.longitude,ws1_0.name,ws1_0.open_time,ws1_0.personality,ws1_0.phone_number,ws1_0.position_label,ws1_0.slug,ws1_0.specialty,ws1_0.updated_at,o1_0.created_at,ds1_0.id,ds1_0.created_at,ds1_0.email,ds1_0.enabled,ds1_0.full_name,ds1_0.password_hash,ds1_0.profile_completed,ds1_0.role,ds1_0.updated_at,ds1_0.verified_at,ws2_0.id,ws2_0.active,ws2_0.address,ws2_0.area,ws2_0.close_time,ws2_0.contact_email,ws2_0.created_at,ws2_0.description,ws2_0.design_signature,ws2_0.franchise_mood,ws2_0.highlight_summary,ws2_0.hours_text,ws2_0.latitude,ws2_0.longitude,ws2_0.name,ws2_0.open_time,ws2_0.personality,ws2_0.phone_number,ws2_0.position_label,ws2_0.slug,ws2_0.specialty,ws2_0.updated_at,o1_0.delivery_address,o1_0.delivery_address_id,o1_0.delivery_full_name,o1_0.delivery_phone_number,o1_0.delivery_proof_captured_at,o1_0.delivery_proof_image_path,o1_0.delivery_proof_note,o1_0.delivery_proof_uploaded_at,o1_0.delivery_type,o1_0.discount_amount,o1_0.invoice_issued_at,o1_0.invoice_number,o1_0.invoice_qr_token,o1_0.paid_at,o1_0.payment_cancel_url,o1_0.payment_checkout_url,o1_0.payment_expires_at,o1_0.payment_link_id,o1_0.payment_provider,o1_0.payment_qr_code,o1_0.payment_reference,o1_0.payment_return_url,o1_0.payment_status,o1_0.payos_order_code,ps1_0.id,ps1_0.created_at,ps1_0.email,ps1_0.enabled,ps1_0.full_name,ps1_0.password_hash,ps1_0.profile_completed,ps1_0.role,ps1_0.updated_at,ps1_0.verified_at,ws3_0.id,ws3_0.active,ws3_0.address,ws3_0.area,ws3_0.close_time,ws3_0.contact_email,ws3_0.created_at,ws3_0.description,ws3_0.design_signature,ws3_0.franchise_mood,ws3_0.highlight_summary,ws3_0.hours_text,ws3_0.latitude,ws3_0.longitude,ws3_0.name,ws3_0.open_time,ws3_0.personality,ws3_0.phone_number,ws3_0.position_label,ws3_0.slug,ws3_0.specialty,ws3_0.updated_at,o1_0.promotion_code,o1_0.promotion_eligible_amount,o1_0.promotion_scope,o1_0.scheduled_delivery_at,o1_0.status,o1_0.subtotal_amount,o1_0.total_amount,o1_0.updated_at,o1_0.user_id,u1_0.id,u1_0.created_at,u1_0.email,u1_0.enabled,u1_0.full_name,u1_0.password_hash,u1_0.profile_completed,u1_0.role,u1_0.updated_at,u1_0.verified_at,ws4_0.id,ws4_0.active,ws4_0.address,ws4_0.area,ws4_0.close_time,ws4_0.contact_email,ws4_0.created_at,ws4_0.description,ws4_0.design_signature,ws4_0.franchise_mood,ws4_0.highlight_summary,ws4_0.hours_text,ws4_0.latitude,ws4_0.longitude,ws4_0.name,ws4_0.open_time,ws4_0.personality,ws4_0.phone_number,ws4_0.position_label,ws4_0.slug,ws4_0.specialty,ws4_0.updated_at from orders o1_0 left join users cbu1_0 on cbu1_0.id=o1_0.confirmed_by_user_id left join stores ws1_0 on ws1_0.id=cbu1_0.working_store_id left join users ds1_0 on ds1_0.id=o1_0.delivering_shipper_id left join stores ws2_0 on ws2_0.id=ds1_0.working_store_id left join users ps1_0 on ps1_0.id=o1_0.preparing_staff_id left join stores ws3_0 on ws3_0.id=ps1_0.working_store_id join users u1_0 on u1_0.id=o1_0.user_id left join stores ws4_0 on ws4_0.id=u1_0.working_store_id where o1_0.id=?
Hibernate: select d1_0.id,d1_0.active,d1_0.available,d1_0.category_id,c1_0.id,c1_0.active,c1_0.created_at,c1_0.description,c1_0.name,c1_0.sort_order,s1_0.id,s1_0.active,s1_0.address,s1_0.area,s1_0.close_time,s1_0.contact_email,s1_0.created_at,s1_0.description,s1_0.design_signature,s1_0.franchise_mood,s1_0.highlight_summary,s1_0.hours_text,s1_0.latitude,s1_0.longitude,s1_0.name,s1_0.open_time,s1_0.personality,s1_0.phone_number,s1_0.position_label,s1_0.slug,s1_0.specialty,s1_0.updated_at,c1_0.updated_at,d1_0.created_at,d1_0.description,d1_0.franchise_note,d1_0.franchise_required,d1_0.highlight_summary,d1_0.name,d1_0.note,d1_0.price,d1_0.status,d1_0.updated_at from dishes d1_0 join categories c1_0 on c1_0.id=d1_0.category_id left join stores s1_0 on s1_0.id=c1_0.store_id where d1_0.id=?
Hibernate: select o1_0.id,o1_0.confirmed_at,cbu1_0.id,cbu1_0.created_at,cbu1_0.email,cbu1_0.enabled,cbu1_0.full_name,cbu1_0.password_hash,cbu1_0.profile_completed,cbu1_0.role,cbu1_0.updated_at,cbu1_0.verified_at,ws1_0.id,ws1_0.active,ws1_0.address,ws1_0.area,ws1_0.close_time,ws1_0.contact_email,ws1_0.created_at,ws1_0.description,ws1_0.design_signature,ws1_0.franchise_mood,ws1_0.highlight_summary,ws1_0.hours_text,ws1_0.latitude,ws1_0.longitude,ws1_0.name,ws1_0.open_time,ws1_0.personality,ws1_0.phone_number,ws1_0.position_label,ws1_0.slug,ws1_0.specialty,ws1_0.updated_at,o1_0.created_at,ds1_0.id,ds1_0.created_at,ds1_0.email,ds1_0.enabled,ds1_0.full_name,ds1_0.password_hash,ds1_0.profile_completed,ds1_0.role,ds1_0.updated_at,ds1_0.verified_at,ws2_0.id,ws2_0.active,ws2_0.address,ws2_0.area,ws2_0.close_time,ws2_0.contact_email,ws2_0.created_at,ws2_0.description,ws2_0.design_signature,ws2_0.franchise_mood,ws2_0.highlight_summary,ws2_0.hours_text,ws2_0.latitude,ws2_0.longitude,ws2_0.name,ws2_0.open_time,ws2_0.personality,ws2_0.phone_number,ws2_0.position_label,ws2_0.slug,ws2_0.specialty,ws2_0.updated_at,o1_0.delivery_address,o1_0.delivery_address_id,o1_0.delivery_full_name,o1_0.delivery_phone_number,o1_0.delivery_proof_captured_at,o1_0.delivery_proof_image_path,o1_0.delivery_proof_note,o1_0.delivery_proof_uploaded_at,o1_0.delivery_type,o1_0.discount_amount,o1_0.invoice_issued_at,o1_0.invoice_number,o1_0.invoice_qr_token,o1_0.paid_at,o1_0.payment_cancel_url,o1_0.payment_checkout_url,o1_0.payment_expires_at,o1_0.payment_link_id,o1_0.payment_provider,o1_0.payment_qr_code,o1_0.payment_reference,o1_0.payment_return_url,o1_0.payment_status,o1_0.payos_order_code,ps1_0.id,ps1_0.created_at,ps1_0.email,ps1_0.enabled,ps1_0.full_name,ps1_0.password_hash,ps1_0.profile_completed,ps1_0.role,ps1_0.updated_at,ps1_0.verified_at,ws3_0.id,ws3_0.active,ws3_0.address,ws3_0.area,ws3_0.close_time,ws3_0.contact_email,ws3_0.created_at,ws3_0.description,ws3_0.design_signature,ws3_0.franchise_mood,ws3_0.highlight_summary,ws3_0.hours_text,ws3_0.latitude,ws3_0.longitude,ws3_0.name,ws3_0.open_time,ws3_0.personality,ws3_0.phone_number,ws3_0.position_label,ws3_0.slug,ws3_0.specialty,ws3_0.updated_at,o1_0.promotion_code,o1_0.promotion_eligible_amount,o1_0.promotion_scope,o1_0.scheduled_delivery_at,o1_0.status,o1_0.subtotal_amount,o1_0.total_amount,o1_0.updated_at,o1_0.user_id,u1_0.id,u1_0.created_at,u1_0.email,u1_0.enabled,u1_0.full_name,u1_0.password_hash,u1_0.profile_completed,u1_0.role,u1_0.updated_at,u1_0.verified_at,ws4_0.id,ws4_0.active,ws4_0.address,ws4_0.area,ws4_0.close_time,ws4_0.contact_email,ws4_0.created_at,ws4_0.description,ws4_0.design_signature,ws4_0.franchise_mood,ws4_0.highlight_summary,ws4_0.hours_text,ws4_0.latitude,ws4_0.longitude,ws4_0.name,ws4_0.open_time,ws4_0.personality,ws4_0.phone_number,ws4_0.position_label,ws4_0.slug,ws4_0.specialty,ws4_0.updated_at from orders o1_0 left join users cbu1_0 on cbu1_0.id=o1_0.confirmed_by_user_id left join stores ws1_0 on ws1_0.id=cbu1_0.working_store_id left join users ds1_0 on ds1_0.id=o1_0.delivering_shipper_id left join stores ws2_0 on ws2_0.id=ds1_0.working_store_id left join users ps1_0 on ps1_0.id=o1_0.preparing_staff_id left join stores ws3_0 on ws3_0.id=ps1_0.working_store_id join users u1_0 on u1_0.id=o1_0.user_id left join stores ws4_0 on ws4_0.id=u1_0.working_store_id where o1_0.id=?
Hibernate: select d1_0.id,d1_0.active,d1_0.available,d1_0.category_id,c1_0.id,c1_0.active,c1_0.created_at,c1_0.description,c1_0.name,c1_0.sort_order,s1_0.id,s1_0.active,s1_0.address,s1_0.area,s1_0.close_time,s1_0.contact_email,s1_0.created_at,s1_0.description,s1_0.design_signature,s1_0.franchise_mood,s1_0.highlight_summary,s1_0.hours_text,s1_0.latitude,s1_0.longitude,s1_0.name,s1_0.open_time,s1_0.personality,s1_0.phone_number,s1_0.position_label,s1_0.slug,s1_0.specialty,s1_0.updated_at,c1_0.updated_at,d1_0.created_at,d1_0.description,d1_0.franchise_note,d1_0.franchise_required,d1_0.highlight_summary,d1_0.name,d1_0.note,d1_0.price,d1_0.status,d1_0.updated_at from dishes d1_0 join categories c1_0 on c1_0.id=d1_0.category_id left join stores s1_0 on s1_0.id=c1_0.store_id where d1_0.id=?
Hibernate: select o1_0.id,o1_0.confirmed_at,cbu1_0.id,cbu1_0.created_at,cbu1_0.email,cbu1_0.enabled,cbu1_0.full_name,cbu1_0.password_hash,cbu1_0.profile_completed,cbu1_0.role,cbu1_0.updated_at,cbu1_0.verified_at,ws1_0.id,ws1_0.active,ws1_0.address,ws1_0.area,ws1_0.close_time,ws1_0.contact_email,ws1_0.created_at,ws1_0.description,ws1_0.design_signature,ws1_0.franchise_mood,ws1_0.highlight_summary,ws1_0.hours_text,ws1_0.latitude,ws1_0.longitude,ws1_0.name,ws1_0.open_time,ws1_0.personality,ws1_0.phone_number,ws1_0.position_label,ws1_0.slug,ws1_0.specialty,ws1_0.updated_at,o1_0.created_at,ds1_0.id,ds1_0.created_at,ds1_0.email,ds1_0.enabled,ds1_0.full_name,ds1_0.password_hash,ds1_0.profile_completed,ds1_0.role,ds1_0.updated_at,ds1_0.verified_at,ws2_0.id,ws2_0.active,ws2_0.address,ws2_0.area,ws2_0.close_time,ws2_0.contact_email,ws2_0.created_at,ws2_0.description,ws2_0.design_signature,ws2_0.franchise_mood,ws2_0.highlight_summary,ws2_0.hours_text,ws2_0.latitude,ws2_0.longitude,ws2_0.name,ws2_0.open_time,ws2_0.personality,ws2_0.phone_number,ws2_0.position_label,ws2_0.slug,ws2_0.specialty,ws2_0.updated_at,o1_0.delivery_address,o1_0.delivery_address_id,o1_0.delivery_full_name,o1_0.delivery_phone_number,o1_0.delivery_proof_captured_at,o1_0.delivery_proof_image_path,o1_0.delivery_proof_note,o1_0.delivery_proof_uploaded_at,o1_0.delivery_type,o1_0.discount_amount,o1_0.invoice_issued_at,o1_0.invoice_number,o1_0.invoice_qr_token,o1_0.paid_at,o1_0.payment_cancel_url,o1_0.payment_checkout_url,o1_0.payment_expires_at,o1_0.payment_link_id,o1_0.payment_provider,o1_0.payment_qr_code,o1_0.payment_reference,o1_0.payment_return_url,o1_0.payment_status,o1_0.payos_order_code,ps1_0.id,ps1_0.created_at,ps1_0.email,ps1_0.enabled,ps1_0.full_name,ps1_0.password_hash,ps1_0.profile_completed,ps1_0.role,ps1_0.updated_at,ps1_0.verified_at,ws3_0.id,ws3_0.active,ws3_0.address,ws3_0.area,ws3_0.close_time,ws3_0.contact_email,ws3_0.created_at,ws3_0.description,ws3_0.design_signature,ws3_0.franchise_mood,ws3_0.highlight_summary,ws3_0.hours_text,ws3_0.latitude,ws3_0.longitude,ws3_0.name,ws3_0.open_time,ws3_0.personality,ws3_0.phone_number,ws3_0.position_label,ws3_0.slug,ws3_0.specialty,ws3_0.updated_at,o1_0.promotion_code,o1_0.promotion_eligible_amount,o1_0.promotion_scope,o1_0.scheduled_delivery_at,o1_0.status,o1_0.subtotal_amount,o1_0.total_amount,o1_0.updated_at,o1_0.user_id,u1_0.id,u1_0.created_at,u1_0.email,u1_0.enabled,u1_0.full_name,u1_0.password_hash,u1_0.profile_completed,u1_0.role,u1_0.updated_at,u1_0.verified_at,ws4_0.id,ws4_0.active,ws4_0.address,ws4_0.area,ws4_0.close_time,ws4_0.contact_email,ws4_0.created_at,ws4_0.description,ws4_0.design_signature,ws4_0.franchise_mood,ws4_0.highlight_summary,ws4_0.hours_text,ws4_0.latitude,ws4_0.longitude,ws4_0.name,ws4_0.open_time,ws4_0.personality,ws4_0.phone_number,ws4_0.position_label,ws4_0.slug,ws4_0.specialty,ws4_0.updated_at from orders o1_0 left join users cbu1_0 on cbu1_0.id=o1_0.confirmed_by_user_id left join stores ws1_0 on ws1_0.id=cbu1_0.working_store_id left join users ds1_0 on ds1_0.id=o1_0.delivering_shipper_id left join stores ws2_0 on ws2_0.id=ds1_0.working_store_id left join users ps1_0 on ps1_0.id=o1_0.preparing_staff_id left join stores ws3_0 on ws3_0.id=ps1_0.working_store_id join users u1_0 on u1_0.id=o1_0.user_id left join stores ws4_0 on ws4_0.id=u1_0.working_store_id where o1_0.id=?
Hibernate: select d1_0.id,d1_0.active,d1_0.available,d1_0.category_id,c1_0.id,c1_0.active,c1_0.created_at,c1_0.description,c1_0.name,c1_0.sort_order,s1_0.id,s1_0.active,s1_0.address,s1_0.area,s1_0.close_time,s1_0.contact_email,s1_0.created_at,s1_0.description,s1_0.design_signature,s1_0.franchise_mood,s1_0.highlight_summary,s1_0.hours_text,s1_0.latitude,s1_0.longitude,s1_0.name,s1_0.open_time,s1_0.personality,s1_0.phone_number,s1_0.position_label,s1_0.slug,s1_0.specialty,s1_0.updated_at,c1_0.updated_at,d1_0.created_at,d1_0.description,d1_0.franchise_note,d1_0.franchise_required,d1_0.highlight_summary,d1_0.name,d1_0.note,d1_0.price,d1_0.status,d1_0.updated_at from dishes d1_0 join categories c1_0 on c1_0.id=d1_0.category_id left join stores s1_0 on s1_0.id=c1_0.store_id where d1_0.id=?
Hibernate: select o1_0.id,o1_0.confirmed_at,cbu1_0.id,cbu1_0.created_at,cbu1_0.email,cbu1_0.enabled,cbu1_0.full_name,cbu1_0.password_hash,cbu1_0.profile_completed,cbu1_0.role,cbu1_0.updated_at,cbu1_0.verified_at,ws1_0.id,ws1_0.active,ws1_0.address,ws1_0.area,ws1_0.close_time,ws1_0.contact_email,ws1_0.created_at,ws1_0.description,ws1_0.design_signature,ws1_0.franchise_mood,ws1_0.highlight_summary,ws1_0.hours_text,ws1_0.latitude,ws1_0.longitude,ws1_0.name,ws1_0.open_time,ws1_0.personality,ws1_0.phone_number,ws1_0.position_label,ws1_0.slug,ws1_0.specialty,ws1_0.updated_at,o1_0.created_at,ds1_0.id,ds1_0.created_at,ds1_0.email,ds1_0.enabled,ds1_0.full_name,ds1_0.password_hash,ds1_0.profile_completed,ds1_0.role,ds1_0.updated_at,ds1_0.verified_at,ws2_0.id,ws2_0.active,ws2_0.address,ws2_0.area,ws2_0.close_time,ws2_0.contact_email,ws2_0.created_at,ws2_0.description,ws2_0.design_signature,ws2_0.franchise_mood,ws2_0.highlight_summary,ws2_0.hours_text,ws2_0.latitude,ws2_0.longitude,ws2_0.name,ws2_0.open_time,ws2_0.personality,ws2_0.phone_number,ws2_0.position_label,ws2_0.slug,ws2_0.specialty,ws2_0.updated_at,o1_0.delivery_address,o1_0.delivery_address_id,o1_0.delivery_full_name,o1_0.delivery_phone_number,o1_0.delivery_proof_captured_at,o1_0.delivery_proof_image_path,o1_0.delivery_proof_note,o1_0.delivery_proof_uploaded_at,o1_0.delivery_type,o1_0.discount_amount,o1_0.invoice_issued_at,o1_0.invoice_number,o1_0.invoice_qr_token,o1_0.paid_at,o1_0.payment_cancel_url,o1_0.payment_checkout_url,o1_0.payment_expires_at,o1_0.payment_link_id,o1_0.payment_provider,o1_0.payment_qr_code,o1_0.payment_reference,o1_0.payment_return_url,o1_0.payment_status,o1_0.payos_order_code,ps1_0.id,ps1_0.created_at,ps1_0.email,ps1_0.enabled,ps1_0.full_name,ps1_0.password_hash,ps1_0.profile_completed,ps1_0.role,ps1_0.updated_at,ps1_0.verified_at,ws3_0.id,ws3_0.active,ws3_0.address,ws3_0.area,ws3_0.close_time,ws3_0.contact_email,ws3_0.created_at,ws3_0.description,ws3_0.design_signature,ws3_0.franchise_mood,ws3_0.highlight_summary,ws3_0.hours_text,ws3_0.latitude,ws3_0.longitude,ws3_0.name,ws3_0.open_time,ws3_0.personality,ws3_0.phone_number,ws3_0.position_label,ws3_0.slug,ws3_0.specialty,ws3_0.updated_at,o1_0.promotion_code,o1_0.promotion_eligible_amount,o1_0.promotion_scope,o1_0.scheduled_delivery_at,o1_0.status,o1_0.subtotal_amount,o1_0.total_amount,o1_0.updated_at,o1_0.user_id,u1_0.id,u1_0.created_at,u1_0.email,u1_0.enabled,u1_0.full_name,u1_0.password_hash,u1_0.profile_completed,u1_0.role,u1_0.updated_at,u1_0.verified_at,ws4_0.id,ws4_0.active,ws4_0.address,ws4_0.area,ws4_0.close_time,ws4_0.contact_email,ws4_0.created_at,ws4_0.description,ws4_0.design_signature,ws4_0.franchise_mood,ws4_0.highlight_summary,ws4_0.hours_text,ws4_0.latitude,ws4_0.longitude,ws4_0.name,ws4_0.open_time,ws4_0.personality,ws4_0.phone_number,ws4_0.position_label,ws4_0.slug,ws4_0.specialty,ws4_0.updated_at from orders o1_0 left join users cbu1_0 on cbu1_0.id=o1_0.confirmed_by_user_id left join stores ws1_0 on ws1_0.id=cbu1_0.working_store_id left join users ds1_0 on ds1_0.id=o1_0.delivering_shipper_id left join stores ws2_0 on ws2_0.id=ds1_0.working_store_id left join users ps1_0 on ps1_0.id=o1_0.preparing_staff_id left join stores ws3_0 on ws3_0.id=ps1_0.working_store_id join users u1_0 on u1_0.id=o1_0.user_id left join stores ws4_0 on ws4_0.id=u1_0.working_store_id where o1_0.id=?
Hibernate: select d1_0.id,d1_0.active,d1_0.available,d1_0.category_id,c1_0.id,c1_0.active,c1_0.created_at,c1_0.description,c1_0.name,c1_0.sort_order,s1_0.id,s1_0.active,s1_0.address,s1_0.area,s1_0.close_time,s1_0.contact_email,s1_0.created_at,s1_0.description,s1_0.design_signature,s1_0.franchise_mood,s1_0.highlight_summary,s1_0.hours_text,s1_0.latitude,s1_0.longitude,s1_0.name,s1_0.open_time,s1_0.personality,s1_0.phone_number,s1_0.position_label,s1_0.slug,s1_0.specialty,s1_0.updated_at,c1_0.updated_at,d1_0.created_at,d1_0.description,d1_0.franchise_note,d1_0.franchise_required,d1_0.highlight_summary,d1_0.name,d1_0.note,d1_0.price,d1_0.status,d1_0.updated_at from dishes d1_0 join categories c1_0 on c1_0.id=d1_0.category_id left join stores s1_0 on s1_0.id=c1_0.store_id where d1_0.id=?
Hibernate: select o1_0.id,o1_0.confirmed_at,cbu1_0.id,cbu1_0.created_at,cbu1_0.email,cbu1_0.enabled,cbu1_0.full_name,cbu1_0.password_hash,cbu1_0.profile_completed,cbu1_0.role,cbu1_0.updated_at,cbu1_0.verified_at,ws1_0.id,ws1_0.active,ws1_0.address,ws1_0.area,ws1_0.close_time,ws1_0.contact_email,ws1_0.created_at,ws1_0.description,ws1_0.design_signature,ws1_0.franchise_mood,ws1_0.highlight_summary,ws1_0.hours_text,ws1_0.latitude,ws1_0.longitude,ws1_0.name,ws1_0.open_time,ws1_0.personality,ws1_0.phone_number,ws1_0.position_label,ws1_0.slug,ws1_0.specialty,ws1_0.updated_at,o1_0.created_at,ds1_0.id,ds1_0.created_at,ds1_0.email,ds1_0.enabled,ds1_0.full_name,ds1_0.password_hash,ds1_0.profile_completed,ds1_0.role,ds1_0.updated_at,ds1_0.verified_at,ws2_0.id,ws2_0.active,ws2_0.address,ws2_0.area,ws2_0.close_time,ws2_0.contact_email,ws2_0.created_at,ws2_0.description,ws2_0.design_signature,ws2_0.franchise_mood,ws2_0.highlight_summary,ws2_0.hours_text,ws2_0.latitude,ws2_0.longitude,ws2_0.name,ws2_0.open_time,ws2_0.personality,ws2_0.phone_number,ws2_0.position_label,ws2_0.slug,ws2_0.specialty,ws2_0.updated_at,o1_0.delivery_address,o1_0.delivery_address_id,o1_0.delivery_full_name,o1_0.delivery_phone_number,o1_0.delivery_proof_captured_at,o1_0.delivery_proof_image_path,o1_0.delivery_proof_note,o1_0.delivery_proof_uploaded_at,o1_0.delivery_type,o1_0.discount_amount,o1_0.invoice_issued_at,o1_0.invoice_number,o1_0.invoice_qr_token,o1_0.paid_at,o1_0.payment_cancel_url,o1_0.payment_checkout_url,o1_0.payment_expires_at,o1_0.payment_link_id,o1_0.payment_provider,o1_0.payment_qr_code,o1_0.payment_reference,o1_0.payment_return_url,o1_0.payment_status,o1_0.payos_order_code,ps1_0.id,ps1_0.created_at,ps1_0.email,ps1_0.enabled,ps1_0.full_name,ps1_0.password_hash,ps1_0.profile_completed,ps1_0.role,ps1_0.updated_at,ps1_0.verified_at,ws3_0.id,ws3_0.active,ws3_0.address,ws3_0.area,ws3_0.close_time,ws3_0.contact_email,ws3_0.created_at,ws3_0.description,ws3_0.design_signature,ws3_0.franchise_mood,ws3_0.highlight_summary,ws3_0.hours_text,ws3_0.latitude,ws3_0.longitude,ws3_0.name,ws3_0.open_time,ws3_0.personality,ws3_0.phone_number,ws3_0.position_label,ws3_0.slug,ws3_0.specialty,ws3_0.updated_at,o1_0.promotion_code,o1_0.promotion_eligible_amount,o1_0.promotion_scope,o1_0.scheduled_delivery_at,o1_0.status,o1_0.subtotal_amount,o1_0.total_amount,o1_0.updated_at,o1_0.user_id,u1_0.id,u1_0.created_at,u1_0.email,u1_0.enabled,u1_0.full_name,u1_0.password_hash,u1_0.profile_completed,u1_0.role,u1_0.updated_at,u1_0.verified_at,ws4_0.id,ws4_0.active,ws4_0.address,ws4_0.area,ws4_0.close_time,ws4_0.contact_email,ws4_0.created_at,ws4_0.description,ws4_0.design_signature,ws4_0.franchise_mood,ws4_0.highlight_summary,ws4_0.hours_text,ws4_0.latitude,ws4_0.longitude,ws4_0.name,ws4_0.open_time,ws4_0.personality,ws4_0.phone_number,ws4_0.position_label,ws4_0.slug,ws4_0.specialty,ws4_0.updated_at from orders o1_0 left join users cbu1_0 on cbu1_0.id=o1_0.confirmed_by_user_id left join stores ws1_0 on ws1_0.id=cbu1_0.working_store_id left join users ds1_0 on ds1_0.id=o1_0.delivering_shipper_id left join stores ws2_0 on ws2_0.id=ds1_0.working_store_id left join users ps1_0 on ps1_0.id=o1_0.preparing_staff_id left join stores ws3_0 on ws3_0.id=ps1_0.working_store_id join users u1_0 on u1_0.id=o1_0.user_id left join stores ws4_0 on ws4_0.id=u1_0.working_store_id where o1_0.id=?
Hibernate: select d1_0.id,d1_0.active,d1_0.available,d1_0.category_id,c1_0.id,c1_0.active,c1_0.created_at,c1_0.description,c1_0.name,c1_0.sort_order,s1_0.id,s1_0.active,s1_0.address,s1_0.area,s1_0.close_time,s1_0.contact_email,s1_0.created_at,s1_0.description,s1_0.design_signature,s1_0.franchise_mood,s1_0.highlight_summary,s1_0.hours_text,s1_0.latitude,s1_0.longitude,s1_0.name,s1_0.open_time,s1_0.personality,s1_0.phone_number,s1_0.position_label,s1_0.slug,s1_0.specialty,s1_0.updated_at,c1_0.updated_at,d1_0.created_at,d1_0.description,d1_0.franchise_note,d1_0.franchise_required,d1_0.highlight_summary,d1_0.name,d1_0.note,d1_0.price,d1_0.status,d1_0.updated_at from dishes d1_0 join categories c1_0 on c1_0.id=d1_0.category_id left join stores s1_0 on s1_0.id=c1_0.store_id where d1_0.id=?
Hibernate: select o1_0.id,o1_0.confirmed_at,cbu1_0.id,cbu1_0.created_at,cbu1_0.email,cbu1_0.enabled,cbu1_0.full_name,cbu1_0.password_hash,cbu1_0.profile_completed,cbu1_0.role,cbu1_0.updated_at,cbu1_0.verified_at,ws1_0.id,ws1_0.active,ws1_0.address,ws1_0.area,ws1_0.close_time,ws1_0.contact_email,ws1_0.created_at,ws1_0.description,ws1_0.design_signature,ws1_0.franchise_mood,ws1_0.highlight_summary,ws1_0.hours_text,ws1_0.latitude,ws1_0.longitude,ws1_0.name,ws1_0.open_time,ws1_0.personality,ws1_0.phone_number,ws1_0.position_label,ws1_0.slug,ws1_0.specialty,ws1_0.updated_at,o1_0.created_at,ds1_0.id,ds1_0.created_at,ds1_0.email,ds1_0.enabled,ds1_0.full_name,ds1_0.password_hash,ds1_0.profile_completed,ds1_0.role,ds1_0.updated_at,ds1_0.verified_at,ws2_0.id,ws2_0.active,ws2_0.address,ws2_0.area,ws2_0.close_time,ws2_0.contact_email,ws2_0.created_at,ws2_0.description,ws2_0.design_signature,ws2_0.franchise_mood,ws2_0.highlight_summary,ws2_0.hours_text,ws2_0.latitude,ws2_0.longitude,ws2_0.name,ws2_0.open_time,ws2_0.personality,ws2_0.phone_number,ws2_0.position_label,ws2_0.slug,ws2_0.specialty,ws2_0.updated_at,o1_0.delivery_address,o1_0.delivery_address_id,o1_0.delivery_full_name,o1_0.delivery_phone_number,o1_0.delivery_proof_captured_at,o1_0.delivery_proof_image_path,o1_0.delivery_proof_note,o1_0.delivery_proof_uploaded_at,o1_0.delivery_type,o1_0.discount_amount,o1_0.invoice_issued_at,o1_0.invoice_number,o1_0.invoice_qr_token,o1_0.paid_at,o1_0.payment_cancel_url,o1_0.payment_checkout_url,o1_0.payment_expires_at,o1_0.payment_link_id,o1_0.payment_provider,o1_0.payment_qr_code,o1_0.payment_reference,o1_0.payment_return_url,o1_0.payment_status,o1_0.payos_order_code,ps1_0.id,ps1_0.created_at,ps1_0.email,ps1_0.enabled,ps1_0.full_name,ps1_0.password_hash,ps1_0.profile_completed,ps1_0.role,ps1_0.updated_at,ps1_0.verified_at,ws3_0.id,ws3_0.active,ws3_0.address,ws3_0.area,ws3_0.close_time,ws3_0.contact_email,ws3_0.created_at,ws3_0.description,ws3_0.design_signature,ws3_0.franchise_mood,ws3_0.highlight_summary,ws3_0.hours_text,ws3_0.latitude,ws3_0.longitude,ws3_0.name,ws3_0.open_time,ws3_0.personality,ws3_0.phone_number,ws3_0.position_label,ws3_0.slug,ws3_0.specialty,ws3_0.updated_at,o1_0.promotion_code,o1_0.promotion_eligible_amount,o1_0.promotion_scope,o1_0.scheduled_delivery_at,o1_0.status,o1_0.subtotal_amount,o1_0.total_amount,o1_0.updated_at,o1_0.user_id,u1_0.id,u1_0.created_at,u1_0.email,u1_0.enabled,u1_0.full_name,u1_0.password_hash,u1_0.profile_completed,u1_0.role,u1_0.updated_at,u1_0.verified_at,ws4_0.id,ws4_0.active,ws4_0.address,ws4_0.area,ws4_0.close_time,ws4_0.contact_email,ws4_0.created_at,ws4_0.description,ws4_0.design_signature,ws4_0.franchise_mood,ws4_0.highlight_summary,ws4_0.hours_text,ws4_0.latitude,ws4_0.longitude,ws4_0.name,ws4_0.open_time,ws4_0.personality,ws4_0.phone_number,ws4_0.position_label,ws4_0.slug,ws4_0.specialty,ws4_0.updated_at from orders o1_0 left join users cbu1_0 on cbu1_0.id=o1_0.confirmed_by_user_id left join stores ws1_0 on ws1_0.id=cbu1_0.working_store_id left join users ds1_0 on ds1_0.id=o1_0.delivering_shipper_id left join stores ws2_0 on ws2_0.id=ds1_0.working_store_id left join users ps1_0 on ps1_0.id=o1_0.preparing_staff_id left join stores ws3_0 on ws3_0.id=ps1_0.working_store_id join users u1_0 on u1_0.id=o1_0.user_id left join stores ws4_0 on ws4_0.id=u1_0.working_store_id where o1_0.id=?
Hibernate: select o1_0.id,o1_0.confirmed_at,cbu1_0.id,cbu1_0.created_at,cbu1_0.email,cbu1_0.enabled,cbu1_0.full_name,cbu1_0.password_hash,cbu1_0.profile_completed,cbu1_0.role,cbu1_0.updated_at,cbu1_0.verified_at,ws1_0.id,ws1_0.active,ws1_0.address,ws1_0.area,ws1_0.close_time,ws1_0.contact_email,ws1_0.created_at,ws1_0.description,ws1_0.design_signature,ws1_0.franchise_mood,ws1_0.highlight_summary,ws1_0.hours_text,ws1_0.latitude,ws1_0.longitude,ws1_0.name,ws1_0.open_time,ws1_0.personality,ws1_0.phone_number,ws1_0.position_label,ws1_0.slug,ws1_0.specialty,ws1_0.updated_at,o1_0.created_at,ds1_0.id,ds1_0.created_at,ds1_0.email,ds1_0.enabled,ds1_0.full_name,ds1_0.password_hash,ds1_0.profile_completed,ds1_0.role,ds1_0.updated_at,ds1_0.verified_at,ws2_0.id,ws2_0.active,ws2_0.address,ws2_0.area,ws2_0.close_time,ws2_0.contact_email,ws2_0.created_at,ws2_0.description,ws2_0.design_signature,ws2_0.franchise_mood,ws2_0.highlight_summary,ws2_0.hours_text,ws2_0.latitude,ws2_0.longitude,ws2_0.name,ws2_0.open_time,ws2_0.personality,ws2_0.phone_number,ws2_0.position_label,ws2_0.slug,ws2_0.specialty,ws2_0.updated_at,o1_0.delivery_address,o1_0.delivery_address_id,o1_0.delivery_full_name,o1_0.delivery_phone_number,o1_0.delivery_proof_captured_at,o1_0.delivery_proof_image_path,o1_0.delivery_proof_note,o1_0.delivery_proof_uploaded_at,o1_0.delivery_type,o1_0.discount_amount,o1_0.invoice_issued_at,o1_0.invoice_number,o1_0.invoice_qr_token,o1_0.paid_at,o1_0.payment_cancel_url,o1_0.payment_checkout_url,o1_0.payment_expires_at,o1_0.payment_link_id,o1_0.payment_provider,o1_0.payment_qr_code,o1_0.payment_reference,o1_0.payment_return_url,o1_0.payment_status,o1_0.payos_order_code,ps1_0.id,ps1_0.created_at,ps1_0.email,ps1_0.enabled,ps1_0.full_name,ps1_0.password_hash,ps1_0.profile_completed,ps1_0.role,ps1_0.updated_at,ps1_0.verified_at,ws3_0.id,ws3_0.active,ws3_0.address,ws3_0.area,ws3_0.close_time,ws3_0.contact_email,ws3_0.created_at,ws3_0.description,ws3_0.design_signature,ws3_0.franchise_mood,ws3_0.highlight_summary,ws3_0.hours_text,ws3_0.latitude,ws3_0.longitude,ws3_0.name,ws3_0.open_time,ws3_0.personality,ws3_0.phone_number,ws3_0.position_label,ws3_0.slug,ws3_0.specialty,ws3_0.updated_at,o1_0.promotion_code,o1_0.promotion_eligible_amount,o1_0.promotion_scope,o1_0.scheduled_delivery_at,o1_0.status,o1_0.subtotal_amount,o1_0.total_amount,o1_0.updated_at,o1_0.user_id,u1_0.id,u1_0.created_at,u1_0.email,u1_0.enabled,u1_0.full_name,u1_0.password_hash,u1_0.profile_completed,u1_0.role,u1_0.updated_at,u1_0.verified_at,ws4_0.id,ws4_0.active,ws4_0.address,ws4_0.area,ws4_0.close_time,ws4_0.contact_email,ws4_0.created_at,ws4_0.description,ws4_0.design_signature,ws4_0.franchise_mood,ws4_0.highlight_summary,ws4_0.hours_text,ws4_0.latitude,ws4_0.longitude,ws4_0.name,ws4_0.open_time,ws4_0.personality,ws4_0.phone_number,ws4_0.position_label,ws4_0.slug,ws4_0.specialty,ws4_0.updated_at from orders o1_0 left join users cbu1_0 on cbu1_0.id=o1_0.confirmed_by_user_id left join stores ws1_0 on ws1_0.id=cbu1_0.working_store_id left join users ds1_0 on ds1_0.id=o1_0.delivering_shipper_id left join stores ws2_0 on ws2_0.id=ds1_0.working_store_id left join users ps1_0 on ps1_0.id=o1_0.preparing_staff_id left join stores ws3_0 on ws3_0.id=ps1_0.working_store_id join users u1_0 on u1_0.id=o1_0.user_id left join stores ws4_0 on ws4_0.id=u1_0.working_store_id where o1_0.id=?
Hibernate: select o1_0.id,o1_0.confirmed_at,cbu1_0.id,cbu1_0.created_at,cbu1_0.email,cbu1_0.enabled,cbu1_0.full_name,cbu1_0.password_hash,cbu1_0.profile_completed,cbu1_0.role,cbu1_0.updated_at,cbu1_0.verified_at,ws1_0.id,ws1_0.active,ws1_0.address,ws1_0.area,ws1_0.close_time,ws1_0.contact_email,ws1_0.created_at,ws1_0.description,ws1_0.design_signature,ws1_0.franchise_mood,ws1_0.highlight_summary,ws1_0.hours_text,ws1_0.latitude,ws1_0.longitude,ws1_0.name,ws1_0.open_time,ws1_0.personality,ws1_0.phone_number,ws1_0.position_label,ws1_0.slug,ws1_0.specialty,ws1_0.updated_at,o1_0.created_at,ds1_0.id,ds1_0.created_at,ds1_0.email,ds1_0.enabled,ds1_0.full_name,ds1_0.password_hash,ds1_0.profile_completed,ds1_0.role,ds1_0.updated_at,ds1_0.verified_at,ws2_0.id,ws2_0.active,ws2_0.address,ws2_0.area,ws2_0.close_time,ws2_0.contact_email,ws2_0.created_at,ws2_0.description,ws2_0.design_signature,ws2_0.franchise_mood,ws2_0.highlight_summary,ws2_0.hours_text,ws2_0.latitude,ws2_0.longitude,ws2_0.name,ws2_0.open_time,ws2_0.personality,ws2_0.phone_number,ws2_0.position_label,ws2_0.slug,ws2_0.specialty,ws2_0.updated_at,o1_0.delivery_address,o1_0.delivery_address_id,o1_0.delivery_full_name,o1_0.delivery_phone_number,o1_0.delivery_proof_captured_at,o1_0.delivery_proof_image_path,o1_0.delivery_proof_note,o1_0.delivery_proof_uploaded_at,o1_0.delivery_type,o1_0.discount_amount,o1_0.invoice_issued_at,o1_0.invoice_number,o1_0.invoice_qr_token,o1_0.paid_at,o1_0.payment_cancel_url,o1_0.payment_checkout_url,o1_0.payment_expires_at,o1_0.payment_link_id,o1_0.payment_provider,o1_0.payment_qr_code,o1_0.payment_reference,o1_0.payment_return_url,o1_0.payment_status,o1_0.payos_order_code,ps1_0.id,ps1_0.created_at,ps1_0.email,ps1_0.enabled,ps1_0.full_name,ps1_0.password_hash,ps1_0.profile_completed,ps1_0.role,ps1_0.updated_at,ps1_0.verified_at,ws3_0.id,ws3_0.active,ws3_0.address,ws3_0.area,ws3_0.close_time,ws3_0.contact_email,ws3_0.created_at,ws3_0.description,ws3_0.design_signature,ws3_0.franchise_mood,ws3_0.highlight_summary,ws3_0.hours_text,ws3_0.latitude,ws3_0.longitude,ws3_0.name,ws3_0.open_time,ws3_0.personality,ws3_0.phone_number,ws3_0.position_label,ws3_0.slug,ws3_0.specialty,ws3_0.updated_at,o1_0.promotion_code,o1_0.promotion_eligible_amount,o1_0.promotion_scope,o1_0.scheduled_delivery_at,o1_0.status,o1_0.subtotal_amount,o1_0.total_amount,o1_0.updated_at,o1_0.user_id,u1_0.id,u1_0.created_at,u1_0.email,u1_0.enabled,u1_0.full_name,u1_0.password_hash,u1_0.profile_completed,u1_0.role,u1_0.updated_at,u1_0.verified_at,ws4_0.id,ws4_0.active,ws4_0.address,ws4_0.area,ws4_0.close_time,ws4_0.contact_email,ws4_0.created_at,ws4_0.description,ws4_0.design_signature,ws4_0.franchise_mood,ws4_0.highlight_summary,ws4_0.hours_text,ws4_0.latitude,ws4_0.longitude,ws4_0.name,ws4_0.open_time,ws4_0.personality,ws4_0.phone_number,ws4_0.position_label,ws4_0.slug,ws4_0.specialty,ws4_0.updated_at from orders o1_0 left join users cbu1_0 on cbu1_0.id=o1_0.confirmed_by_user_id left join stores ws1_0 on ws1_0.id=cbu1_0.working_store_id left join users ds1_0 on ds1_0.id=o1_0.delivering_shipper_id left join stores ws2_0 on ws2_0.id=ds1_0.working_store_id left join users ps1_0 on ps1_0.id=o1_0.preparing_staff_id left join stores ws3_0 on ws3_0.id=ps1_0.working_store_id join users u1_0 on u1_0.id=o1_0.user_id left join stores ws4_0 on ws4_0.id=u1_0.working_store_id where o1_0.id=?
Hibernate: select o1_0.id,o1_0.confirmed_at,cbu1_0.id,cbu1_0.created_at,cbu1_0.email,cbu1_0.enabled,cbu1_0.full_name,cbu1_0.password_hash,cbu1_0.profile_completed,cbu1_0.role,cbu1_0.updated_at,cbu1_0.verified_at,ws1_0.id,ws1_0.active,ws1_0.address,ws1_0.area,ws1_0.close_time,ws1_0.contact_email,ws1_0.created_at,ws1_0.description,ws1_0.design_signature,ws1_0.franchise_mood,ws1_0.highlight_summary,ws1_0.hours_text,ws1_0.latitude,ws1_0.longitude,ws1_0.name,ws1_0.open_time,ws1_0.personality,ws1_0.phone_number,ws1_0.position_label,ws1_0.slug,ws1_0.specialty,ws1_0.updated_at,o1_0.created_at,ds1_0.id,ds1_0.created_at,ds1_0.email,ds1_0.enabled,ds1_0.full_name,ds1_0.password_hash,ds1_0.profile_completed,ds1_0.role,ds1_0.updated_at,ds1_0.verified_at,ws2_0.id,ws2_0.active,ws2_0.address,ws2_0.area,ws2_0.close_time,ws2_0.contact_email,ws2_0.created_at,ws2_0.description,ws2_0.design_signature,ws2_0.franchise_mood,ws2_0.highlight_summary,ws2_0.hours_text,ws2_0.latitude,ws2_0.longitude,ws2_0.name,ws2_0.open_time,ws2_0.personality,ws2_0.phone_number,ws2_0.position_label,ws2_0.slug,ws2_0.specialty,ws2_0.updated_at,o1_0.delivery_address,o1_0.delivery_address_id,o1_0.delivery_full_name,o1_0.delivery_phone_number,o1_0.delivery_proof_captured_at,o1_0.delivery_proof_image_path,o1_0.delivery_proof_note,o1_0.delivery_proof_uploaded_at,o1_0.delivery_type,o1_0.discount_amount,o1_0.invoice_issued_at,o1_0.invoice_number,o1_0.invoice_qr_token,o1_0.paid_at,o1_0.payment_cancel_url,o1_0.payment_checkout_url,o1_0.payment_expires_at,o1_0.payment_link_id,o1_0.payment_provider,o1_0.payment_qr_code,o1_0.payment_reference,o1_0.payment_return_url,o1_0.payment_status,o1_0.payos_order_code,ps1_0.id,ps1_0.created_at,ps1_0.email,ps1_0.enabled,ps1_0.full_name,ps1_0.password_hash,ps1_0.profile_completed,ps1_0.role,ps1_0.updated_at,ps1_0.verified_at,ws3_0.id,ws3_0.active,ws3_0.address,ws3_0.area,ws3_0.close_time,ws3_0.contact_email,ws3_0.created_at,ws3_0.description,ws3_0.design_signature,ws3_0.franchise_mood,ws3_0.highlight_summary,ws3_0.hours_text,ws3_0.latitude,ws3_0.longitude,ws3_0.name,ws3_0.open_time,ws3_0.personality,ws3_0.phone_number,ws3_0.position_label,ws3_0.slug,ws3_0.specialty,ws3_0.updated_at,o1_0.promotion_code,o1_0.promotion_eligible_amount,o1_0.promotion_scope,o1_0.scheduled_delivery_at,o1_0.status,o1_0.subtotal_amount,o1_0.total_amount,o1_0.updated_at,o1_0.user_id,u1_0.id,u1_0.created_at,u1_0.email,u1_0.enabled,u1_0.full_name,u1_0.password_hash,u1_0.profile_completed,u1_0.role,u1_0.updated_at,u1_0.verified_at,ws4_0.id,ws4_0.active,ws4_0.address,ws4_0.area,ws4_0.close_time,ws4_0.contact_email,ws4_0.created_at,ws4_0.description,ws4_0.design_signature,ws4_0.franchise_mood,ws4_0.highlight_summary,ws4_0.hours_text,ws4_0.latitude,ws4_0.longitude,ws4_0.name,ws4_0.open_time,ws4_0.personality,ws4_0.phone_number,ws4_0.position_label,ws4_0.slug,ws4_0.specialty,ws4_0.updated_at from orders o1_0 left join users cbu1_0 on cbu1_0.id=o1_0.confirmed_by_user_id left join stores ws1_0 on ws1_0.id=cbu1_0.working_store_id left join users ds1_0 on ds1_0.id=o1_0.delivering_shipper_id left join stores ws2_0 on ws2_0.id=ds1_0.working_store_id left join users ps1_0 on ps1_0.id=o1_0.preparing_staff_id left join stores ws3_0 on ws3_0.id=ps1_0.working_store_id join users u1_0 on u1_0.id=o1_0.user_id left join stores ws4_0 on ws4_0.id=u1_0.working_store_id where o1_0.id=?
Hibernate: select o1_0.id,o1_0.confirmed_at,cbu1_0.id,cbu1_0.created_at,cbu1_0.email,cbu1_0.enabled,cbu1_0.full_name,cbu1_0.password_hash,cbu1_0.profile_completed,cbu1_0.role,cbu1_0.updated_at,cbu1_0.verified_at,ws1_0.id,ws1_0.active,ws1_0.address,ws1_0.area,ws1_0.close_time,ws1_0.contact_email,ws1_0.created_at,ws1_0.description,ws1_0.design_signature,ws1_0.franchise_mood,ws1_0.highlight_summary,ws1_0.hours_text,ws1_0.latitude,ws1_0.longitude,ws1_0.name,ws1_0.open_time,ws1_0.personality,ws1_0.phone_number,ws1_0.position_label,ws1_0.slug,ws1_0.specialty,ws1_0.updated_at,o1_0.created_at,ds1_0.id,ds1_0.created_at,ds1_0.email,ds1_0.enabled,ds1_0.full_name,ds1_0.password_hash,ds1_0.profile_completed,ds1_0.role,ds1_0.updated_at,ds1_0.verified_at,ws2_0.id,ws2_0.active,ws2_0.address,ws2_0.area,ws2_0.close_time,ws2_0.contact_email,ws2_0.created_at,ws2_0.description,ws2_0.design_signature,ws2_0.franchise_mood,ws2_0.highlight_summary,ws2_0.hours_text,ws2_0.latitude,ws2_0.longitude,ws2_0.name,ws2_0.open_time,ws2_0.personality,ws2_0.phone_number,ws2_0.position_label,ws2_0.slug,ws2_0.specialty,ws2_0.updated_at,o1_0.delivery_address,o1_0.delivery_address_id,o1_0.delivery_full_name,o1_0.delivery_phone_number,o1_0.delivery_proof_captured_at,o1_0.delivery_proof_image_path,o1_0.delivery_proof_note,o1_0.delivery_proof_uploaded_at,o1_0.delivery_type,o1_0.discount_amount,o1_0.invoice_issued_at,o1_0.invoice_number,o1_0.invoice_qr_token,o1_0.paid_at,o1_0.payment_cancel_url,o1_0.payment_checkout_url,o1_0.payment_expires_at,o1_0.payment_link_id,o1_0.payment_provider,o1_0.payment_qr_code,o1_0.payment_reference,o1_0.payment_return_url,o1_0.payment_status,o1_0.payos_order_code,ps1_0.id,ps1_0.created_at,ps1_0.email,ps1_0.enabled,ps1_0.full_name,ps1_0.password_hash,ps1_0.profile_completed,ps1_0.role,ps1_0.updated_at,ps1_0.verified_at,ws3_0.id,ws3_0.active,ws3_0.address,ws3_0.area,ws3_0.close_time,ws3_0.contact_email,ws3_0.created_at,ws3_0.description,ws3_0.design_signature,ws3_0.franchise_mood,ws3_0.highlight_summary,ws3_0.hours_text,ws3_0.latitude,ws3_0.longitude,ws3_0.name,ws3_0.open_time,ws3_0.personality,ws3_0.phone_number,ws3_0.position_label,ws3_0.slug,ws3_0.specialty,ws3_0.updated_at,o1_0.promotion_code,o1_0.promotion_eligible_amount,o1_0.promotion_scope,o1_0.scheduled_delivery_at,o1_0.status,o1_0.subtotal_amount,o1_0.total_amount,o1_0.updated_at,o1_0.user_id,u1_0.id,u1_0.created_at,u1_0.email,u1_0.enabled,u1_0.full_name,u1_0.password_hash,u1_0.profile_completed,u1_0.role,u1_0.updated_at,u1_0.verified_at,ws4_0.id,ws4_0.active,ws4_0.address,ws4_0.area,ws4_0.close_time,ws4_0.contact_email,ws4_0.created_at,ws4_0.description,ws4_0.design_signature,ws4_0.franchise_mood,ws4_0.highlight_summary,ws4_0.hours_text,ws4_0.latitude,ws4_0.longitude,ws4_0.name,ws4_0.open_time,ws4_0.personality,ws4_0.phone_number,ws4_0.position_label,ws4_0.slug,ws4_0.specialty,ws4_0.updated_at from orders o1_0 left join users cbu1_0 on cbu1_0.id=o1_0.confirmed_by_user_id left join stores ws1_0 on ws1_0.id=cbu1_0.working_store_id left join users ds1_0 on ds1_0.id=o1_0.delivering_shipper_id left join stores ws2_0 on ws2_0.id=ds1_0.working_store_id left join users ps1_0 on ps1_0.id=o1_0.preparing_staff_id left join stores ws3_0 on ws3_0.id=ps1_0.working_store_id join users u1_0 on u1_0.id=o1_0.user_id left join stores ws4_0 on ws4_0.id=u1_0.working_store_id where o1_0.id=?
Hibernate: select o1_0.id,o1_0.confirmed_at,cbu1_0.id,cbu1_0.created_at,cbu1_0.email,cbu1_0.enabled,cbu1_0.full_name,cbu1_0.password_hash,cbu1_0.profile_completed,cbu1_0.role,cbu1_0.updated_at,cbu1_0.verified_at,ws1_0.id,ws1_0.active,ws1_0.address,ws1_0.area,ws1_0.close_time,ws1_0.contact_email,ws1_0.created_at,ws1_0.description,ws1_0.design_signature,ws1_0.franchise_mood,ws1_0.highlight_summary,ws1_0.hours_text,ws1_0.latitude,ws1_0.longitude,ws1_0.name,ws1_0.open_time,ws1_0.personality,ws1_0.phone_number,ws1_0.position_label,ws1_0.slug,ws1_0.specialty,ws1_0.updated_at,o1_0.created_at,ds1_0.id,ds1_0.created_at,ds1_0.email,ds1_0.enabled,ds1_0.full_name,ds1_0.password_hash,ds1_0.profile_completed,ds1_0.role,ds1_0.updated_at,ds1_0.verified_at,ws2_0.id,ws2_0.active,ws2_0.address,ws2_0.area,ws2_0.close_time,ws2_0.contact_email,ws2_0.created_at,ws2_0.description,ws2_0.design_signature,ws2_0.franchise_mood,ws2_0.highlight_summary,ws2_0.hours_text,ws2_0.latitude,ws2_0.longitude,ws2_0.name,ws2_0.open_time,ws2_0.personality,ws2_0.phone_number,ws2_0.position_label,ws2_0.slug,ws2_0.specialty,ws2_0.updated_at,o1_0.delivery_address,o1_0.delivery_address_id,o1_0.delivery_full_name,o1_0.delivery_phone_number,o1_0.delivery_proof_captured_at,o1_0.delivery_proof_image_path,o1_0.delivery_proof_note,o1_0.delivery_proof_uploaded_at,o1_0.delivery_type,o1_0.discount_amount,o1_0.invoice_issued_at,o1_0.invoice_number,o1_0.invoice_qr_token,o1_0.paid_at,o1_0.payment_cancel_url,o1_0.payment_checkout_url,o1_0.payment_expires_at,o1_0.payment_link_id,o1_0.payment_provider,o1_0.payment_qr_code,o1_0.payment_reference,o1_0.payment_return_url,o1_0.payment_status,o1_0.payos_order_code,ps1_0.id,ps1_0.created_at,ps1_0.email,ps1_0.enabled,ps1_0.full_name,ps1_0.password_hash,ps1_0.profile_completed,ps1_0.role,ps1_0.updated_at,ps1_0.verified_at,ws3_0.id,ws3_0.active,ws3_0.address,ws3_0.area,ws3_0.close_time,ws3_0.contact_email,ws3_0.created_at,ws3_0.description,ws3_0.design_signature,ws3_0.franchise_mood,ws3_0.highlight_summary,ws3_0.hours_text,ws3_0.latitude,ws3_0.longitude,ws3_0.name,ws3_0.open_time,ws3_0.personality,ws3_0.phone_number,ws3_0.position_label,ws3_0.slug,ws3_0.specialty,ws3_0.updated_at,o1_0.promotion_code,o1_0.promotion_eligible_amount,o1_0.promotion_scope,o1_0.scheduled_delivery_at,o1_0.status,o1_0.subtotal_amount,o1_0.total_amount,o1_0.updated_at,o1_0.user_id,u1_0.id,u1_0.created_at,u1_0.email,u1_0.enabled,u1_0.full_name,u1_0.password_hash,u1_0.profile_completed,u1_0.role,u1_0.updated_at,u1_0.verified_at,ws4_0.id,ws4_0.active,ws4_0.address,ws4_0.area,ws4_0.close_time,ws4_0.contact_email,ws4_0.created_at,ws4_0.description,ws4_0.design_signature,ws4_0.franchise_mood,ws4_0.highlight_summary,ws4_0.hours_text,ws4_0.latitude,ws4_0.longitude,ws4_0.name,ws4_0.open_time,ws4_0.personality,ws4_0.phone_number,ws4_0.position_label,ws4_0.slug,ws4_0.specialty,ws4_0.updated_at from orders o1_0 left join users cbu1_0 on cbu1_0.id=o1_0.confirmed_by_user_id left join stores ws1_0 on ws1_0.id=cbu1_0.working_store_id left join users ds1_0 on ds1_0.id=o1_0.delivering_shipper_id left join stores ws2_0 on ws2_0.id=ds1_0.working_store_id left join users ps1_0 on ps1_0.id=o1_0.preparing_staff_id left join stores ws3_0 on ws3_0.id=ps1_0.working_store_id join users u1_0 on u1_0.id=o1_0.user_id left join stores ws4_0 on ws4_0.id=u1_0.working_store_id where o1_0.id=?
Hibernate: select o1_0.id,o1_0.confirmed_at,cbu1_0.id,cbu1_0.created_at,cbu1_0.email,cbu1_0.enabled,cbu1_0.full_name,cbu1_0.password_hash,cbu1_0.profile_completed,cbu1_0.role,cbu1_0.updated_at,cbu1_0.verified_at,ws1_0.id,ws1_0.active,ws1_0.address,ws1_0.area,ws1_0.close_time,ws1_0.contact_email,ws1_0.created_at,ws1_0.description,ws1_0.design_signature,ws1_0.franchise_mood,ws1_0.highlight_summary,ws1_0.hours_text,ws1_0.latitude,ws1_0.longitude,ws1_0.name,ws1_0.open_time,ws1_0.personality,ws1_0.phone_number,ws1_0.position_label,ws1_0.slug,ws1_0.specialty,ws1_0.updated_at,o1_0.created_at,ds1_0.id,ds1_0.created_at,ds1_0.email,ds1_0.enabled,ds1_0.full_name,ds1_0.password_hash,ds1_0.profile_completed,ds1_0.role,ds1_0.updated_at,ds1_0.verified_at,ws2_0.id,ws2_0.active,ws2_0.address,ws2_0.area,ws2_0.close_time,ws2_0.contact_email,ws2_0.created_at,ws2_0.description,ws2_0.design_signature,ws2_0.franchise_mood,ws2_0.highlight_summary,ws2_0.hours_text,ws2_0.latitude,ws2_0.longitude,ws2_0.name,ws2_0.open_time,ws2_0.personality,ws2_0.phone_number,ws2_0.position_label,ws2_0.slug,ws2_0.specialty,ws2_0.updated_at,o1_0.delivery_address,o1_0.delivery_address_id,o1_0.delivery_full_name,o1_0.delivery_phone_number,o1_0.delivery_proof_captured_at,o1_0.delivery_proof_image_path,o1_0.delivery_proof_note,o1_0.delivery_proof_uploaded_at,o1_0.delivery_type,o1_0.discount_amount,o1_0.invoice_issued_at,o1_0.invoice_number,o1_0.invoice_qr_token,o1_0.paid_at,o1_0.payment_cancel_url,o1_0.payment_checkout_url,o1_0.payment_expires_at,o1_0.payment_link_id,o1_0.payment_provider,o1_0.payment_qr_code,o1_0.payment_reference,o1_0.payment_return_url,o1_0.payment_status,o1_0.payos_order_code,ps1_0.id,ps1_0.created_at,ps1_0.email,ps1_0.enabled,ps1_0.full_name,ps1_0.password_hash,ps1_0.profile_completed,ps1_0.role,ps1_0.updated_at,ps1_0.verified_at,ws3_0.id,ws3_0.active,ws3_0.address,ws3_0.area,ws3_0.close_time,ws3_0.contact_email,ws3_0.created_at,ws3_0.description,ws3_0.design_signature,ws3_0.franchise_mood,ws3_0.highlight_summary,ws3_0.hours_text,ws3_0.latitude,ws3_0.longitude,ws3_0.name,ws3_0.open_time,ws3_0.personality,ws3_0.phone_number,ws3_0.position_label,ws3_0.slug,ws3_0.specialty,ws3_0.updated_at,o1_0.promotion_code,o1_0.promotion_eligible_amount,o1_0.promotion_scope,o1_0.scheduled_delivery_at,o1_0.status,o1_0.subtotal_amount,o1_0.total_amount,o1_0.updated_at,o1_0.user_id,u1_0.id,u1_0.created_at,u1_0.email,u1_0.enabled,u1_0.full_name,u1_0.password_hash,u1_0.profile_completed,u1_0.role,u1_0.updated_at,u1_0.verified_at,ws4_0.id,ws4_0.active,ws4_0.address,ws4_0.area,ws4_0.close_time,ws4_0.contact_email,ws4_0.created_at,ws4_0.description,ws4_0.design_signature,ws4_0.franchise_mood,ws4_0.highlight_summary,ws4_0.hours_text,ws4_0.latitude,ws4_0.longitude,ws4_0.name,ws4_0.open_time,ws4_0.personality,ws4_0.phone_number,ws4_0.position_label,ws4_0.slug,ws4_0.specialty,ws4_0.updated_at from orders o1_0 left join users cbu1_0 on cbu1_0.id=o1_0.confirmed_by_user_id left join stores ws1_0 on ws1_0.id=cbu1_0.working_store_id left join users ds1_0 on ds1_0.id=o1_0.delivering_shipper_id left join stores ws2_0 on ws2_0.id=ds1_0.working_store_id left join users ps1_0 on ps1_0.id=o1_0.preparing_staff_id left join stores ws3_0 on ws3_0.id=ps1_0.working_store_id join users u1_0 on u1_0.id=o1_0.user_id left join stores ws4_0 on ws4_0.id=u1_0.working_store_id where o1_0.id=?
Hibernate: select o1_0.id,o1_0.confirmed_at,cbu1_0.id,cbu1_0.created_at,cbu1_0.email,cbu1_0.enabled,cbu1_0.full_name,cbu1_0.password_hash,cbu1_0.profile_completed,cbu1_0.role,cbu1_0.updated_at,cbu1_0.verified_at,ws1_0.id,ws1_0.active,ws1_0.address,ws1_0.area,ws1_0.close_time,ws1_0.contact_email,ws1_0.created_at,ws1_0.description,ws1_0.design_signature,ws1_0.franchise_mood,ws1_0.highlight_summary,ws1_0.hours_text,ws1_0.latitude,ws1_0.longitude,ws1_0.name,ws1_0.open_time,ws1_0.personality,ws1_0.phone_number,ws1_0.position_label,ws1_0.slug,ws1_0.specialty,ws1_0.updated_at,o1_0.created_at,ds1_0.id,ds1_0.created_at,ds1_0.email,ds1_0.enabled,ds1_0.full_name,ds1_0.password_hash,ds1_0.profile_completed,ds1_0.role,ds1_0.updated_at,ds1_0.verified_at,ws2_0.id,ws2_0.active,ws2_0.address,ws2_0.area,ws2_0.close_time,ws2_0.contact_email,ws2_0.created_at,ws2_0.description,ws2_0.design_signature,ws2_0.franchise_mood,ws2_0.highlight_summary,ws2_0.hours_text,ws2_0.latitude,ws2_0.longitude,ws2_0.name,ws2_0.open_time,ws2_0.personality,ws2_0.phone_number,ws2_0.position_label,ws2_0.slug,ws2_0.specialty,ws2_0.updated_at,o1_0.delivery_address,o1_0.delivery_address_id,o1_0.delivery_full_name,o1_0.delivery_phone_number,o1_0.delivery_proof_captured_at,o1_0.delivery_proof_image_path,o1_0.delivery_proof_note,o1_0.delivery_proof_uploaded_at,o1_0.delivery_type,o1_0.discount_amount,o1_0.invoice_issued_at,o1_0.invoice_number,o1_0.invoice_qr_token,o1_0.paid_at,o1_0.payment_cancel_url,o1_0.payment_checkout_url,o1_0.payment_expires_at,o1_0.payment_link_id,o1_0.payment_provider,o1_0.payment_qr_code,o1_0.payment_reference,o1_0.payment_return_url,o1_0.payment_status,o1_0.payos_order_code,ps1_0.id,ps1_0.created_at,ps1_0.email,ps1_0.enabled,ps1_0.full_name,ps1_0.password_hash,ps1_0.profile_completed,ps1_0.role,ps1_0.updated_at,ps1_0.verified_at,ws3_0.id,ws3_0.active,ws3_0.address,ws3_0.area,ws3_0.close_time,ws3_0.contact_email,ws3_0.created_at,ws3_0.description,ws3_0.design_signature,ws3_0.franchise_mood,ws3_0.highlight_summary,ws3_0.hours_text,ws3_0.latitude,ws3_0.longitude,ws3_0.name,ws3_0.open_time,ws3_0.personality,ws3_0.phone_number,ws3_0.position_label,ws3_0.slug,ws3_0.specialty,ws3_0.updated_at,o1_0.promotion_code,o1_0.promotion_eligible_amount,o1_0.promotion_scope,o1_0.scheduled_delivery_at,o1_0.status,o1_0.subtotal_amount,o1_0.total_amount,o1_0.updated_at,o1_0.user_id,u1_0.id,u1_0.created_at,u1_0.email,u1_0.enabled,u1_0.full_name,u1_0.password_hash,u1_0.profile_completed,u1_0.role,u1_0.updated_at,u1_0.verified_at,ws4_0.id,ws4_0.active,ws4_0.address,ws4_0.area,ws4_0.close_time,ws4_0.contact_email,ws4_0.created_at,ws4_0.description,ws4_0.design_signature,ws4_0.franchise_mood,ws4_0.highlight_summary,ws4_0.hours_text,ws4_0.latitude,ws4_0.longitude,ws4_0.name,ws4_0.open_time,ws4_0.personality,ws4_0.phone_number,ws4_0.position_label,ws4_0.slug,ws4_0.specialty,ws4_0.updated_at from orders o1_0 left join users cbu1_0 on cbu1_0.id=o1_0.confirmed_by_user_id left join stores ws1_0 on ws1_0.id=cbu1_0.working_store_id left join users ds1_0 on ds1_0.id=o1_0.delivering_shipper_id left join stores ws2_0 on ws2_0.id=ds1_0.working_store_id left join users ps1_0 on ps1_0.id=o1_0.preparing_staff_id left join stores ws3_0 on ws3_0.id=ps1_0.working_store_id join users u1_0 on u1_0.id=o1_0.user_id left join stores ws4_0 on ws4_0.id=u1_0.working_store_id where o1_0.id=?
Hibernate: select o1_0.id,o1_0.confirmed_at,cbu1_0.id,cbu1_0.created_at,cbu1_0.email,cbu1_0.enabled,cbu1_0.full_name,cbu1_0.password_hash,cbu1_0.profile_completed,cbu1_0.role,cbu1_0.updated_at,cbu1_0.verified_at,ws1_0.id,ws1_0.active,ws1_0.address,ws1_0.area,ws1_0.close_time,ws1_0.contact_email,ws1_0.created_at,ws1_0.description,ws1_0.design_signature,ws1_0.franchise_mood,ws1_0.highlight_summary,ws1_0.hours_text,ws1_0.latitude,ws1_0.longitude,ws1_0.name,ws1_0.open_time,ws1_0.personality,ws1_0.phone_number,ws1_0.position_label,ws1_0.slug,ws1_0.specialty,ws1_0.updated_at,o1_0.created_at,ds1_0.id,ds1_0.created_at,ds1_0.email,ds1_0.enabled,ds1_0.full_name,ds1_0.password_hash,ds1_0.profile_completed,ds1_0.role,ds1_0.updated_at,ds1_0.verified_at,ws2_0.id,ws2_0.active,ws2_0.address,ws2_0.area,ws2_0.close_time,ws2_0.contact_email,ws2_0.created_at,ws2_0.description,ws2_0.design_signature,ws2_0.franchise_mood,ws2_0.highlight_summary,ws2_0.hours_text,ws2_0.latitude,ws2_0.longitude,ws2_0.name,ws2_0.open_time,ws2_0.personality,ws2_0.phone_number,ws2_0.position_label,ws2_0.slug,ws2_0.specialty,ws2_0.updated_at,o1_0.delivery_address,o1_0.delivery_address_id,o1_0.delivery_full_name,o1_0.delivery_phone_number,o1_0.delivery_proof_captured_at,o1_0.delivery_proof_image_path,o1_0.delivery_proof_note,o1_0.delivery_proof_uploaded_at,o1_0.delivery_type,o1_0.discount_amount,o1_0.invoice_issued_at,o1_0.invoice_number,o1_0.invoice_qr_token,o1_0.paid_at,o1_0.payment_cancel_url,o1_0.payment_checkout_url,o1_0.payment_expires_at,o1_0.payment_link_id,o1_0.payment_provider,o1_0.payment_qr_code,o1_0.payment_reference,o1_0.payment_return_url,o1_0.payment_status,o1_0.payos_order_code,ps1_0.id,ps1_0.created_at,ps1_0.email,ps1_0.enabled,ps1_0.full_name,ps1_0.password_hash,ps1_0.profile_completed,ps1_0.role,ps1_0.updated_at,ps1_0.verified_at,ws3_0.id,ws3_0.active,ws3_0.address,ws3_0.area,ws3_0.close_time,ws3_0.contact_email,ws3_0.created_at,ws3_0.description,ws3_0.design_signature,ws3_0.franchise_mood,ws3_0.highlight_summary,ws3_0.hours_text,ws3_0.latitude,ws3_0.longitude,ws3_0.name,ws3_0.open_time,ws3_0.personality,ws3_0.phone_number,ws3_0.position_label,ws3_0.slug,ws3_0.specialty,ws3_0.updated_at,o1_0.promotion_code,o1_0.promotion_eligible_amount,o1_0.promotion_scope,o1_0.scheduled_delivery_at,o1_0.status,o1_0.subtotal_amount,o1_0.total_amount,o1_0.updated_at,o1_0.user_id,u1_0.id,u1_0.created_at,u1_0.email,u1_0.enabled,u1_0.full_name,u1_0.password_hash,u1_0.profile_completed,u1_0.role,u1_0.updated_at,u1_0.verified_at,ws4_0.id,ws4_0.active,ws4_0.address,ws4_0.area,ws4_0.close_time,ws4_0.contact_email,ws4_0.created_at,ws4_0.description,ws4_0.design_signature,ws4_0.franchise_mood,ws4_0.highlight_summary,ws4_0.hours_text,ws4_0.latitude,ws4_0.longitude,ws4_0.name,ws4_0.open_time,ws4_0.personality,ws4_0.phone_number,ws4_0.position_label,ws4_0.slug,ws4_0.specialty,ws4_0.updated_at from orders o1_0 left join users cbu1_0 on cbu1_0.id=o1_0.confirmed_by_user_id left join stores ws1_0 on ws1_0.id=cbu1_0.working_store_id left join users ds1_0 on ds1_0.id=o1_0.delivering_shipper_id left join stores ws2_0 on ws2_0.id=ds1_0.working_store_id left join users ps1_0 on ps1_0.id=o1_0.preparing_staff_id left join stores ws3_0 on ws3_0.id=ps1_0.working_store_id join users u1_0 on u1_0.id=o1_0.user_id left join stores ws4_0 on ws4_0.id=u1_0.working_store_id where o1_0.id=?
Hibernate: select sd1_0.id,sd1_0.available,sd1_0.created_at,sd1_0.dish_id,sd1_0.price_override,sd1_0.quantity,sd1_0.store_id,sd1_0.updated_at from store_dishes sd1_0
Hibernate: select ip1_0.store_id,ip1_0.sort_order,ip1_0.image_path from store_image_paths ip1_0 where ip1_0.store_id=?
Hibernate: select ip1_0.dish_id,ip1_0.sort_order,ip1_0.image_path from dish_image_paths ip1_0 where ip1_0.dish_id=?
Hibernate: select ei1_0.id,ei1_0.active,ei1_0.booked_count,ei1_0.capacity,ei1_0.created_at,ei1_0.description,ei1_0.ends_at,ei1_0.highlight_summary,ei1_0.location,ei1_0.name,ei1_0.schedule_text,ei1_0.slug,ei1_0.starts_at,ei1_0.store_id,s1_0.id,s1_0.active,s1_0.address,s1_0.area,s1_0.close_time,s1_0.contact_email,s1_0.created_at,s1_0.description,s1_0.design_signature,s1_0.franchise_mood,s1_0.highlight_summary,s1_0.hours_text,s1_0.latitude,s1_0.longitude,s1_0.name,s1_0.open_time,s1_0.personality,s1_0.phone_number,s1_0.position_label,s1_0.slug,s1_0.specialty,s1_0.updated_at,ei1_0.updated_at from events ei1_0 join stores s1_0 on s1_0.id=ei1_0.store_id where ei1_0.id=?
Hibernate: select ip1_0.event_id,ip1_0.sort_order,ip1_0.image_path from event_image_paths ip1_0 where ip1_0.event_id=?
Hibernate: select ip1_0.store_id,ip1_0.sort_order,ip1_0.image_path from store_image_paths ip1_0 where ip1_0.store_id=?
Hibernate: select ei1_0.id,ei1_0.active,ei1_0.booked_count,ei1_0.capacity,ei1_0.created_at,ei1_0.description,ei1_0.ends_at,ei1_0.highlight_summary,ei1_0.location,ei1_0.name,ei1_0.schedule_text,ei1_0.slug,ei1_0.starts_at,ei1_0.store_id,s1_0.id,s1_0.active,s1_0.address,s1_0.area,s1_0.close_time,s1_0.contact_email,s1_0.created_at,s1_0.description,s1_0.design_signature,s1_0.franchise_mood,s1_0.highlight_summary,s1_0.hours_text,s1_0.latitude,s1_0.longitude,s1_0.name,s1_0.open_time,s1_0.personality,s1_0.phone_number,s1_0.position_label,s1_0.slug,s1_0.specialty,s1_0.updated_at,ei1_0.updated_at from events ei1_0 join stores s1_0 on s1_0.id=ei1_0.store_id where ei1_0.id=?
Hibernate: select ip1_0.event_id,ip1_0.sort_order,ip1_0.image_path from event_image_paths ip1_0 where ip1_0.event_id=?
Hibernate: select ip1_0.store_id,ip1_0.sort_order,ip1_0.image_path from store_image_paths ip1_0 where ip1_0.store_id=?
Hibernate: select ip1_0.dish_id,ip1_0.sort_order,ip1_0.image_path from dish_image_paths ip1_0 where ip1_0.dish_id=?
Hibernate: select ei1_0.id,ei1_0.active,ei1_0.booked_count,ei1_0.capacity,ei1_0.created_at,ei1_0.description,ei1_0.ends_at,ei1_0.highlight_summary,ei1_0.location,ei1_0.name,ei1_0.schedule_text,ei1_0.slug,ei1_0.starts_at,ei1_0.store_id,s1_0.id,s1_0.active,s1_0.address,s1_0.area,s1_0.close_time,s1_0.contact_email,s1_0.created_at,s1_0.description,s1_0.design_signature,s1_0.franchise_mood,s1_0.highlight_summary,s1_0.hours_text,s1_0.latitude,s1_0.longitude,s1_0.name,s1_0.open_time,s1_0.personality,s1_0.phone_number,s1_0.position_label,s1_0.slug,s1_0.specialty,s1_0.updated_at,ei1_0.updated_at from events ei1_0 join stores s1_0 on s1_0.id=ei1_0.store_id where ei1_0.id=?
Hibernate: select ip1_0.event_id,ip1_0.sort_order,ip1_0.image_path from event_image_paths ip1_0 where ip1_0.event_id=?
Hibernate: select ip1_0.dish_id,ip1_0.sort_order,ip1_0.image_path from dish_image_paths ip1_0 where ip1_0.dish_id=?
Hibernate: select ei1_0.id,ei1_0.active,ei1_0.booked_count,ei1_0.capacity,ei1_0.created_at,ei1_0.description,ei1_0.ends_at,ei1_0.highlight_summary,ei1_0.location,ei1_0.name,ei1_0.schedule_text,ei1_0.slug,ei1_0.starts_at,ei1_0.store_id,s1_0.id,s1_0.active,s1_0.address,s1_0.area,s1_0.close_time,s1_0.contact_email,s1_0.created_at,s1_0.description,s1_0.design_signature,s1_0.franchise_mood,s1_0.highlight_summary,s1_0.hours_text,s1_0.latitude,s1_0.longitude,s1_0.name,s1_0.open_time,s1_0.personality,s1_0.phone_number,s1_0.position_label,s1_0.slug,s1_0.specialty,s1_0.updated_at,ei1_0.updated_at from events ei1_0 join stores s1_0 on s1_0.id=ei1_0.store_id where ei1_0.id=?
Hibernate: select ip1_0.event_id,ip1_0.sort_order,ip1_0.image_path from event_image_paths ip1_0 where ip1_0.event_id=?
Hibernate: select ip1_0.store_id,ip1_0.sort_order,ip1_0.image_path from store_image_paths ip1_0 where ip1_0.store_id=?
Hibernate: select ip1_0.dish_id,ip1_0.sort_order,ip1_0.image_path from dish_image_paths ip1_0 where ip1_0.dish_id=?
Hibernate: select ip1_0.store_id,ip1_0.sort_order,ip1_0.image_path from store_image_paths ip1_0 where ip1_0.store_id=?
Hibernate: select ip1_0.dish_id,ip1_0.sort_order,ip1_0.image_path from dish_image_paths ip1_0 where ip1_0.dish_id=?
Hibernate: select ei1_0.id,ei1_0.active,ei1_0.booked_count,ei1_0.capacity,ei1_0.created_at,ei1_0.description,ei1_0.ends_at,ei1_0.highlight_summary,ei1_0.location,ei1_0.name,ei1_0.schedule_text,ei1_0.slug,ei1_0.starts_at,ei1_0.store_id,s1_0.id,s1_0.active,s1_0.address,s1_0.area,s1_0.close_time,s1_0.contact_email,s1_0.created_at,s1_0.description,s1_0.design_signature,s1_0.franchise_mood,s1_0.highlight_summary,s1_0.hours_text,s1_0.latitude,s1_0.longitude,s1_0.name,s1_0.open_time,s1_0.personality,s1_0.phone_number,s1_0.position_label,s1_0.slug,s1_0.specialty,s1_0.updated_at,ei1_0.updated_at from events ei1_0 join stores s1_0 on s1_0.id=ei1_0.store_id where ei1_0.id=?
Hibernate: select ip1_0.event_id,ip1_0.sort_order,ip1_0.image_path from event_image_paths ip1_0 where ip1_0.event_id=?
Hibernate: select ip1_0.store_id,ip1_0.sort_order,ip1_0.image_path from store_image_paths ip1_0 where ip1_0.store_id=?
Hibernate: select d1_0.id,d1_0.active,d1_0.available,d1_0.category_id,d1_0.created_at,d1_0.description,d1_0.franchise_note,d1_0.franchise_required,d1_0.highlight_summary,d1_0.name,d1_0.note,d1_0.price,d1_0.status,d1_0.updated_at from dishes d1_0
Hibernate: select ip1_0.dish_id,ip1_0.sort_order,ip1_0.image_path from dish_image_paths ip1_0 where ip1_0.dish_id=?
Hibernate: select ht1_0.dish_id,ht1_0.sort_order,ht1_0.highlight_tag from dish_highlight_tags ht1_0 where ht1_0.dish_id=?
Hibernate: select ip1_0.store_id,ip1_0.sort_order,ip1_0.image_path from store_image_paths ip1_0 where ip1_0.store_id=?
Hibernate: select ht1_0.dish_id,ht1_0.sort_order,ht1_0.highlight_tag from dish_highlight_tags ht1_0 where ht1_0.dish_id=?
Hibernate: select ip1_0.store_id,ip1_0.sort_order,ip1_0.image_path from store_image_paths ip1_0 where ip1_0.store_id=?
Hibernate: select ip1_0.dish_id,ip1_0.sort_order,ip1_0.image_path from dish_image_paths ip1_0 where ip1_0.dish_id=?
Hibernate: select ht1_0.dish_id,ht1_0.sort_order,ht1_0.highlight_tag from dish_highlight_tags ht1_0 where ht1_0.dish_id=?
Hibernate: select ip1_0.dish_id,ip1_0.sort_order,ip1_0.image_path from dish_image_paths ip1_0 where ip1_0.dish_id=?
Hibernate: select ht1_0.dish_id,ht1_0.sort_order,ht1_0.highlight_tag from dish_highlight_tags ht1_0 where ht1_0.dish_id=?
Hibernate: select ip1_0.store_id,ip1_0.sort_order,ip1_0.image_path from store_image_paths ip1_0 where ip1_0.store_id=?
Hibernate: select ip1_0.dish_id,ip1_0.sort_order,ip1_0.image_path from dish_image_paths ip1_0 where ip1_0.dish_id=?
Hibernate: select ht1_0.dish_id,ht1_0.sort_order,ht1_0.highlight_tag from dish_highlight_tags ht1_0 where ht1_0.dish_id=?
Hibernate: select ip1_0.store_id,ip1_0.sort_order,ip1_0.image_path from store_image_paths ip1_0 where ip1_0.store_id=?
Hibernate: select ip1_0.dish_id,ip1_0.sort_order,ip1_0.image_path from dish_image_paths ip1_0 where ip1_0.dish_id=?
Hibernate: select ht1_0.dish_id,ht1_0.sort_order,ht1_0.highlight_tag from dish_highlight_tags ht1_0 where ht1_0.dish_id=?
Hibernate: select ip1_0.dish_id,ip1_0.sort_order,ip1_0.image_path from dish_image_paths ip1_0 where ip1_0.dish_id=?
Hibernate: select ht1_0.dish_id,ht1_0.sort_order,ht1_0.highlight_tag from dish_highlight_tags ht1_0 where ht1_0.dish_id=?
Hibernate: select ip1_0.store_id,ip1_0.sort_order,ip1_0.image_path from store_image_paths ip1_0 where ip1_0.store_id=?
Hibernate: select ht1_0.dish_id,ht1_0.sort_order,ht1_0.highlight_tag from dish_highlight_tags ht1_0 where ht1_0.dish_id=?
Hibernate: select ip1_0.store_id,ip1_0.sort_order,ip1_0.image_path from store_image_paths ip1_0 where ip1_0.store_id=?
Hibernate: select ip1_0.dish_id,ip1_0.sort_order,ip1_0.image_path from dish_image_paths ip1_0 where ip1_0.dish_id=?
Hibernate: select ht1_0.dish_id,ht1_0.sort_order,ht1_0.highlight_tag from dish_highlight_tags ht1_0 where ht1_0.dish_id=?
Hibernate: select ip1_0.store_id,ip1_0.sort_order,ip1_0.image_path from store_image_paths ip1_0 where ip1_0.store_id=?
Hibernate: select ip1_0.dish_id,ip1_0.sort_order,ip1_0.image_path from dish_image_paths ip1_0 where ip1_0.dish_id=?
Hibernate: select ht1_0.dish_id,ht1_0.sort_order,ht1_0.highlight_tag from dish_highlight_tags ht1_0 where ht1_0.dish_id=?
Hibernate: select ip1_0.store_id,ip1_0.sort_order,ip1_0.image_path from store_image_paths ip1_0 where ip1_0.store_id=?
Hibernate: select ht1_0.dish_id,ht1_0.sort_order,ht1_0.highlight_tag from dish_highlight_tags ht1_0 where ht1_0.dish_id=?
Hibernate: select ip1_0.store_id,ip1_0.sort_order,ip1_0.image_path from store_image_paths ip1_0 where ip1_0.store_id=?
Hibernate: select ip1_0.dish_id,ip1_0.sort_order,ip1_0.image_path from dish_image_paths ip1_0 where ip1_0.dish_id=?
Hibernate: select ht1_0.dish_id,ht1_0.sort_order,ht1_0.highlight_tag from dish_highlight_tags ht1_0 where ht1_0.dish_id=?
Hibernate: select ip1_0.dish_id,ip1_0.sort_order,ip1_0.image_path from dish_image_paths ip1_0 where ip1_0.dish_id=?
Hibernate: select ht1_0.dish_id,ht1_0.sort_order,ht1_0.highlight_tag from dish_highlight_tags ht1_0 where ht1_0.dish_id=?
Hibernate: select ip1_0.store_id,ip1_0.sort_order,ip1_0.image_path from store_image_paths ip1_0 where ip1_0.store_id=?
Hibernate: select ht1_0.dish_id,ht1_0.sort_order,ht1_0.highlight_tag from dish_highlight_tags ht1_0 where ht1_0.dish_id=?
Hibernate: select ip1_0.store_id,ip1_0.sort_order,ip1_0.image_path from store_image_paths ip1_0 where ip1_0.store_id=?
Hibernate: select ip1_0.dish_id,ip1_0.sort_order,ip1_0.image_path from dish_image_paths ip1_0 where ip1_0.dish_id=?
Hibernate: select ht1_0.dish_id,ht1_0.sort_order,ht1_0.highlight_tag from dish_highlight_tags ht1_0 where ht1_0.dish_id=?
Hibernate: select ip1_0.dish_id,ip1_0.sort_order,ip1_0.image_path from dish_image_paths ip1_0 where ip1_0.dish_id=?
Hibernate: select ht1_0.dish_id,ht1_0.sort_order,ht1_0.highlight_tag from dish_highlight_tags ht1_0 where ht1_0.dish_id=?
Hibernate: select ip1_0.store_id,ip1_0.sort_order,ip1_0.image_path from store_image_paths ip1_0 where ip1_0.store_id=?
Hibernate: select ht1_0.dish_id,ht1_0.sort_order,ht1_0.highlight_tag from dish_highlight_tags ht1_0 where ht1_0.dish_id=?
Hibernate: select ip1_0.store_id,ip1_0.sort_order,ip1_0.image_path from store_image_paths ip1_0 where ip1_0.store_id=?
Hibernate: select ip1_0.dish_id,ip1_0.sort_order,ip1_0.image_path from dish_image_paths ip1_0 where ip1_0.dish_id=?
Hibernate: select ht1_0.dish_id,ht1_0.sort_order,ht1_0.highlight_tag from dish_highlight_tags ht1_0 where ht1_0.dish_id=?
Hibernate: select ip1_0.dish_id,ip1_0.sort_order,ip1_0.image_path from dish_image_paths ip1_0 where ip1_0.dish_id=?
Hibernate: select ht1_0.dish_id,ht1_0.sort_order,ht1_0.highlight_tag from dish_highlight_tags ht1_0 where ht1_0.dish_id=?
Hibernate: select ip1_0.store_id,ip1_0.sort_order,ip1_0.image_path from store_image_paths ip1_0 where ip1_0.store_id=?
Hibernate: select ip1_0.dish_id,ip1_0.sort_order,ip1_0.image_path from dish_image_paths ip1_0 where ip1_0.dish_id=?
Hibernate: select ht1_0.dish_id,ht1_0.sort_order,ht1_0.highlight_tag from dish_highlight_tags ht1_0 where ht1_0.dish_id=?
Hibernate: select us1_0.id,us1_0.created_at,us1_0.expires_at,us1_0.token,us1_0.user_id from user_sessions us1_0 where us1_0.token=?
Hibernate: select u1_0.id,u1_0.created_at,u1_0.email,u1_0.enabled,u1_0.full_name,u1_0.password_hash,u1_0.profile_completed,u1_0.role,u1_0.updated_at,u1_0.verified_at,ws1_0.id,ws1_0.active,ws1_0.address,ws1_0.area,ws1_0.close_time,ws1_0.contact_email,ws1_0.created_at,ws1_0.description,ws1_0.design_signature,ws1_0.franchise_mood,ws1_0.highlight_summary,ws1_0.hours_text,ws1_0.latitude,ws1_0.longitude,ws1_0.name,ws1_0.open_time,ws1_0.personality,ws1_0.phone_number,ws1_0.position_label,ws1_0.slug,ws1_0.specialty,ws1_0.updated_at from users u1_0 left join stores ws1_0 on ws1_0.id=u1_0.working_store_id where u1_0.id=?
Hibernate: select act1_0.id,act1_0.created_at,act1_0.last_message_at,act1_0.last_message_preview,act1_0.last_message_role,act1_0.message_count,act1_0.title,act1_0.updated_at,act1_0.user_id from ai_chat_threads act1_0 join users u1_0 on u1_0.id=act1_0.user_id where u1_0.id=? order by act1_0.updated_at desc limit ?
Hibernate: select us1_0.id,us1_0.created_at,us1_0.expires_at,us1_0.token,us1_0.user_id from user_sessions us1_0 where us1_0.token=?
Hibernate: select u1_0.id,u1_0.created_at,u1_0.email,u1_0.enabled,u1_0.full_name,u1_0.password_hash,u1_0.profile_completed,u1_0.role,u1_0.updated_at,u1_0.verified_at,ws1_0.id,ws1_0.active,ws1_0.address,ws1_0.area,ws1_0.close_time,ws1_0.contact_email,ws1_0.created_at,ws1_0.description,ws1_0.design_signature,ws1_0.franchise_mood,ws1_0.highlight_summary,ws1_0.hours_text,ws1_0.latitude,ws1_0.longitude,ws1_0.name,ws1_0.open_time,ws1_0.personality,ws1_0.phone_number,ws1_0.position_label,ws1_0.slug,ws1_0.specialty,ws1_0.updated_at from users u1_0 left join stores ws1_0 on ws1_0.id=u1_0.working_store_id where u1_0.id=?
Hibernate: select act1_0.id,act1_0.created_at,act1_0.last_message_at,act1_0.last_message_preview,act1_0.last_message_role,act1_0.message_count,act1_0.title,act1_0.updated_at,act1_0.user_id,u1_0.id,u1_0.created_at,u1_0.email,u1_0.enabled,u1_0.full_name,u1_0.password_hash,u1_0.profile_completed,u1_0.role,u1_0.updated_at,u1_0.verified_at,ws1_0.id,ws1_0.active,ws1_0.address,ws1_0.area,ws1_0.close_time,ws1_0.contact_email,ws1_0.created_at,ws1_0.description,ws1_0.design_signature,ws1_0.franchise_mood,ws1_0.highlight_summary,ws1_0.hours_text,ws1_0.latitude,ws1_0.longitude,ws1_0.name,ws1_0.open_time,ws1_0.personality,ws1_0.phone_number,ws1_0.position_label,ws1_0.slug,ws1_0.specialty,ws1_0.updated_at from ai_chat_threads act1_0 join users u1_0 on u1_0.id=act1_0.user_id left join stores ws1_0 on ws1_0.id=u1_0.working_store_id where act1_0.id=?
Hibernate: select acm1_0.id,acm1_0.actions_json,acm1_0.content,acm1_0.created_at,acm1_0.model,acm1_0.references_json,acm1_0.role,acm1_0.thread_id from ai_chat_messages acm1_0 join ai_chat_threads t1_0 on t1_0.id=acm1_0.thread_id where t1_0.id=? order by acm1_0.created_at,acm1_0.id
Hibernate: select us1_0.id,us1_0.created_at,us1_0.expires_at,us1_0.token,us1_0.user_id from user_sessions us1_0 where us1_0.token=?
Hibernate: select u1_0.id,u1_0.created_at,u1_0.email,u1_0.enabled,u1_0.full_name,u1_0.password_hash,u1_0.profile_completed,u1_0.role,u1_0.updated_at,u1_0.verified_at,ws1_0.id,ws1_0.active,ws1_0.address,ws1_0.area,ws1_0.close_time,ws1_0.contact_email,ws1_0.created_at,ws1_0.description,ws1_0.design_signature,ws1_0.franchise_mood,ws1_0.highlight_summary,ws1_0.hours_text,ws1_0.latitude,ws1_0.longitude,ws1_0.name,ws1_0.open_time,ws1_0.personality,ws1_0.phone_number,ws1_0.position_label,ws1_0.slug,ws1_0.specialty,ws1_0.updated_at from users u1_0 left join stores ws1_0 on ws1_0.id=u1_0.working_store_id where u1_0.id=?
Hibernate: select us1_0.id,us1_0.created_at,us1_0.expires_at,us1_0.token,us1_0.user_id from user_sessions us1_0 where us1_0.token=?
Hibernate: select us1_0.id,us1_0.created_at,us1_0.expires_at,us1_0.token,us1_0.user_id from user_sessions us1_0 where us1_0.token=?
Hibernate: select us1_0.id,us1_0.created_at,us1_0.expires_at,us1_0.token,us1_0.user_id from user_sessions us1_0 where us1_0.token=?
Hibernate: select us1_0.id,us1_0.created_at,us1_0.expires_at,us1_0.token,us1_0.user_id from user_sessions us1_0 where us1_0.token=?
Hibernate: select us1_0.id,us1_0.created_at,us1_0.expires_at,us1_0.token,us1_0.user_id from user_sessions us1_0 where us1_0.token=?
Hibernate: select u1_0.id,u1_0.created_at,u1_0.email,u1_0.enabled,u1_0.full_name,u1_0.password_hash,u1_0.profile_completed,u1_0.role,u1_0.updated_at,u1_0.verified_at,ws1_0.id,ws1_0.active,ws1_0.address,ws1_0.area,ws1_0.close_time,ws1_0.contact_email,ws1_0.created_at,ws1_0.description,ws1_0.design_signature,ws1_0.franchise_mood,ws1_0.highlight_summary,ws1_0.hours_text,ws1_0.latitude,ws1_0.longitude,ws1_0.name,ws1_0.open_time,ws1_0.personality,ws1_0.phone_number,ws1_0.position_label,ws1_0.slug,ws1_0.specialty,ws1_0.updated_at from users u1_0 left join stores ws1_0 on ws1_0.id=u1_0.working_store_id where u1_0.id=?
Hibernate: select us1_0.id,us1_0.created_at,us1_0.expires_at,us1_0.token,us1_0.user_id from user_sessions us1_0 where us1_0.token=?
Hibernate: select u1_0.id,u1_0.created_at,u1_0.email,u1_0.enabled,u1_0.full_name,u1_0.password_hash,u1_0.profile_completed,u1_0.role,u1_0.updated_at,u1_0.verified_at,ws1_0.id,ws1_0.active,ws1_0.address,ws1_0.area,ws1_0.close_time,ws1_0.contact_email,ws1_0.created_at,ws1_0.description,ws1_0.design_signature,ws1_0.franchise_mood,ws1_0.highlight_summary,ws1_0.hours_text,ws1_0.latitude,ws1_0.longitude,ws1_0.name,ws1_0.open_time,ws1_0.personality,ws1_0.phone_number,ws1_0.position_label,ws1_0.slug,ws1_0.specialty,ws1_0.updated_at from users u1_0 left join stores ws1_0 on ws1_0.id=u1_0.working_store_id where u1_0.id=?
Hibernate: select u1_0.id,u1_0.created_at,u1_0.email,u1_0.enabled,u1_0.full_name,u1_0.password_hash,u1_0.profile_completed,u1_0.role,u1_0.updated_at,u1_0.verified_at,ws1_0.id,ws1_0.active,ws1_0.address,ws1_0.area,ws1_0.close_time,ws1_0.contact_email,ws1_0.created_at,ws1_0.description,ws1_0.design_signature,ws1_0.franchise_mood,ws1_0.highlight_summary,ws1_0.hours_text,ws1_0.latitude,ws1_0.longitude,ws1_0.name,ws1_0.open_time,ws1_0.personality,ws1_0.phone_number,ws1_0.position_label,ws1_0.slug,ws1_0.specialty,ws1_0.updated_at from users u1_0 left join stores ws1_0 on ws1_0.id=u1_0.working_store_id where u1_0.id=?
Hibernate: select u1_0.id,u1_0.created_at,u1_0.email,u1_0.enabled,u1_0.full_name,u1_0.password_hash,u1_0.profile_completed,u1_0.role,u1_0.updated_at,u1_0.verified_at,ws1_0.id,ws1_0.active,ws1_0.address,ws1_0.area,ws1_0.close_time,ws1_0.contact_email,ws1_0.created_at,ws1_0.description,ws1_0.design_signature,ws1_0.franchise_mood,ws1_0.highlight_summary,ws1_0.hours_text,ws1_0.latitude,ws1_0.longitude,ws1_0.name,ws1_0.open_time,ws1_0.personality,ws1_0.phone_number,ws1_0.position_label,ws1_0.slug,ws1_0.specialty,ws1_0.updated_at from users u1_0 left join stores ws1_0 on ws1_0.id=u1_0.working_store_id where u1_0.id=?
Hibernate: select u1_0.id,u1_0.created_at,u1_0.email,u1_0.enabled,u1_0.full_name,u1_0.password_hash,u1_0.profile_completed,u1_0.role,u1_0.updated_at,u1_0.verified_at,ws1_0.id,ws1_0.active,ws1_0.address,ws1_0.area,ws1_0.close_time,ws1_0.contact_email,ws1_0.created_at,ws1_0.description,ws1_0.design_signature,ws1_0.franchise_mood,ws1_0.highlight_summary,ws1_0.hours_text,ws1_0.latitude,ws1_0.longitude,ws1_0.name,ws1_0.open_time,ws1_0.personality,ws1_0.phone_number,ws1_0.position_label,ws1_0.slug,ws1_0.specialty,ws1_0.updated_at from users u1_0 left join stores ws1_0 on ws1_0.id=u1_0.working_store_id where u1_0.id=?
Hibernate: select u1_0.id,u1_0.created_at,u1_0.email,u1_0.enabled,u1_0.full_name,u1_0.password_hash,u1_0.profile_completed,u1_0.role,u1_0.updated_at,u1_0.verified_at,ws1_0.id,ws1_0.active,ws1_0.address,ws1_0.area,ws1_0.close_time,ws1_0.contact_email,ws1_0.created_at,ws1_0.description,ws1_0.design_signature,ws1_0.franchise_mood,ws1_0.highlight_summary,ws1_0.hours_text,ws1_0.latitude,ws1_0.longitude,ws1_0.name,ws1_0.open_time,ws1_0.personality,ws1_0.phone_number,ws1_0.position_label,ws1_0.slug,ws1_0.specialty,ws1_0.updated_at from users u1_0 left join stores ws1_0 on ws1_0.id=u1_0.working_store_id where u1_0.id=?
Hibernate: select r1_0.id,r1_0.approved,r1_0.comment,r1_0.created_at,r1_0.rating,r1_0.target_id,r1_0.target_type,r1_0.title,r1_0.updated_at,r1_0.user_id from reviews r1_0
Hibernate: select f1_0.id,f1_0.created_at,f1_0.target_id,f1_0.target_type,f1_0.user_id from favorites f1_0 join users u1_0 on u1_0.id=f1_0.user_id where u1_0.id=?
Hibernate: select act1_0.id,act1_0.created_at,act1_0.last_message_at,act1_0.last_message_preview,act1_0.last_message_role,act1_0.message_count,act1_0.title,act1_0.updated_at,act1_0.user_id from ai_chat_threads act1_0 join users u1_0 on u1_0.id=act1_0.user_id where u1_0.id=? order by act1_0.updated_at desc limit ?
Hibernate: select count(un1_0.id) from user_notifications un1_0 join users u1_0 on u1_0.id=un1_0.user_id where u1_0.id=? and un1_0.read_at is null
Hibernate: select cf1_0.id,cf1_0.category,cf1_0.created_at,cf1_0.message,cf1_0.related_order_id,cf1_0.related_store_id,cf1_0.replied_at,cf1_0.replied_by_user_id,cf1_0.replied_by_user_name,cf1_0.replied_by_user_role,cf1_0.reply_message,cf1_0.subject,cf1_0.updated_at,cf1_0.user_id from customer_feedbacks cf1_0 join users u1_0 on u1_0.id=cf1_0.user_id where u1_0.id=? order by cf1_0.created_at desc limit ?
Hibernate: select un1_0.id,un1_0.action_url,un1_0.created_at,un1_0.message,un1_0.read_at,un1_0.related_event_id,un1_0.related_event_slug,un1_0.related_news_id,un1_0.related_news_slug,un1_0.related_order_id,un1_0.related_store_id,un1_0.related_store_name,un1_0.title,un1_0.type,un1_0.user_id from user_notifications un1_0 join users u1_0 on u1_0.id=un1_0.user_id where u1_0.id=? order by un1_0.created_at desc limit ?
Hibernate: select u1_0.id,u1_0.created_at,u1_0.email,u1_0.enabled,u1_0.full_name,u1_0.password_hash,u1_0.profile_completed,u1_0.role,u1_0.updated_at,u1_0.verified_at,ws1_0.id,ws1_0.active,ws1_0.address,ws1_0.area,ws1_0.close_time,ws1_0.contact_email,ws1_0.created_at,ws1_0.description,ws1_0.design_signature,ws1_0.franchise_mood,ws1_0.highlight_summary,ws1_0.hours_text,ws1_0.latitude,ws1_0.longitude,ws1_0.name,ws1_0.open_time,ws1_0.personality,ws1_0.phone_number,ws1_0.position_label,ws1_0.slug,ws1_0.specialty,ws1_0.updated_at from users u1_0 left join stores ws1_0 on ws1_0.id=u1_0.working_store_id where u1_0.id=?
Hibernate: select u1_0.id,u1_0.created_at,u1_0.email,u1_0.enabled,u1_0.full_name,u1_0.password_hash,u1_0.profile_completed,u1_0.role,u1_0.updated_at,u1_0.verified_at,ws1_0.id,ws1_0.active,ws1_0.address,ws1_0.area,ws1_0.close_time,ws1_0.contact_email,ws1_0.created_at,ws1_0.description,ws1_0.design_signature,ws1_0.franchise_mood,ws1_0.highlight_summary,ws1_0.hours_text,ws1_0.latitude,ws1_0.longitude,ws1_0.name,ws1_0.open_time,ws1_0.personality,ws1_0.phone_number,ws1_0.position_label,ws1_0.slug,ws1_0.specialty,ws1_0.updated_at from users u1_0 left join stores ws1_0 on ws1_0.id=u1_0.working_store_id where u1_0.id=?
Hibernate: select u1_0.id,u1_0.created_at,u1_0.email,u1_0.enabled,u1_0.full_name,u1_0.password_hash,u1_0.profile_completed,u1_0.role,u1_0.updated_at,u1_0.verified_at,ws1_0.id,ws1_0.active,ws1_0.address,ws1_0.area,ws1_0.close_time,ws1_0.contact_email,ws1_0.created_at,ws1_0.description,ws1_0.design_signature,ws1_0.franchise_mood,ws1_0.highlight_summary,ws1_0.hours_text,ws1_0.latitude,ws1_0.longitude,ws1_0.name,ws1_0.open_time,ws1_0.personality,ws1_0.phone_number,ws1_0.position_label,ws1_0.slug,ws1_0.specialty,ws1_0.updated_at from users u1_0 left join stores ws1_0 on ws1_0.id=u1_0.working_store_id where u1_0.id=?
Hibernate: select count(un1_0.id) from user_notifications un1_0 join users u1_0 on u1_0.id=un1_0.user_id where u1_0.id=?
Hibernate: select u1_0.id,u1_0.created_at,u1_0.email,u1_0.enabled,u1_0.full_name,u1_0.password_hash,u1_0.profile_completed,u1_0.role,u1_0.updated_at,u1_0.verified_at,ws1_0.id,ws1_0.active,ws1_0.address,ws1_0.area,ws1_0.close_time,ws1_0.contact_email,ws1_0.created_at,ws1_0.description,ws1_0.design_signature,ws1_0.franchise_mood,ws1_0.highlight_summary,ws1_0.hours_text,ws1_0.latitude,ws1_0.longitude,ws1_0.name,ws1_0.open_time,ws1_0.personality,ws1_0.phone_number,ws1_0.position_label,ws1_0.slug,ws1_0.specialty,ws1_0.updated_at from users u1_0 left join stores ws1_0 on ws1_0.id=u1_0.working_store_id where u1_0.id=?
Hibernate: select u1_0.id,u1_0.created_at,u1_0.email,u1_0.enabled,u1_0.full_name,u1_0.password_hash,u1_0.profile_completed,u1_0.role,u1_0.updated_at,u1_0.verified_at,ws1_0.id,ws1_0.active,ws1_0.address,ws1_0.area,ws1_0.close_time,ws1_0.contact_email,ws1_0.created_at,ws1_0.description,ws1_0.design_signature,ws1_0.franchise_mood,ws1_0.highlight_summary,ws1_0.hours_text,ws1_0.latitude,ws1_0.longitude,ws1_0.name,ws1_0.open_time,ws1_0.personality,ws1_0.phone_number,ws1_0.position_label,ws1_0.slug,ws1_0.specialty,ws1_0.updated_at from users u1_0 left join stores ws1_0 on ws1_0.id=u1_0.working_store_id where u1_0.id=?
Hibernate: select u1_0.id,u1_0.created_at,u1_0.email,u1_0.enabled,u1_0.full_name,u1_0.password_hash,u1_0.profile_completed,u1_0.role,u1_0.updated_at,u1_0.verified_at,ws1_0.id,ws1_0.active,ws1_0.address,ws1_0.area,ws1_0.close_time,ws1_0.contact_email,ws1_0.created_at,ws1_0.description,ws1_0.design_signature,ws1_0.franchise_mood,ws1_0.highlight_summary,ws1_0.hours_text,ws1_0.latitude,ws1_0.longitude,ws1_0.name,ws1_0.open_time,ws1_0.personality,ws1_0.phone_number,ws1_0.position_label,ws1_0.slug,ws1_0.specialty,ws1_0.updated_at from users u1_0 left join stores ws1_0 on ws1_0.id=u1_0.working_store_id where u1_0.id=?
Hibernate: select u1_0.id,u1_0.created_at,u1_0.email,u1_0.enabled,u1_0.full_name,u1_0.password_hash,u1_0.profile_completed,u1_0.role,u1_0.updated_at,u1_0.verified_at,ws1_0.id,ws1_0.active,ws1_0.address,ws1_0.area,ws1_0.close_time,ws1_0.contact_email,ws1_0.created_at,ws1_0.description,ws1_0.design_signature,ws1_0.franchise_mood,ws1_0.highlight_summary,ws1_0.hours_text,ws1_0.latitude,ws1_0.longitude,ws1_0.name,ws1_0.open_time,ws1_0.personality,ws1_0.phone_number,ws1_0.position_label,ws1_0.slug,ws1_0.specialty,ws1_0.updated_at from users u1_0 left join stores ws1_0 on ws1_0.id=u1_0.working_store_id where u1_0.id=?
Hibernate: select u1_0.id,u1_0.created_at,u1_0.email,u1_0.enabled,u1_0.full_name,u1_0.password_hash,u1_0.profile_completed,u1_0.role,u1_0.updated_at,u1_0.verified_at,ws1_0.id,ws1_0.active,ws1_0.address,ws1_0.area,ws1_0.close_time,ws1_0.contact_email,ws1_0.created_at,ws1_0.description,ws1_0.design_signature,ws1_0.franchise_mood,ws1_0.highlight_summary,ws1_0.hours_text,ws1_0.latitude,ws1_0.longitude,ws1_0.name,ws1_0.open_time,ws1_0.personality,ws1_0.phone_number,ws1_0.position_label,ws1_0.slug,ws1_0.specialty,ws1_0.updated_at from users u1_0 left join stores ws1_0 on ws1_0.id=u1_0.working_store_id where u1_0.id=?
Hibernate: select us1_0.id,us1_0.created_at,us1_0.expires_at,us1_0.token,us1_0.user_id from user_sessions us1_0 where us1_0.token=?
Hibernate: select us1_0.id,us1_0.created_at,us1_0.expires_at,us1_0.token,us1_0.user_id from user_sessions us1_0 where us1_0.token=?
Hibernate: select u1_0.id,u1_0.created_at,u1_0.email,u1_0.enabled,u1_0.full_name,u1_0.password_hash,u1_0.profile_completed,u1_0.role,u1_0.updated_at,u1_0.verified_at,ws1_0.id,ws1_0.active,ws1_0.address,ws1_0.area,ws1_0.close_time,ws1_0.contact_email,ws1_0.created_at,ws1_0.description,ws1_0.design_signature,ws1_0.franchise_mood,ws1_0.highlight_summary,ws1_0.hours_text,ws1_0.latitude,ws1_0.longitude,ws1_0.name,ws1_0.open_time,ws1_0.personality,ws1_0.phone_number,ws1_0.position_label,ws1_0.slug,ws1_0.specialty,ws1_0.updated_at from users u1_0 left join stores ws1_0 on ws1_0.id=u1_0.working_store_id where u1_0.id=?
Hibernate: select u1_0.id,u1_0.created_at,u1_0.email,u1_0.enabled,u1_0.full_name,u1_0.password_hash,u1_0.profile_completed,u1_0.role,u1_0.updated_at,u1_0.verified_at,ws1_0.id,ws1_0.active,ws1_0.address,ws1_0.area,ws1_0.close_time,ws1_0.contact_email,ws1_0.created_at,ws1_0.description,ws1_0.design_signature,ws1_0.franchise_mood,ws1_0.highlight_summary,ws1_0.hours_text,ws1_0.latitude,ws1_0.longitude,ws1_0.name,ws1_0.open_time,ws1_0.personality,ws1_0.phone_number,ws1_0.position_label,ws1_0.slug,ws1_0.specialty,ws1_0.updated_at from users u1_0 left join stores ws1_0 on ws1_0.id=u1_0.working_store_id where u1_0.id=?
Hibernate: select u1_0.id,u1_0.created_at,u1_0.email,u1_0.enabled,u1_0.full_name,u1_0.password_hash,u1_0.profile_completed,u1_0.role,u1_0.updated_at,u1_0.verified_at,ws1_0.id,ws1_0.active,ws1_0.address,ws1_0.area,ws1_0.close_time,ws1_0.contact_email,ws1_0.created_at,ws1_0.description,ws1_0.design_signature,ws1_0.franchise_mood,ws1_0.highlight_summary,ws1_0.hours_text,ws1_0.latitude,ws1_0.longitude,ws1_0.name,ws1_0.open_time,ws1_0.personality,ws1_0.phone_number,ws1_0.position_label,ws1_0.slug,ws1_0.specialty,ws1_0.updated_at from users u1_0 left join stores ws1_0 on ws1_0.id=u1_0.working_store_id where u1_0.id=?
Hibernate: select u1_0.id,u1_0.created_at,u1_0.email,u1_0.enabled,u1_0.full_name,u1_0.password_hash,u1_0.profile_completed,u1_0.role,u1_0.updated_at,u1_0.verified_at,ws1_0.id,ws1_0.active,ws1_0.address,ws1_0.area,ws1_0.close_time,ws1_0.contact_email,ws1_0.created_at,ws1_0.description,ws1_0.design_signature,ws1_0.franchise_mood,ws1_0.highlight_summary,ws1_0.hours_text,ws1_0.latitude,ws1_0.longitude,ws1_0.name,ws1_0.open_time,ws1_0.personality,ws1_0.phone_number,ws1_0.position_label,ws1_0.slug,ws1_0.specialty,ws1_0.updated_at from users u1_0 left join stores ws1_0 on ws1_0.id=u1_0.working_store_id where u1_0.id=?
Hibernate: select uda1_0.id,uda1_0.created_at,uda1_0.delivery_address,uda1_0.full_name,uda1_0.last_used_at,uda1_0.phone_number,uda1_0.is_primary,uda1_0.updated_at,uda1_0.user_id,uda1_0.verified_at from user_delivery_addresses uda1_0 join users u1_0 on u1_0.id=uda1_0.user_id where u1_0.id=? order by uda1_0.updated_at desc
Hibernate: select c1_0.id,c1_0.created_at,c1_0.status,c1_0.updated_at,c1_0.user_id from carts c1_0 join users u1_0 on u1_0.id=c1_0.user_id where u1_0.id=? and c1_0.status=?
Hibernate: select u1_0.id,u1_0.created_at,u1_0.email,u1_0.enabled,u1_0.full_name,u1_0.password_hash,u1_0.profile_completed,u1_0.role,u1_0.updated_at,u1_0.verified_at,ws1_0.id,ws1_0.active,ws1_0.address,ws1_0.area,ws1_0.close_time,ws1_0.contact_email,ws1_0.created_at,ws1_0.description,ws1_0.design_signature,ws1_0.franchise_mood,ws1_0.highlight_summary,ws1_0.hours_text,ws1_0.latitude,ws1_0.longitude,ws1_0.name,ws1_0.open_time,ws1_0.personality,ws1_0.phone_number,ws1_0.position_label,ws1_0.slug,ws1_0.specialty,ws1_0.updated_at from users u1_0 left join stores ws1_0 on ws1_0.id=u1_0.working_store_id where u1_0.id=?
Hibernate: select u1_0.id,u1_0.created_at,u1_0.email,u1_0.enabled,u1_0.full_name,u1_0.password_hash,u1_0.profile_completed,u1_0.role,u1_0.updated_at,u1_0.verified_at,ws1_0.id,ws1_0.active,ws1_0.address,ws1_0.area,ws1_0.close_time,ws1_0.contact_email,ws1_0.created_at,ws1_0.description,ws1_0.design_signature,ws1_0.franchise_mood,ws1_0.highlight_summary,ws1_0.hours_text,ws1_0.latitude,ws1_0.longitude,ws1_0.name,ws1_0.open_time,ws1_0.personality,ws1_0.phone_number,ws1_0.position_label,ws1_0.slug,ws1_0.specialty,ws1_0.updated_at from users u1_0 left join stores ws1_0 on ws1_0.id=u1_0.working_store_id where u1_0.id=?
Hibernate: select u1_0.id,u1_0.created_at,u1_0.email,u1_0.enabled,u1_0.full_name,u1_0.password_hash,u1_0.profile_completed,u1_0.role,u1_0.updated_at,u1_0.verified_at,ws1_0.id,ws1_0.active,ws1_0.address,ws1_0.area,ws1_0.close_time,ws1_0.contact_email,ws1_0.created_at,ws1_0.description,ws1_0.design_signature,ws1_0.franchise_mood,ws1_0.highlight_summary,ws1_0.hours_text,ws1_0.latitude,ws1_0.longitude,ws1_0.name,ws1_0.open_time,ws1_0.personality,ws1_0.phone_number,ws1_0.position_label,ws1_0.slug,ws1_0.specialty,ws1_0.updated_at from users u1_0 left join stores ws1_0 on ws1_0.id=u1_0.working_store_id where u1_0.id=?
Hibernate: select ci1_0.id,ci1_0.cart_id,ci1_0.created_at,ci1_0.dish_id,ci1_0.quantity,ci1_0.store_id,ci1_0.unit_price,ci1_0.updated_at from cart_items ci1_0 join carts c1_0 on c1_0.id=ci1_0.cart_id where c1_0.id=?
Hibernate: select u1_0.id,u1_0.created_at,u1_0.email,u1_0.enabled,u1_0.full_name,u1_0.password_hash,u1_0.profile_completed,u1_0.role,u1_0.updated_at,u1_0.verified_at,ws1_0.id,ws1_0.active,ws1_0.address,ws1_0.area,ws1_0.close_time,ws1_0.contact_email,ws1_0.created_at,ws1_0.description,ws1_0.design_signature,ws1_0.franchise_mood,ws1_0.highlight_summary,ws1_0.hours_text,ws1_0.latitude,ws1_0.longitude,ws1_0.name,ws1_0.open_time,ws1_0.personality,ws1_0.phone_number,ws1_0.position_label,ws1_0.slug,ws1_0.specialty,ws1_0.updated_at from users u1_0 left join stores ws1_0 on ws1_0.id=u1_0.working_store_id where u1_0.id=?
Hibernate: select d1_0.id,d1_0.active,d1_0.available,d1_0.category_id,c1_0.id,c1_0.active,c1_0.created_at,c1_0.description,c1_0.name,c1_0.sort_order,s1_0.id,s1_0.active,s1_0.address,s1_0.area,s1_0.close_time,s1_0.contact_email,s1_0.created_at,s1_0.description,s1_0.design_signature,s1_0.franchise_mood,s1_0.highlight_summary,s1_0.hours_text,s1_0.latitude,s1_0.longitude,s1_0.name,s1_0.open_time,s1_0.personality,s1_0.phone_number,s1_0.position_label,s1_0.slug,s1_0.specialty,s1_0.updated_at,c1_0.updated_at,d1_0.created_at,d1_0.description,d1_0.franchise_note,d1_0.franchise_required,d1_0.highlight_summary,d1_0.name,d1_0.note,d1_0.price,d1_0.status,d1_0.updated_at from dishes d1_0 join categories c1_0 on c1_0.id=d1_0.category_id left join stores s1_0 on s1_0.id=c1_0.store_id where d1_0.id=?
Hibernate: select u1_0.id,u1_0.created_at,u1_0.email,u1_0.enabled,u1_0.full_name,u1_0.password_hash,u1_0.profile_completed,u1_0.role,u1_0.updated_at,u1_0.verified_at,ws1_0.id,ws1_0.active,ws1_0.address,ws1_0.area,ws1_0.close_time,ws1_0.contact_email,ws1_0.created_at,ws1_0.description,ws1_0.design_signature,ws1_0.franchise_mood,ws1_0.highlight_summary,ws1_0.hours_text,ws1_0.latitude,ws1_0.longitude,ws1_0.name,ws1_0.open_time,ws1_0.personality,ws1_0.phone_number,ws1_0.position_label,ws1_0.slug,ws1_0.specialty,ws1_0.updated_at from users u1_0 left join stores ws1_0 on ws1_0.id=u1_0.working_store_id where u1_0.id=?
Hibernate: select u1_0.id,u1_0.created_at,u1_0.email,u1_0.enabled,u1_0.full_name,u1_0.password_hash,u1_0.profile_completed,u1_0.role,u1_0.updated_at,u1_0.verified_at,ws1_0.id,ws1_0.active,ws1_0.address,ws1_0.area,ws1_0.close_time,ws1_0.contact_email,ws1_0.created_at,ws1_0.description,ws1_0.design_signature,ws1_0.franchise_mood,ws1_0.highlight_summary,ws1_0.hours_text,ws1_0.latitude,ws1_0.longitude,ws1_0.name,ws1_0.open_time,ws1_0.personality,ws1_0.phone_number,ws1_0.position_label,ws1_0.slug,ws1_0.specialty,ws1_0.updated_at from users u1_0 left join stores ws1_0 on ws1_0.id=u1_0.working_store_id where u1_0.id=?
Hibernate: select d1_0.id,d1_0.active,d1_0.available,d1_0.category_id,c1_0.id,c1_0.active,c1_0.created_at,c1_0.description,c1_0.name,c1_0.sort_order,s1_0.id,s1_0.active,s1_0.address,s1_0.area,s1_0.close_time,s1_0.contact_email,s1_0.created_at,s1_0.description,s1_0.design_signature,s1_0.franchise_mood,s1_0.highlight_summary,s1_0.hours_text,s1_0.latitude,s1_0.longitude,s1_0.name,s1_0.open_time,s1_0.personality,s1_0.phone_number,s1_0.position_label,s1_0.slug,s1_0.specialty,s1_0.updated_at,c1_0.updated_at,d1_0.created_at,d1_0.description,d1_0.franchise_note,d1_0.franchise_required,d1_0.highlight_summary,d1_0.name,d1_0.note,d1_0.price,d1_0.status,d1_0.updated_at from dishes d1_0 join categories c1_0 on c1_0.id=d1_0.category_id left join stores s1_0 on s1_0.id=c1_0.store_id where d1_0.id=?
Hibernate: select u1_0.id,u1_0.created_at,u1_0.email,u1_0.enabled,u1_0.full_name,u1_0.password_hash,u1_0.profile_completed,u1_0.role,u1_0.updated_at,u1_0.verified_at,ws1_0.id,ws1_0.active,ws1_0.address,ws1_0.area,ws1_0.close_time,ws1_0.contact_email,ws1_0.created_at,ws1_0.description,ws1_0.design_signature,ws1_0.franchise_mood,ws1_0.highlight_summary,ws1_0.hours_text,ws1_0.latitude,ws1_0.longitude,ws1_0.name,ws1_0.open_time,ws1_0.personality,ws1_0.phone_number,ws1_0.position_label,ws1_0.slug,ws1_0.specialty,ws1_0.updated_at from users u1_0 left join stores ws1_0 on ws1_0.id=u1_0.working_store_id where u1_0.id=?
Hibernate: select d1_0.id,d1_0.active,d1_0.available,d1_0.category_id,c1_0.id,c1_0.active,c1_0.created_at,c1_0.description,c1_0.name,c1_0.sort_order,s1_0.id,s1_0.active,s1_0.address,s1_0.area,s1_0.close_time,s1_0.contact_email,s1_0.created_at,s1_0.description,s1_0.design_signature,s1_0.franchise_mood,s1_0.highlight_summary,s1_0.hours_text,s1_0.latitude,s1_0.longitude,s1_0.name,s1_0.open_time,s1_0.personality,s1_0.phone_number,s1_0.position_label,s1_0.slug,s1_0.specialty,s1_0.updated_at,c1_0.updated_at,d1_0.created_at,d1_0.description,d1_0.franchise_note,d1_0.franchise_required,d1_0.highlight_summary,d1_0.name,d1_0.note,d1_0.price,d1_0.status,d1_0.updated_at from dishes d1_0 join categories c1_0 on c1_0.id=d1_0.category_id left join stores s1_0 on s1_0.id=c1_0.store_id where d1_0.id=?
Hibernate: select u1_0.id,u1_0.created_at,u1_0.email,u1_0.enabled,u1_0.full_name,u1_0.password_hash,u1_0.profile_completed,u1_0.role,u1_0.updated_at,u1_0.verified_at,ws1_0.id,ws1_0.active,ws1_0.address,ws1_0.area,ws1_0.close_time,ws1_0.contact_email,ws1_0.created_at,ws1_0.description,ws1_0.design_signature,ws1_0.franchise_mood,ws1_0.highlight_summary,ws1_0.hours_text,ws1_0.latitude,ws1_0.longitude,ws1_0.name,ws1_0.open_time,ws1_0.personality,ws1_0.phone_number,ws1_0.position_label,ws1_0.slug,ws1_0.specialty,ws1_0.updated_at from users u1_0 left join stores ws1_0 on ws1_0.id=u1_0.working_store_id where u1_0.id=?
Hibernate: select d1_0.id,d1_0.active,d1_0.available,d1_0.category_id,c1_0.id,c1_0.active,c1_0.created_at,c1_0.description,c1_0.name,c1_0.sort_order,s1_0.id,s1_0.active,s1_0.address,s1_0.area,s1_0.close_time,s1_0.contact_email,s1_0.created_at,s1_0.description,s1_0.design_signature,s1_0.franchise_mood,s1_0.highlight_summary,s1_0.hours_text,s1_0.latitude,s1_0.longitude,s1_0.name,s1_0.open_time,s1_0.personality,s1_0.phone_number,s1_0.position_label,s1_0.slug,s1_0.specialty,s1_0.updated_at,c1_0.updated_at,d1_0.created_at,d1_0.description,d1_0.franchise_note,d1_0.franchise_required,d1_0.highlight_summary,d1_0.name,d1_0.note,d1_0.price,d1_0.status,d1_0.updated_at from dishes d1_0 join categories c1_0 on c1_0.id=d1_0.category_id left join stores s1_0 on s1_0.id=c1_0.store_id where d1_0.id=?
Hibernate: select u1_0.id,u1_0.created_at,u1_0.email,u1_0.enabled,u1_0.full_name,u1_0.password_hash,u1_0.profile_completed,u1_0.role,u1_0.updated_at,u1_0.verified_at,ws1_0.id,ws1_0.active,ws1_0.address,ws1_0.area,ws1_0.close_time,ws1_0.contact_email,ws1_0.created_at,ws1_0.description,ws1_0.design_signature,ws1_0.franchise_mood,ws1_0.highlight_summary,ws1_0.hours_text,ws1_0.latitude,ws1_0.longitude,ws1_0.name,ws1_0.open_time,ws1_0.personality,ws1_0.phone_number,ws1_0.position_label,ws1_0.slug,ws1_0.specialty,ws1_0.updated_at from users u1_0 left join stores ws1_0 on ws1_0.id=u1_0.working_store_id where u1_0.id=?
Hibernate: select u1_0.id,u1_0.created_at,u1_0.email,u1_0.enabled,u1_0.full_name,u1_0.password_hash,u1_0.profile_completed,u1_0.role,u1_0.updated_at,u1_0.verified_at,ws1_0.id,ws1_0.active,ws1_0.address,ws1_0.area,ws1_0.close_time,ws1_0.contact_email,ws1_0.created_at,ws1_0.description,ws1_0.design_signature,ws1_0.franchise_mood,ws1_0.highlight_summary,ws1_0.hours_text,ws1_0.latitude,ws1_0.longitude,ws1_0.name,ws1_0.open_time,ws1_0.personality,ws1_0.phone_number,ws1_0.position_label,ws1_0.slug,ws1_0.specialty,ws1_0.updated_at from users u1_0 left join stores ws1_0 on ws1_0.id=u1_0.working_store_id where u1_0.id=?
Hibernate: select sd1_0.id,sd1_0.available,sd1_0.created_at,sd1_0.dish_id,sd1_0.price_override,sd1_0.quantity,sd1_0.store_id,sd1_0.updated_at from store_dishes sd1_0 join stores s1_0 on s1_0.id=sd1_0.store_id join dishes d1_0 on d1_0.id=sd1_0.dish_id where s1_0.id=? and d1_0.id=?
Hibernate: select ip1_0.dish_id,ip1_0.sort_order,ip1_0.image_path from dish_image_paths ip1_0 where ip1_0.dish_id=?
Hibernate: select sd1_0.id,sd1_0.available,sd1_0.created_at,sd1_0.dish_id,sd1_0.price_override,sd1_0.quantity,sd1_0.store_id,sd1_0.updated_at from store_dishes sd1_0 join stores s1_0 on s1_0.id=sd1_0.store_id join dishes d1_0 on d1_0.id=sd1_0.dish_id where s1_0.id=? and d1_0.id=?
Hibernate: select ip1_0.dish_id,ip1_0.sort_order,ip1_0.image_path from dish_image_paths ip1_0 where ip1_0.dish_id=?
Hibernate: select sd1_0.id,sd1_0.available,sd1_0.created_at,sd1_0.dish_id,sd1_0.price_override,sd1_0.quantity,sd1_0.store_id,sd1_0.updated_at from store_dishes sd1_0 join stores s1_0 on s1_0.id=sd1_0.store_id join dishes d1_0 on d1_0.id=sd1_0.dish_id where s1_0.id=? and d1_0.id=?
Hibernate: select ip1_0.dish_id,ip1_0.sort_order,ip1_0.image_path from dish_image_paths ip1_0 where ip1_0.dish_id=?
Hibernate: select sd1_0.id,sd1_0.available,sd1_0.created_at,sd1_0.dish_id,sd1_0.price_override,sd1_0.quantity,sd1_0.store_id,sd1_0.updated_at from store_dishes sd1_0 join stores s1_0 on s1_0.id=sd1_0.store_id join dishes d1_0 on d1_0.id=sd1_0.dish_id where s1_0.id=? and d1_0.id=?
Hibernate: select ip1_0.dish_id,ip1_0.sort_order,ip1_0.image_path from dish_image_paths ip1_0 where ip1_0.dish_id=?
Hibernate: select us1_0.id,us1_0.created_at,us1_0.expires_at,us1_0.token,us1_0.user_id from user_sessions us1_0 where us1_0.token=?
Hibernate: select u1_0.id,u1_0.created_at,u1_0.email,u1_0.enabled,u1_0.full_name,u1_0.password_hash,u1_0.profile_completed,u1_0.role,u1_0.updated_at,u1_0.verified_at,ws1_0.id,ws1_0.active,ws1_0.address,ws1_0.area,ws1_0.close_time,ws1_0.contact_email,ws1_0.created_at,ws1_0.description,ws1_0.design_signature,ws1_0.franchise_mood,ws1_0.highlight_summary,ws1_0.hours_text,ws1_0.latitude,ws1_0.longitude,ws1_0.name,ws1_0.open_time,ws1_0.personality,ws1_0.phone_number,ws1_0.position_label,ws1_0.slug,ws1_0.specialty,ws1_0.updated_at from users u1_0 left join stores ws1_0 on ws1_0.id=u1_0.working_store_id where u1_0.id=?
Hibernate: select act1_0.id,act1_0.created_at,act1_0.last_message_at,act1_0.last_message_preview,act1_0.last_message_role,act1_0.message_count,act1_0.title,act1_0.updated_at,act1_0.user_id,u1_0.id,u1_0.created_at,u1_0.email,u1_0.enabled,u1_0.full_name,u1_0.password_hash,u1_0.profile_completed,u1_0.role,u1_0.updated_at,u1_0.verified_at,ws1_0.id,ws1_0.active,ws1_0.address,ws1_0.area,ws1_0.close_time,ws1_0.contact_email,ws1_0.created_at,ws1_0.description,ws1_0.design_signature,ws1_0.franchise_mood,ws1_0.highlight_summary,ws1_0.hours_text,ws1_0.latitude,ws1_0.longitude,ws1_0.name,ws1_0.open_time,ws1_0.personality,ws1_0.phone_number,ws1_0.position_label,ws1_0.slug,ws1_0.specialty,ws1_0.updated_at from ai_chat_threads act1_0 join users u1_0 on u1_0.id=act1_0.user_id left join stores ws1_0 on ws1_0.id=u1_0.working_store_id where act1_0.id=?
Hibernate: select acm1_0.id,acm1_0.actions_json,acm1_0.content,acm1_0.created_at,acm1_0.model,acm1_0.references_json,acm1_0.role,acm1_0.thread_id from ai_chat_messages acm1_0 join ai_chat_threads t1_0 on t1_0.id=acm1_0.thread_id where t1_0.id=? order by acm1_0.created_at,acm1_0.id
Hibernate: select us1_0.id,us1_0.created_at,us1_0.expires_at,us1_0.token,us1_0.user_id from user_sessions us1_0 where us1_0.token=?
Hibernate: select us1_0.id,us1_0.created_at,us1_0.expires_at,us1_0.token,us1_0.user_id from user_sessions us1_0 where us1_0.token=?
Hibernate: select u1_0.id,u1_0.created_at,u1_0.email,u1_0.enabled,u1_0.full_name,u1_0.password_hash,u1_0.profile_completed,u1_0.role,u1_0.updated_at,u1_0.verified_at,ws1_0.id,ws1_0.active,ws1_0.address,ws1_0.area,ws1_0.close_time,ws1_0.contact_email,ws1_0.created_at,ws1_0.description,ws1_0.design_signature,ws1_0.franchise_mood,ws1_0.highlight_summary,ws1_0.hours_text,ws1_0.latitude,ws1_0.longitude,ws1_0.name,ws1_0.open_time,ws1_0.personality,ws1_0.phone_number,ws1_0.position_label,ws1_0.slug,ws1_0.specialty,ws1_0.updated_at from users u1_0 left join stores ws1_0 on ws1_0.id=u1_0.working_store_id where u1_0.id=?
Hibernate: select u1_0.id,u1_0.created_at,u1_0.email,u1_0.enabled,u1_0.full_name,u1_0.password_hash,u1_0.profile_completed,u1_0.role,u1_0.updated_at,u1_0.verified_at,ws1_0.id,ws1_0.active,ws1_0.address,ws1_0.area,ws1_0.close_time,ws1_0.contact_email,ws1_0.created_at,ws1_0.description,ws1_0.design_signature,ws1_0.franchise_mood,ws1_0.highlight_summary,ws1_0.hours_text,ws1_0.latitude,ws1_0.longitude,ws1_0.name,ws1_0.open_time,ws1_0.personality,ws1_0.phone_number,ws1_0.position_label,ws1_0.slug,ws1_0.specialty,ws1_0.updated_at from users u1_0 left join stores ws1_0 on ws1_0.id=u1_0.working_store_id where u1_0.id=?
Hibernate: select count(un1_0.id) from user_notifications un1_0 join users u1_0 on u1_0.id=un1_0.user_id where u1_0.id=? and un1_0.read_at is null
Hibernate: select un1_0.id,un1_0.action_url,un1_0.created_at,un1_0.message,un1_0.read_at,un1_0.related_event_id,un1_0.related_event_slug,un1_0.related_news_id,un1_0.related_news_slug,un1_0.related_order_id,un1_0.related_store_id,un1_0.related_store_name,un1_0.title,un1_0.type,un1_0.user_id from user_notifications un1_0 join users u1_0 on u1_0.id=un1_0.user_id where u1_0.id=? order by un1_0.created_at desc limit ?
Hibernate: select count(un1_0.id) from user_notifications un1_0 join users u1_0 on u1_0.id=un1_0.user_id where u1_0.id=?
[INFO] ------------------------------------------------------------------------
[INFO] BUILD FAILURE
[INFO] ------------------------------------------------------------------------
[INFO] Total time:  07:13 min
[INFO] Finished at: 2026-04-11T11:57:03+07:00
[INFO] ------------------------------------------------------------------------
[ERROR] Failed to execute goal org.springframework.boot:spring-boot-maven-plugin:3.5.11:run (default-cli) on project registration-otp: Process terminated with exit code: -1 -> [Help 1]
[ERROR] 
[ERROR] To see the full stack trace of the errors, re-run Maven with the -e switch.
[ERROR] Re-run Maven using the -X switch to enable full debug logging.
[ERROR] 
[ERROR] For more information about the errors and possible solutions, please read the following articles:
[ERROR] [Help 1] http://cwiki.apache.org/confluence/display/MAVEN/MojoExecutionException
